{"type":"FeatureCollection","attribution":"River network © OpenStreetMap contributors (ODbL) via Overpass API","features":[{"type":"Feature","properties":{"name":"雅鲁藏布江 Brahmaputra","major":true},"geometry":{"type":"MultiLineString","coordinates":[[[95.1008,28.4979],[95.0935,28.4751],[95.1022,28.4575],[95.0907,28.4477],[95.0877,28.4316],[95.0663,28.4136],[95.0776,28.3958],[95.0695,28.3612],[95.0594,28.3529],[95.0364,28.3492],[95.0251,28.326],[95.0144,28.3423],[94.9955,28.3437],[94.9913,28.3385],[94.9991,28.3211],[94.9928,28.3134],[94.9626,28.3135],[94.9526,28.306],[94.9502,28.295],[94.9508,28.2854],[94.9613,28.2776],[94.9753,28.287],[94.9815,28.2852],[94.9895,28.243],[95.0056,28.2321],[95.0062,28.1951],[95.0245,28.1898],[95.0357,28.1724],[95.0576,28.1553]],[[95.0576,28.1553],[95.1145,28.1342],[95.1364,28.1337],[95.1619,28.1513],[95.1746,28.1529],[95.1872,28.1622],[95.2012,28.1619],[95.2024,28.1735],[95.2109,28.1777],[95.2209,28.1653],[95.2456,28.1676],[95.2521,28.1572],[95.2855,28.1424],[95.2918,28.1361],[95.2935,28.124],[95.2813,28.1133],[95.2825,28.103],[95.3182,28.0958],[95.3401,28.079]]]}},{"type":"Feature","properties":{"name":"Yamne River","major":false},"geometry":{"type":"LineString","coordinates":[[95.1846,28.3192],[95.1774,28.3052],[95.1784,28.2959],[95.1889,28.2945],[95.1865,28.2884],[95.1943,28.2809],[95.1939,28.2713],[95.2115,28.2588],[95.2061,28.254],[95.2151,28.2452],[95.2249,28.2168],[95.2202,28.2099],[95.2265,28.1964],[95.2201,28.1906],[95.2246,28.1781],[95.2149,28.1746]]}},{"type":"Feature","properties":{"name":"Sike River","major":false},"geometry":{"type":"MultiLineString","coordinates":[[[94.8957,28.2322],[94.9005,28.2302],[94.9093,28.238],[94.9264,28.2356],[94.9515,28.2405],[94.9922,28.2326],[94.9998,28.236]],[[94.6937,28.3765],[94.6805,28.3415],[94.6797,28.3274],[94.6946,28.2663],[94.6896,28.2506]],[[94.6896,28.2506],[94.6887,28.233],[94.7013,28.2176],[94.6973,28.2072],[94.7052,28.1971],[94.7169,28.2023],[94.735,28.1938],[94.7466,28.1984],[94.7614,28.1972],[94.7933,28.1761],[94.8228,28.1981],[94.8272,28.2109],[94.8438,28.228],[94.8508,28.2289],[94.8609,28.2197],[94.8837,28.2342],[94.8957,28.2322]]]}},{"type":"Feature","properties":{"name":"Barak River","major":true},"geometry":{"type":"MultiLineString","coordinates":[[[93.0234,24.7879],[92.991,24.7905],[92.978,24.786],[92.9574,24.7905],[92.9348,24.8095]],[[93.2053,24.7004],[93.2166,24.6991],[93.2046,24.6744],[93.2195,24.6709],[93.2178,24.6649],[93.2128,24.6679],[93.2081,24.6628],[93.2222,24.6383],[93.2205,24.6291],[93.2097,24.6275],[93.2172,24.5937],[93.2101,24.586],[93.2024,24.5866],[93.2061,24.5695],[93.1906,24.5703],[93.1971,24.5637],[93.1798,24.5445],[93.1716,24.52]],[[92.9348,24.8095],[92.9096,24.7931],[92.9032,24.7752],[92.9122,24.7605],[92.9091,24.7511]],[[93.1716,24.52],[93.167,24.5139],[93.1684,24.5044],[93.1599,24.4951],[93.1705,24.4921],[93.1652,24.4776],[93.1694,24.4704],[93.1627,24.4672],[93.1651,24.4597],[93.1585,24.453],[93.1523,24.431],[93.1311,24.4045],[93.1299,24.391],[93.1221,24.3812],[93.124,24.3746],[93.1093,24.372],[93.1032,24.3654],[93.0825,24.3263],[93.06,24.3016],[93.051,24.2845],[93.0526,24.2787],[93.0223,24.2539],[93.0254,24.2416],[93.0217,24.2359],[93.0155,24.2361],[93.0091,24.2437],[93.0031,24.2585],[93.0118,24.2711],[93.007,24.2777],[93.0077,24.2872],[93.0226,24.3025],[93.0404,24.3414],[93.0361,24.3464],[93.0175,24.3493],[93.0213,24.3739],[93.0185,24.3846],[93.0255,24.3903],[93.0082,24.4117],[93.0142,24.4173],[93.0163,24.4087],[93.0243,24.4072],[93.0422,24.4151],[93.0425,24.4212],[93.0326,24.4303],[93.0354,24.4608],[93.0451,24.4632],[93.0455,24.4757],[93.0317,24.4964],[93.0421,24.5044],[93.0372,24.5118],[93.0496,24.519],[93.0462,24.5288],[93.0545,24.5531],[93.0596,24.5546],[93.0646,24.547],[93.0704,24.5579],[93.0582,24.5754],[93.0768,24.5756],[93.0831,24.5709],[93.0923,24.581],[93.1045,24.5834],[93.0928,24.592],[93.0794,24.5904],[93.0707,24.6001],[93.084,24.614],[93.076,24.6248],[93.0866,24.6273],[93.0837,24.6493],[93.0951,24.6521],[93.1044,24.6754],[93.1024,24.6804],[93.0898,24.6775],[93.0915,24.6871],[93.0732,24.7079],[93.0769,24.7127]],[[93.0769,24.7127],[93.082,24.7185],[93.0775,24.7247],[93.044,24.7305],[93.0324,24.7726]],[[93.0324,24.7726],[93.0312,24.7828],[93.0234,24.7879]],[[93.2956,24.7053],[93.2948,24.7039]],[[93.3314,24.7652],[93.3289,24.763]]]}},{"type":"Feature","properties":{"name":"Makru River","major":false},"geometry":{"type":"MultiLineString","coordinates":[[[93.3741,25.0465],[93.3696,25.0347],[93.3739,25.0249],[93.3665,25.0227],[93.3638,25.0275],[93.3665,25.0158],[93.3594,25.0172],[93.3473,24.9887],[93.3444,24.9861],[93.3407,24.9909],[93.3429,24.996],[93.3261,24.9938],[93.3162,24.9671],[93.3038,24.9676],[93.2972,24.9484],[93.2924,24.9469],[93.2903,24.9384],[93.3044,24.928],[93.2973,24.9252],[93.2907,24.9121],[93.2942,24.9086],[93.288,24.8978],[93.2909,24.8964],[93.2851,24.8949],[93.283,24.8838],[93.2781,24.8824],[93.2597,24.8486],[93.2501,24.8194],[93.2383,24.8051],[93.2411,24.8013],[93.2309,24.7862],[93.2356,24.7731],[93.2336,24.7525],[93.2252,24.7387],[93.2227,24.7222],[93.219,24.7248],[93.2165,24.7177],[93.2016,24.7104],[93.2009,24.7028],[93.2053,24.7004]],[[93.5012,25.2712],[93.4794,25.2458],[93.4501,25.2377],[93.4498,25.2311],[93.4446,25.2307],[93.4407,25.2208],[93.4336,25.2174],[93.4326,25.2078],[93.4244,25.2053],[93.427,25.1908],[93.4211,25.1865],[93.4203,25.1729],[93.4138,25.1707],[93.4118,25.164],[93.4213,25.1537],[93.4228,25.1382],[93.417,25.1377],[93.4131,25.1224],[93.4065,25.118],[93.4033,25.1051],[93.4065,25.097],[93.3975,25.0901],[93.3967,25.0794],[93.3863,25.0719],[93.3886,25.0683],[93.3844,25.0663],[93.3912,25.0553],[93.3814,25.0543],[93.3741,25.0465]],[[93.3537,25.0083],[93.3536,25.0067]]]}},{"type":"Feature","properties":{"name":"Barāk River","major":false},"geometry":{"type":"MultiLineString","coordinates":[[[93.8054,25.4628],[93.7855,25.4467],[93.7834,25.4344],[93.772,25.4265],[93.7748,25.4205],[93.7677,25.4209],[93.7649,25.4149],[93.7413,25.4034],[93.7339,25.3931],[93.7334,25.3823],[93.7142,25.3711],[93.7095,25.358],[93.6854,25.3605],[93.6809,25.3289],[93.6638,25.3258],[93.6673,25.3116],[93.6571,25.3041],[93.6598,25.2991],[93.6441,25.2763],[93.6452,25.267],[93.6366,25.2634],[93.6279,25.2488],[93.6223,25.2319],[93.6081,25.2139],[93.6103,25.204],[93.6051,25.2027],[93.6047,25.1967],[93.586,25.187],[93.5846,25.1789],[93.5706,25.1672],[93.512,25.1559],[93.5028,25.1419],[93.4913,25.1402],[93.4877,25.1304],[93.4788,25.1258],[93.4692,25.1072],[93.4756,25.0953],[93.4707,25.0875],[93.4785,25.0866],[93.4742,25.0812],[93.4743,25.0627],[93.4655,25.0584],[93.461,25.0381],[93.4568,25.0389],[93.4585,25.0436],[93.4512,25.0438],[93.4428,25.0211],[93.4495,25.0161],[93.4379,25.0115],[93.4372,24.9927],[93.4274,24.9895],[93.4272,24.9754],[93.4198,24.9754],[93.414,24.9564],[93.4081,24.9589],[93.405,24.9417],[93.398,24.9413],[93.3928,24.9315],[93.3952,24.9207],[93.3895,24.9129],[93.4007,24.8994],[93.3975,24.8879],[93.3897,24.8825],[93.4019,24.8678],[93.3974,24.8405],[93.407,24.8289],[93.4005,24.8252],[93.4032,24.8186],[93.3985,24.812],[93.3839,24.8213],[93.3632,24.8196],[93.3572,24.8006],[93.3605,24.7891],[93.3528,24.7791],[93.3593,24.7656],[93.3465,24.7596],[93.3295,24.7648],[93.3286,24.7573],[93.335,24.7474],[93.3184,24.7302],[93.3329,24.728],[93.3348,24.7197],[93.3258,24.7167],[93.3133,24.6994],[93.295,24.7049],[93.2944,24.6778],[93.2744,24.667],[93.2567,24.6684],[93.2301,24.6813],[93.221,24.7073],[93.2087,24.7093],[93.2053,24.7004]],[[92.6878,24.8364],[92.6663,24.846],[92.6523,24.8308],[92.6387,24.8271],[92.6407,24.8447],[92.6347,24.8562],[92.6192,24.8586],[92.6,24.8695],[92.5988,24.8811],[92.5766,24.8748],[92.5543,24.8779],[92.5275,24.8629],[92.5226,24.8649],[92.5172,24.8815],[92.4891,24.8759]],[[92.9091,24.7511],[92.9015,24.7514],[92.8719,24.7728],[92.8408,24.7505],[92.8311,24.77],[92.8332,24.7869],[92.8152,24.7849],[92.8135,24.7968],[92.822,24.8074],[92.8306,24.7949],[92.8358,24.7961],[92.8439,24.807],[92.848,24.825],[92.8621,24.8261],[92.8624,24.8294],[92.8359,24.8351],[92.8259,24.8317],[92.8204,24.8231],[92.8068,24.8244],[92.8059,24.8325],[92.8166,24.8428],[92.8099,24.8467],[92.8012,24.8438],[92.7939,24.8331],[92.7843,24.834],[92.782,24.8496],[92.7673,24.8536],[92.7691,24.8682],[92.7576,24.859],[92.7417,24.8743],[92.7304,24.8969],[92.7313,24.9128],[92.7251,24.916]],[[94.0402,25.3046],[94.0435,25.3094],[94.0399,25.3136],[94.0459,25.3179],[94.0455,25.3264],[94.0514,25.328],[94.0482,25.3345],[94.0729,25.3879],[94.0688,25.3886],[94.0705,25.3987],[94.0635,25.4072],[94.0559,25.4084],[94.0565,25.4121],[94.0374,25.4088],[94.0285,25.4244],[94.018,25.4249],[94.014,25.4301],[94.0087,25.4277],[94.011,25.4204],[93.9996,25.4203],[93.9966,25.4308],[93.9889,25.4193],[93.9747,25.4181],[93.9641,25.4253]],[[92.7251,24.916],[92.7159,24.9114],[92.7013,24.8816],[92.7055,24.8735],[92.7204,24.8757],[92.7298,24.8682],[92.7176,24.8605],[92.7017,24.8691],[92.6889,24.8644],[92.6818,24.848],[92.6978,24.8366],[92.6878,24.8364]],[[93.9641,25.4253],[93.9571,25.4297],[93.9606,25.4405],[93.943,25.4501],[93.9407,25.4583],[93.931,25.4631],[93.9296,25.4758],[93.9173,25.4826],[93.8578,25.4868],[93.8312,25.475],[93.8222,25.4611],[93.8054,25.4628]]]}},{"type":"Feature","properties":{"name":"Dzükou River","major":false},"geometry":{"type":"LineString","coordinates":[[93.8883,25.565],[93.8609,25.5534],[93.8393,25.5567],[93.8354,25.5614],[93.828,25.5532],[93.8215,25.5536],[93.8165,25.54],[93.8047,25.5418],[93.7736,25.5332],[93.7655,25.538],[93.7673,25.5187],[93.7594,25.5122],[93.7608,25.4967],[93.7662,25.4936],[93.7871,25.5037],[93.8008,25.4969],[93.81,25.4822],[93.8054,25.4628]]}},{"type":"Feature","properties":{"name":"Raidak 2","major":false},"geometry":{"type":"MultiLineString","coordinates":[[[89.7627,26.3999],[89.7875,26.3731],[89.7842,26.3482],[89.8012,26.3157]],[[89.7582,26.7051],[89.7588,26.6843],[89.7794,26.6252],[89.7933,26.6145],[89.8019,26.5887],[89.8183,26.5716],[89.8174,26.562],[89.8016,26.5417],[89.7987,26.4986],[89.7884,26.478]],[[89.7681,26.4417],[89.77,26.438],[89.7635,26.4299],[89.7724,26.4157],[89.7627,26.3999]],[[89.7884,26.478],[89.767,26.4539],[89.7681,26.4417]]]}},{"type":"Feature","properties":{"name":"Gangadhar","major":false},"geometry":{"type":"MultiLineString","coordinates":[[[89.8012,26.3157],[89.8092,26.3062],[89.8297,26.3033],[89.846,26.2834],[89.844,26.2656],[89.8478,26.2599],[89.8409,26.2496],[89.8279,26.2445],[89.8088,26.2154],[89.8028,26.1907],[89.8097,26.1473],[89.8047,26.1342],[89.8206,26.1094],[89.8193,26.0875],[89.8321,26.0585],[89.8332,26.0238],[89.8403,26.0232],[89.8317,26.0083],[89.8312,25.9992],[89.8387,25.9969],[89.8299,25.9809],[89.8362,25.9807]],[[89.7996,25.9175],[89.8059,25.8974],[89.7963,25.8855],[89.7802,25.8823],[89.7702,25.8661],[89.7711,25.8512],[89.7538,25.8284],[89.7488,25.7814]],[[89.8018,25.9421],[89.7976,25.9192],[89.7824,25.9121]],[[89.7824,25.9121],[89.7692,25.8979],[89.7486,25.8858],[89.7495,25.8492],[89.7456,25.8431],[89.7335,25.8413],[89.7381,25.83],[89.7529,25.8226]],[[89.8362,25.9807],[89.8392,25.9718],[89.8308,25.9623],[89.8056,25.9596]],[[89.8009,25.9552],[89.8018,25.9421]]]}},{"type":"Feature","properties":{"name":"Sankosh River","major":true},"geometry":{"type":"MultiLineString","coordinates":[[[89.8778,26.6798],[89.8907,26.6683],[89.8843,26.6467],[89.8912,26.6405],[89.8853,26.617],[89.8917,26.6074],[89.8845,26.599],[89.8888,26.5866],[89.8843,26.5831]],[[89.862,26.7017],[89.867,26.6865],[89.8778,26.6798],[89.8704,26.6396],[89.8592,26.6258],[89.8617,26.6127],[89.8577,26.6051],[89.8624,26.5824],[89.8592,26.5727],[89.8474,26.5679],[89.8457,26.5599],[89.8538,26.5559],[89.8566,26.5453],[89.8465,26.5401],[89.8508,26.5267],[89.8604,26.5257],[89.8565,26.511],[89.8605,26.5003],[89.8563,26.4946],[89.861,26.4902],[89.8562,26.478],[89.8603,26.47]],[[89.8858,26.5789],[89.8917,26.5645],[89.8859,26.5601],[89.8938,26.5561],[89.8836,26.5507],[89.8875,26.5405]],[[89.8806,26.538],[89.8584,26.5145]],[[89.8812,26.5305],[89.8782,26.5297]],[[89.8752,26.5126],[89.8798,26.5074],[89.8763,26.5022],[89.8795,26.496],[89.8716,26.4768],[89.8573,26.4587]],[[89.8917,26.6074],[89.8888,26.5915],[89.8956,26.5846],[89.8922,26.5754]],[[89.8737,26.6691],[89.8806,26.6496],[89.8687,26.6287],[89.8858,26.5789]],[[89.8858,26.5789],[89.9004,26.5667],[89.9016,26.555],[89.8897,26.5397],[89.881,26.539],[89.8752,26.5249],[89.8781,26.5169],[89.8676,26.5079],[89.868,26.4825],[89.8617,26.4788],[89.8638,26.4753],[89.8564,26.4622],[89.8636,26.4256],[89.8483,26.4128],[89.8476,26.4023],[89.8345,26.3997],[89.812,26.3777],[89.813,26.3487],[89.7964,26.3353],[89.8034,26.3207],[89.8012,26.3157]],[[89.8875,26.5405],[89.8812,26.5305],[89.8847,26.5232],[89.8773,26.5182]]]}},{"type":"Feature","properties":{"name":"Puna Tsang Chhu","major":false},"geometry":{"type":"MultiLineString","coordinates":[[[90.0416,26.9276],[90.0423,26.9198],[90.0329,26.9124]],[[90.0329,26.9124],[90.0227,26.9144],[90.0103,26.9036],[90.0137,26.8917]],[[89.9555,27.3096],[89.965,27.3005],[89.9997,27.2888],[90.0023,27.2831],[90.0405,27.2714],[90.0381,27.2624],[90.0441,27.2592],[90.0447,27.252],[90.0514,27.2505],[90.0541,27.2421],[90.0626,27.2405],[90.0695,27.2301],[90.0718,27.2159],[90.0675,27.21],[90.0723,27.1969],[90.0686,27.1575],[90.0732,27.1508],[90.0646,27.1314],[90.072,27.1219],[90.0683,27.0924],[90.0726,27.0877]],[[90.0745,27.078],[90.0666,27.0611],[90.0758,27.056],[90.0692,27.0044]],[[90.0049,26.8665],[89.9958,26.8674],[89.9902,26.8569],[89.9797,26.855],[89.9627,26.8426],[89.9671,26.8331],[89.9714,26.8335],[89.971,26.84],[89.9771,26.8365],[89.9746,26.8308],[89.988,26.8336],[89.9897,26.8293],[89.9751,26.8244],[89.9777,26.8148],[89.9666,26.8202],[89.9582,26.8174],[89.9547,26.8103],[89.9429,26.8118],[89.9398,26.805],[89.943,26.799]],[[89.8863,27.514],[89.8869,27.5064]],[[89.8947,26.7438],[89.8875,26.7467],[89.8818,26.7418]],[[89.8608,26.7296],[89.8662,26.7217],[89.8637,26.7135]],[[89.8627,26.7152],[89.8616,26.7056]],[[89.8582,26.7365],[89.8658,26.7339],[89.866,26.7224]],[[89.9041,27.4261],[89.9062,27.416]],[[89.866,27.5781],[89.8719,27.5746],[89.8748,27.553],[89.8706,27.5406],[89.8822,27.5273],[89.8868,27.5051],[89.8956,27.4933],[89.8957,27.4705],[89.9075,27.4553],[89.9041,27.4261]],[[89.9062,27.416],[89.9042,27.3966],[89.9153,27.3475],[89.9494,27.313]],[[90.0631,26.9519],[90.0554,26.9404],[90.0452,26.9356]],[[90.0692,27.0044],[90.0689,26.9884],[90.073,26.9868],[90.0691,26.9809],[90.073,26.9763],[90.0687,26.9717]],[[90.0726,27.0877],[90.0745,27.078]],[[89.943,26.799],[89.9487,26.7916],[89.9437,26.7876],[89.9452,26.7789],[89.9375,26.7831],[89.918,26.7755],[89.9273,26.7686],[89.9256,26.7554],[89.9056,26.7586],[89.8931,26.743],[89.8739,26.7395],[89.8642,26.7435],[89.8584,26.7381],[89.8608,26.7296]],[[90.0667,26.9693],[90.0631,26.9519]],[[89.8608,26.7296],[89.8594,26.7242]],[[89.8594,26.7242],[89.8633,26.718],[89.862,26.7017]],[[89.8613,26.7279],[89.8594,26.7242]],[[90.0137,26.8917],[90.0118,26.8818],[90.0061,26.8808],[90.011,26.8708],[90.0049,26.8665]],[[90.0687,26.9717],[90.0667,26.9693]],[[90.0452,26.9356],[90.0416,26.9276]]]}},{"type":"Feature","properties":{"name":"Raydak-II River","major":false},"geometry":{"type":"LineString","coordinates":[[89.7704,26.7047],[89.7809,26.6891],[89.7818,26.6691],[89.794,26.6604],[89.7965,26.6376],[89.8146,26.6109],[89.81,26.5797]]}},{"type":"Feature","properties":{"name":"Wang Chhu","major":false},"geometry":{"type":"LineString","coordinates":[[89.7588,26.6843],[89.7577,26.6551],[89.7453,26.6399],[89.7369,26.6375],[89.7282,26.6224],[89.7247,26.5977],[89.7278,26.5845],[89.717,26.5661],[89.7223,26.553],[89.7196,26.5494],[89.7246,26.5455],[89.7172,26.5408],[89.7239,26.5326],[89.7347,26.5358],[89.7325,26.5283],[89.7239,26.525],[89.721,26.5074],[89.7094,26.511],[89.7047,26.503],[89.6987,26.5042],[89.7018,26.4946],[89.6914,26.4836],[89.6915,26.4685],[89.687,26.4651],[89.6784,26.4693],[89.6748,26.4637],[89.6827,26.4518],[89.6569,26.4455],[89.6517,26.437],[89.6469,26.4443],[89.6414,26.4404],[89.6459,26.4267],[89.6411,26.4245],[89.6485,26.4219],[89.6458,26.4145],[89.6494,26.4073],[89.6567,26.4107],[89.6587,26.404],[89.6637,26.403],[89.6537,26.398],[89.6529,26.3917],[89.6614,26.3857],[89.6665,26.3926],[89.6747,26.3834],[89.6665,26.3723],[89.6586,26.3732],[89.6616,26.3675],[89.6743,26.3665],[89.6811,26.3337],[89.6763,26.3279],[89.6874,26.3215],[89.6802,26.3186],[89.6783,26.3119],[89.6703,26.3116],[89.6833,26.3027],[89.6779,26.2995],[89.6793,26.293],[89.671,26.296],[89.6687,26.2923],[89.6737,26.2891],[89.6807,26.265],[89.6931,26.2684],[89.7,26.2541],[89.6963,26.2442],[89.7134,26.2355],[89.7031,26.2285],[89.7131,26.2229],[89.7122,26.2194],[89.6932,26.2227],[89.7002,26.2032]]}},{"type":"Feature","properties":{"name":"Dharla","major":false},"geometry":{"type":"LineString","coordinates":[[89.6674,25.8706],[89.6647,25.8554],[89.6521,25.8447],[89.6625,25.8235],[89.677,25.8139],[89.6889,25.791],[89.6866,25.784],[89.6574,25.7752],[89.6582,25.7688],[89.6745,25.7577],[89.7086,25.7642],[89.7156,25.754],[89.7149,25.741],[89.7287,25.7263]]}},{"type":"Feature","properties":{"name":"Guruphella River","major":false},"geometry":{"type":"MultiLineString","coordinates":[[[90.0439,26.5052],[90.0485,26.4979],[90.0564,26.4996],[90.0564,26.5054],[90.0676,26.5029],[90.061,26.4944],[90.0666,26.4929],[90.0626,26.489],[90.0678,26.488],[90.0678,26.4779],[90.0733,26.4796],[90.0736,26.4714],[90.0853,26.4692],[90.0777,26.4644],[90.0798,26.4587],[90.0716,26.4594],[90.0732,26.455],[90.067,26.453],[90.0703,26.444],[90.0645,26.4431],[90.0545,26.4225],[90.0466,26.4218],[90.0422,26.4157],[90.0365,26.4184],[90.0342,26.4131]],[[89.9969,26.6206],[90.0017,26.6034],[90.009,26.6056],[90.005,26.5883],[90.009,26.5835],[90.0048,26.5803],[90.0105,26.5749],[90.0037,26.5649],[90.0154,26.5578],[90.0082,26.5491],[90.0174,26.5465],[90.0073,26.5388],[90.022,26.5382],[90.0239,26.5305],[90.0331,26.5321],[90.0314,26.5242],[90.0372,26.5227],[90.038,26.5163],[90.0473,26.5142],[90.0485,26.5077],[90.0439,26.5052]]]}},{"type":"Feature","properties":{"name":"Gongiya River","major":false},"geometry":{"type":"LineString","coordinates":[[90.1064,26.5417],[90.0997,26.5206],[90.1007,26.512],[90.1076,26.5056],[90.1043,26.4955],[90.1094,26.4928],[90.0956,26.4744],[90.1006,26.4677],[90.0976,26.4615],[90.1072,26.4621],[90.1036,26.4409],[90.1155,26.4312],[90.1125,26.4207],[90.1166,26.4043],[90.1045,26.3973],[90.1151,26.3899],[90.1111,26.3679],[90.1,26.36],[90.1076,26.3532],[90.1128,26.3602],[90.119,26.36],[90.1213,26.3501],[90.1068,26.3443]]}},{"type":"Feature","properties":{"name":"Sarpang Chhu","major":false},"geometry":{"type":"LineString","coordinates":[[90.2493,26.9671],[90.2522,26.9601],[90.2727,26.9531],[90.2851,26.9417],[90.2863,26.9259],[90.2719,26.917],[90.2772,26.8973],[90.2709,26.8972],[90.2713,26.8822],[90.2567,26.8597]]}},{"type":"Feature","properties":{"name":"Kholong Chhu","major":false},"geometry":{"type":"MultiLineString","coordinates":[[[91.475,27.6405],[91.4934,27.6193],[91.4908,27.6145],[91.495,27.6073],[91.4902,27.5976],[91.503,27.5611],[91.5147,27.5453],[91.5107,27.528],[91.514,27.5173],[91.5381,27.4909],[91.5545,27.4518],[91.5742,27.4335]],[[91.4289,27.7589],[91.4297,27.7569]],[[91.4327,27.8324],[91.4246,27.7748],[91.4289,27.7589]],[[91.4297,27.7569],[91.4231,27.7015],[91.4428,27.6683],[91.475,27.6405]]]}},{"type":"Feature","properties":{"name":"Nyukcherong","major":false},"geometry":{"type":"LineString","coordinates":[[92.1501,27.8149],[92.1276,27.804],[92.1104,27.7879],[92.1047,27.7736],[92.0823,27.7545],[92.0621,27.7459],[92.0404,27.7223]]}},{"type":"Feature","properties":{"name":"Kuri chu","major":false},"geometry":{"type":"LineString","coordinates":[[91.2064,27.3515],[91.21,27.3126],[91.2065,27.2968],[91.1921,27.2718],[91.1973,27.2512],[91.192,27.2464],[91.1917,27.238]]}},{"type":"Feature","properties":{"name":"Drangme Chhu","major":false},"geometry":{"type":"MultiLineString","coordinates":[[[91.2365,27.0496],[91.233,27.0387],[91.2215,27.032],[91.2227,27.0207],[91.2156,27.0162],[91.2143,27.0052],[91.1929,26.9861],[91.1914,26.9668],[91.1754,26.9596],[91.1818,26.9299],[91.1672,26.9242],[91.1689,26.916],[91.1625,26.8992],[91.1668,26.89],[91.1591,26.8833],[91.1427,26.8798],[91.1294,26.8677],[91.1056,26.8815],[91.0909,26.8736],[91.0896,26.8818],[91.083,26.8751],[91.0449,26.8619],[91.0341,26.8661],[91.0082,26.8596],[90.9815,26.8614],[90.959,26.8515],[90.9492,26.8371]],[[91.6852,27.5001],[91.6813,27.4936],[91.6708,27.4926],[91.633,27.4736],[91.6197,27.4731],[91.6076,27.4635],[91.601,27.4702],[91.5934,27.461],[91.5918,27.4448],[91.5811,27.4417],[91.5742,27.4335]],[[91.5515,27.3491],[91.5455,27.3365],[91.5213,27.3156],[91.4656,27.293]],[[91.4104,27.2533],[91.3905,27.2298],[91.3938,27.2174],[91.3896,27.2053],[91.3942,27.1965],[91.3793,27.1907],[91.3755,27.1692],[91.3578,27.152],[91.3618,27.1418],[91.3576,27.1389],[91.3673,27.1231],[91.3567,27.1218],[91.3556,27.1157],[91.3475,27.113],[91.3517,27.1045],[91.3415,27.1027],[91.3418,27.0808]],[[91.5742,27.4335],[91.5655,27.4296],[91.5601,27.4107],[91.5521,27.4012],[91.5493,27.3906],[91.5587,27.3882]],[[91.5587,27.3882],[91.559,27.3655],[91.5515,27.3491]],[[91.3418,27.0808],[91.3309,27.0752],[91.3105,27.0782],[91.3056,27.0684],[91.2984,27.0714],[91.279,27.0567],[91.2645,27.0584],[91.2365,27.0496]],[[91.4656,27.293],[91.456,27.2816],[91.4463,27.2803],[91.442,27.2718],[91.4212,27.2687],[91.4104,27.2533]]]}},{"type":"Feature","properties":{"name":"Bholkaduba","major":false},"geometry":{"type":"MultiLineString","coordinates":[[[90.9492,26.8371],[90.9382,26.8258],[90.9359,26.808],[90.9531,26.8102],[90.9542,26.8018],[90.9649,26.7928],[90.9573,26.7841]],[[90.9235,26.7376],[90.9252,26.7111],[90.9027,26.659],[90.9077,26.6439],[90.9026,26.6331],[90.9081,26.6274],[90.908,26.6093],[90.9035,26.6009],[90.8959,26.6025],[90.8877,26.5873],[90.8915,26.5591],[90.8854,26.5507],[90.9112,26.5276],[90.9168,26.5066]],[[90.9535,26.7741],[90.9235,26.7376]],[[90.9411,26.7831],[90.9381,26.7705],[90.9209,26.7554],[90.9184,26.7417],[90.9235,26.7376]],[[90.9573,26.7841],[90.9526,26.7847]],[[90.9526,26.7847],[90.9502,26.7843]],[[90.9502,26.7843],[90.9436,26.7844]],[[90.9436,26.7844],[90.942,26.7839]],[[90.942,26.7839],[90.9411,26.7831]]]}},{"type":"Feature","properties":{"name":"Beki","major":true},"geometry":{"type":"MultiLineString","coordinates":[[[90.9802,26.6561],[90.9883,26.6307],[90.9684,26.6031],[90.9776,26.5937],[90.9721,26.5528],[90.9375,26.5403],[90.9281,26.5278],[90.9248,26.5131],[90.9168,26.5066]],[[90.9168,26.5066],[90.924,26.4818],[90.9219,26.4592],[90.9206,26.4541],[90.9087,26.4492],[90.9157,26.3763],[90.8878,26.3275],[90.8878,26.3178],[90.8991,26.3071],[90.9003,26.2846],[90.8618,26.2605],[90.8408,26.2642],[90.8316,26.2502],[90.8045,26.2481],[90.8004,26.2564],[90.7676,26.2542],[90.7414,26.2338],[90.7044,26.2255],[90.6755,26.1898]],[[90.9573,26.7841],[90.9538,26.7702],[90.9699,26.7655],[90.9694,26.7504],[90.9802,26.7328],[90.9738,26.7117],[90.9743,26.6937],[90.9831,26.6776],[90.9802,26.6561]]]}},{"type":"Feature","properties":{"name":"Mo Chhu","major":false},"geometry":{"type":"MultiLineString","coordinates":[[[89.7146,28.0545],[89.7216,28.0257],[89.7447,27.9851],[89.7664,27.9606],[89.77,27.9434],[89.7648,27.9097],[89.733,27.882],[89.7316,27.8519],[89.7404,27.8134],[89.7314,27.7917]],[[89.7314,27.7917],[89.7265,27.7688],[89.7294,27.755],[89.7373,27.7408],[89.7661,27.711],[89.7764,27.685],[89.7733,27.673],[89.7772,27.6682],[89.7767,27.6515],[89.7984,27.6376],[89.8042,27.6398],[89.8168,27.6308],[89.8278,27.6296],[89.8331,27.6199],[89.8548,27.6034],[89.866,27.5781]]]}},{"type":"Feature","properties":{"name":"Gango river","major":false},"geometry":{"type":"LineString","coordinates":[[95.6925,28.2622],[95.6824,28.2297],[95.6746,28.1639],[95.665,28.14],[95.6673,28.1154],[95.6614,28.0996],[95.6633,28.0908],[95.6567,28.0874],[95.6506,28.0754],[95.6532,28.0707],[95.6434,28.0661],[95.6392,28.0511],[95.6266,28.0373],[95.6098,27.983],[95.5995,27.9801],[95.5963,27.9674],[95.5845,27.9676],[95.5857,27.9486],[95.5743,27.9459],[95.572,27.938],[95.5926,27.9346],[95.5842,27.9074],[95.5675,27.902],[95.5558,27.8704],[95.5445,27.8636],[95.5395,27.8487],[95.5256,27.8439],[95.5306,27.8278],[95.5153,27.8256],[95.4974,27.8127],[95.4952,27.8053]]}},{"type":"Feature","properties":{"name":"Kundil River","major":false},"geometry":{"type":"LineString","coordinates":[[96.0301,28.1493],[96.0059,28.1288],[96.0027,28.1021],[95.9763,28.0844],[95.9764,28.0563],[95.9622,28.0019],[95.9542,27.981],[95.9365,27.9573],[95.9346,27.9468],[95.927,27.944],[95.9208,27.9502],[95.9088,27.9392],[95.8848,27.9341],[95.8745,27.9272],[95.8518,27.9338],[95.848,27.9301],[95.8385,27.9316],[95.8288,27.9438],[95.815,27.9425],[95.8063,27.9312],[95.7931,27.9279],[95.7877,27.8965],[95.7631,27.8795],[95.763,27.8694],[95.7475,27.8634],[95.7352,27.8648],[95.7442,27.8532],[95.7263,27.8506],[95.729,27.838],[95.7185,27.8375],[95.7125,27.8462],[95.6989,27.8356],[95.6909,27.839],[95.6744,27.8351],[95.6587,27.8195],[95.6313,27.8159],[95.6268,27.7949]]}},{"type":"Feature","properties":{"name":"Uru River","major":false},"geometry":{"type":"LineString","coordinates":[[94.5106,24.5098],[94.5225,24.4862],[94.5124,24.4793],[94.5203,24.4789],[94.5211,24.4745],[94.5116,24.4708],[94.5129,24.4648],[94.505,24.464],[94.5053,24.4567],[94.4972,24.4553],[94.4979,24.446],[94.4877,24.4447],[94.489,24.4357],[94.4828,24.4332],[94.4847,24.4195],[94.475,24.4215],[94.4684,24.4042],[94.4631,24.4082],[94.4587,24.4004],[94.4584,24.3874],[94.4692,24.3871],[94.4607,24.3804],[94.4648,24.3742],[94.4592,24.3669],[94.4655,24.3597],[94.4513,24.3605],[94.4615,24.3345],[94.45,24.3306],[94.4444,24.3351],[94.4446,24.3237],[94.4402,24.3187],[94.4545,24.3105],[94.4438,24.298],[94.4465,24.29],[94.4425,24.2839],[94.449,24.2819],[94.4424,24.2769],[94.431,24.28],[94.4225,24.277],[94.4208,24.2492],[94.4069,24.2366],[94.4014,24.2407],[94.4028,24.2306],[94.3946,24.2244],[94.41,24.2168],[94.4017,24.2084],[94.3925,24.2075],[94.3998,24.1986],[94.3879,24.1929],[94.3937,24.186],[94.3823,24.1886],[94.3737,24.1855],[94.3725,24.1782],[94.3642,24.1788],[94.3706,24.1673],[94.3599,24.164],[94.3579,24.1551],[94.3661,24.1515],[94.3663,24.1401],[94.3602,24.1358],[94.3597,24.1277],[94.3499,24.1267],[94.3457,24.117],[94.3482,24.1129],[94.3568,24.1154],[94.3474,24.1073],[94.3421,24.1129],[94.338,24.1034],[94.3318,24.1031],[94.3406,24.0938],[94.3258,24.0888],[94.3386,24.0844],[94.3245,24.0837],[94.3185,24.0665],[94.3116,24.068],[94.3043,24.0608],[94.305,24.0457],[94.2942,24.0325],[94.3029,24.0243],[94.317,24.025],[94.3196,24.0161],[94.3362,24.0113],[94.3077,23.9957],[94.3157,23.9806],[94.3246,23.983],[94.322,23.9902],[94.3275,23.9953],[94.3263,24.001],[94.338,24.0039],[94.3478,24.0006],[94.358,24.0078],[94.359,24.025],[94.3621,24.015],[94.3803,24.0043],[94.4005,24.0031],[94.4222,24.0131],[94.4256,24.0067],[94.41,23.9756],[94.4127,23.9661],[94.4376,23.9763],[94.4685,23.9444],[94.4783,23.94],[94.4992,23.9432],[94.5126,23.9273],[94.5064,23.9163],[94.5092,23.909],[94.5436,23.8975],[94.5399,23.8899]]}},{"type":"Feature","properties":{"name":"ချင်းတွင်းမြစ်","major":false},"geometry":{"type":"LineString","coordinates":[[96.3333,26.5949],[96.3183,26.586],[96.3208,26.5711],[96.3138,26.5624],[96.3011,26.5628],[96.2882,26.5724],[96.3064,26.6245],[96.3028,26.6357],[96.2903,26.6415],[96.2737,26.6351],[96.2683,26.6266],[96.2665,26.6199],[96.2707,26.6144],[96.2852,26.6071],[96.2653,26.5981],[96.2667,26.5896],[96.2564,26.5721],[96.2499,26.5737],[96.2409,26.59],[96.2277,26.5938],[96.2318,26.5787],[96.2292,26.5576],[96.2451,26.54],[96.2562,26.4839],[96.2492,26.4755],[96.242,26.5033],[96.2377,26.5057],[96.2329,26.4982],[96.2376,26.4758],[96.2249,26.4499],[96.236,26.4279],[96.2371,26.4122],[96.2141,26.359],[96.1931,26.3482],[96.1656,26.3546],[96.1513,26.3513],[96.1389,26.3369],[96.1425,26.3262],[96.1749,26.3087],[96.1803,26.2781],[96.1651,26.2688],[96.1236,26.2631],[96.1109,26.2715],[96.1047,26.2882],[96.0953,26.2911],[96.0777,26.284],[96.0692,26.2679],[96.0373,26.2653],[96.0311,26.2345],[96.0242,26.224],[96.0314,26.2107],[96.0272,26.1963],[96.0103,26.1979],[95.9763,26.1636],[95.9568,26.1616],[95.9444,26.1522],[95.9164,26.094],[95.9011,26.0888],[95.8872,26.0753],[95.8882,26.0427],[95.8785,26.0268],[95.8783,26.0117],[95.8735,26.0048],[95.8685,26.0048],[95.8618,26.0139],[95.8412,26.0132],[95.8264,26.0227],[95.8186,26.0317],[95.8123,26.0555],[95.7979,26.0707],[95.7791,26.0317],[95.7487,26.0231],[95.7211,26.031],[95.7115,26.0282],[95.707,26.0182],[95.715,25.9926],[95.7098,25.9833],[95.7042,25.9865],[95.694,26.009],[95.677,26.0196],[95.6658,26.0183],[95.6509,26.0047],[95.6481,25.9527],[95.6036,25.9466],[95.5953,25.9336],[95.5885,25.8993],[95.5969,25.8899],[95.5731,25.876],[95.5788,25.8675],[95.5886,25.866],[95.5869,25.8427],[95.5251,25.8142],[95.5226,25.8105],[95.5307,25.7905],[95.5242,25.7798],[95.4709,25.7599],[95.4504,25.7374],[95.4436,25.7099],[95.4203,25.6908],[95.414,25.6777],[95.4148,25.6656],[95.4236,25.6546],[95.4247,25.6393],[95.4438,25.6254],[95.4475,25.6163],[95.4286,25.5914],[95.4133,25.5411],[95.3985,25.5314],[95.3732,25.531],[95.3808,25.5155],[95.3785,25.4889],[95.3857,25.463],[95.3748,25.4332],[95.3908,25.421],[95.3719,25.3842],[95.3346,25.3595],[95.2974,25.36],[95.2864,25.3555],[95.2816,25.348],[95.2977,25.3205],[95.2703,25.3124],[95.2362,25.2896],[95.2093,25.2804],[95.2052,25.2739],[95.2082,25.236],[95.2052,25.2317],[95.1925,25.2337],[95.1805,25.2558],[95.1629,25.2627],[95.135,25.2533],[95.1076,25.2127],[95.0768,25.2168],[95.0656,25.1416],[95.0382,25.1298],[95.0467,25.0956],[95.0434,25.0894],[94.9931,25.0627],[94.9889,25.0537],[95.0021,25.0048],[94.99,24.9819],[94.9743,24.9701],[94.9417,24.9791],[94.928,24.9407],[94.8873,24.9127],[94.8732,24.8957],[94.8739,24.8799],[94.8826,24.866],[94.9167,24.8584],[94.9371,24.833],[94.9415,24.8224],[94.9381,24.8079],[94.9077,24.7791],[94.8591,24.7502],[94.7771,24.7395],[94.7393,24.7265],[94.6779,24.5855],[94.6813,24.5645],[94.7093,24.5396],[94.7377,24.4725],[94.732,24.4537],[94.7077,24.4344],[94.7042,24.422],[94.7113,24.4151],[94.7296,24.4243],[94.7409,24.4225],[94.7721,24.4021],[94.7754,24.3737],[94.8054,24.343],[94.8404,24.3237],[94.8423,24.306],[94.8296,24.282],[94.8008,24.2661],[94.7867,24.2622],[94.7656,24.2689],[94.7062,24.2528],[94.6931,24.2437],[94.6819,24.223],[94.6825,24.1618],[94.6722,24.1524],[94.6414,24.1462],[94.6343,24.1489],[94.6176,24.1833],[94.6075,24.1842],[94.5931,24.1756],[94.5936,24.1516],[94.6216,24.1154],[94.5955,24.0908],[94.6041,24.0543],[94.5739,24.0474],[94.5612,24.0255],[94.5533,24.0341],[94.5459,24.0341],[94.5457,24.0168],[94.5517,24.0024],[94.5794,23.9751],[94.6335,23.9527],[94.6316,23.9331],[94.6151,23.9165],[94.5778,23.8933],[94.5155,23.8886],[94.5044,23.8644],[94.5476,23.8102],[94.5111,23.7893],[94.4781,23.7785],[94.4649,23.7703],[94.4563,23.7563],[94.4225,23.7365],[94.4141,23.6949],[94.4267,23.6692],[94.4168,23.6133],[94.424,23.5868],[94.4353,23.5705],[94.4266,23.551],[94.428,23.5294],[94.3887,23.4986],[94.377,23.4804],[94.3513,23.4701],[94.3307,23.4283],[94.3222,23.3946],[94.3253,23.3735],[94.3341,23.3674],[94.3409,23.3697],[94.3456,23.3611],[94.325,23.3167],[94.3271,23.3073],[94.3343,23.3041],[94.343,23.315],[94.3602,23.3193],[94.3736,23.3144],[94.3464,23.2548],[94.3332,23.237],[94.3108,23.2267],[94.3049,23.2053],[94.3138,23.1929],[94.3213,23.1936],[94.3277,23.2054],[94.3366,23.1976],[94.3356,23.1723],[94.3478,23.1505],[94.3428,23.1185],[94.3483,23.1084],[94.445,23.0373],[94.4461,23.0286],[94.436,23.0094],[94.4034,22.9836],[94.3584,22.9997],[94.3686,22.9668],[94.395,22.9368],[94.4124,22.9294],[94.4634,22.9385],[94.4817,22.9346],[94.4905,22.9281],[94.5004,22.9065],[94.4936,22.8834],[94.51,22.8751],[94.5419,22.8774],[94.571,22.8698],[94.6148,22.9047],[94.6251,22.9034],[94.6299,22.8894],[94.6525,22.9012],[94.6594,22.9115],[94.6624,22.9555],[94.6775,22.9792],[94.722,22.9795],[94.7344,22.9671],[94.7454,22.9264],[94.7364,22.8936],[94.7536,22.8408],[94.7439,22.829],[94.7286,22.8218],[94.7174,22.8199],[94.6969,22.8271],[94.6853,22.8199],[94.6846,22.7844],[94.709,22.7623],[94.7239,22.7193],[94.7718,22.6987],[94.7775,22.6706],[94.7561,22.6351],[94.7584,22.612],[94.7852,22.558],[94.789,22.5402],[94.8025,22.5204],[94.8072,22.4996],[94.8156,22.4902],[94.8133,22.4559],[94.8309,22.448],[94.8663,22.4446],[94.9031,22.4149],[94.91,22.3997],[94.916,22.3965],[94.953,22.4012],[94.9726,22.3962],[94.9821,22.3752],[94.9861,22.3409],[95.0245,22.326],[95.0496,22.2367],[95.0733,22.2126],[95.0839,22.1528],[95.1066,22.134],[95.154,22.0628],[95.1541,22.0503],[95.1407,22.0422],[95.1316,22.0022],[95.1418,21.9818],[95.1446,21.9637],[95.1415,21.9547],[95.1524,21.9415],[95.1434,21.9319],[95.1387,21.9082],[95.1521,21.8645],[95.164,21.8538],[95.1542,21.8151],[95.2032,21.7694],[95.209,21.7355],[95.2454,21.709],[95.247,21.6597],[95.2617,21.6419],[95.2693,21.5889],[95.2619,21.5778],[95.2653,21.5692],[95.2575,21.5574],[95.2549,21.5281],[95.2604,21.5039],[95.2752,21.4838],[95.2694,21.4608],[95.2772,21.4582],[95.2783,21.4481]]}},{"type":"Feature","properties":{"name":"Tizu River","major":false},"geometry":{"type":"MultiLineString","coordinates":[[[94.7556,25.7828],[94.7604,25.7785],[94.7904,25.778],[94.8196,25.764],[94.8542,25.7251],[94.8592,25.7033],[94.8465,25.6544],[94.8494,25.6253],[94.8544,25.6189],[94.8519,25.6108],[94.8669,25.6087],[94.879,25.5875],[94.8977,25.5705]],[[94.6485,26.1818],[94.6446,26.1753],[94.6476,26.1646],[94.6363,26.1553],[94.6416,26.15],[94.6373,26.143],[94.641,26.1359],[94.6364,26.1333],[94.6399,26.1308],[94.6354,26.1258],[94.6379,26.1197],[94.6293,26.1098],[94.6309,26.1026],[94.6164,26.084],[94.6147,26.075],[94.6101,26.0769],[94.6094,26.0674],[94.6052,26.069],[94.5945,26.0519],[94.5686,26.0325],[94.5628,26.0168],[94.5571,26.0142],[94.5587,26.008],[94.5401,25.9891],[94.5397,25.9755],[94.5333,25.9717],[94.5308,25.9615]],[[94.5308,25.9615],[94.5295,25.9296],[94.5228,25.9229],[94.5278,25.9193],[94.5197,25.8965],[94.5276,25.8624],[94.5242,25.8558],[94.5269,25.847],[94.5313,25.8465],[94.5189,25.8348],[94.5145,25.8198],[94.5181,25.8156],[94.5071,25.8147],[94.502,25.807],[94.5037,25.7935],[94.4886,25.7791],[94.4935,25.7747],[94.4839,25.7716],[94.4839,25.7655],[94.4916,25.7629],[94.4805,25.744],[94.4857,25.7345],[94.4912,25.7333],[94.4835,25.7175],[94.513,25.6852]],[[94.513,25.6852],[94.5137,25.6849]],[[94.5137,25.6849],[94.5294,25.6837],[94.5453,25.6654],[94.5635,25.6755],[94.5607,25.6833],[94.5701,25.6917],[94.5845,25.6849],[94.595,25.6855],[94.5967,25.6822],[94.5897,25.6818],[94.5805,25.6664],[94.5867,25.6638],[94.5784,25.662],[94.5839,25.6572],[94.5763,25.6558],[94.5806,25.6514],[94.5738,25.6479],[94.5739,25.6378],[94.5943,25.6382],[94.5966,25.6461],[94.6037,25.6453],[94.6015,25.6498],[94.6128,25.6499],[94.6128,25.6566],[94.6178,25.6548],[94.6173,25.6483],[94.636,25.647],[94.6333,25.6573],[94.6446,25.657],[94.6439,25.6644],[94.6561,25.658],[94.662,25.6615],[94.6644,25.6733],[94.677,25.6715],[94.6827,25.6781],[94.6872,25.6749],[94.6843,25.6833],[94.6971,25.6791],[94.6972,25.6911],[94.7038,25.6946],[94.7005,25.6963],[94.7053,25.7017],[94.7037,25.7076],[94.7089,25.7037],[94.718,25.7095],[94.7134,25.7113],[94.7125,25.7225],[94.7268,25.7246],[94.723,25.7281],[94.7273,25.7316],[94.7203,25.7398],[94.7276,25.7453],[94.7253,25.7491],[94.7426,25.7656],[94.7399,25.7695],[94.7474,25.7727],[94.746,25.7774],[94.7556,25.7828]]]}},{"type":"Feature","properties":{"name":"ဦးယူး မြစ်","major":false},"geometry":{"type":"LineString","coordinates":[[96.1944,25.7791],[96.1994,25.7802],[96.1917,25.7832],[96.1995,25.7867],[96.1971,25.8003],[96.2117,25.8053],[96.2231,25.8312],[96.2346,25.8342],[96.2298,25.8476],[96.2399,25.8613],[96.2958,25.8596],[96.3097,25.8657],[96.3194,25.8515],[96.3316,25.8577],[96.3291,25.8423],[96.3465,25.8288],[96.373,25.8257],[96.3787,25.8145],[96.3719,25.8086],[96.3682,25.7815],[96.3758,25.7804],[96.3728,25.7715],[96.3794,25.7674],[96.373,25.7646],[96.3723,25.7575],[96.3775,25.748],[96.3947,25.7467],[96.3915,25.7392],[96.3775,25.7395],[96.3655,25.7335],[96.3662,25.7211],[96.3585,25.7077],[96.3527,25.7093],[96.3481,25.6848],[96.3579,25.6784],[96.3564,25.6644],[96.3627,25.6578],[96.3602,25.6502],[96.351,25.6512],[96.3453,25.6136],[96.3378,25.6061],[96.335,25.6169],[96.3264,25.6104],[96.3063,25.6103],[96.298,25.5951],[96.286,25.5954],[96.2666,25.5853],[96.249,25.5862],[96.2283,25.5731],[96.2122,25.5759],[96.1825,25.5521],[96.1484,25.5389],[96.1437,25.5271],[96.126,25.5336],[96.1111,25.5243],[96.1201,25.5182],[96.1212,25.512],[96.1104,25.5115],[96.109,25.5002],[96.0981,25.5012],[96.1002,25.4869],[96.0907,25.4863],[96.0879,25.4803],[96.0814,25.4873],[96.0616,25.4942],[96.0506,25.4928],[96.0569,25.5008],[96.0291,25.4973],[96.0277,25.4863],[96.0175,25.4836],[96.0131,25.4751],[96.0036,25.4739],[96.0191,25.4411],[96.0019,25.4432],[95.995,25.429],[96.0089,25.4193],[96.0003,25.4153],[96.0113,25.3941],[96.0023,25.3785],[96.0066,25.3669],[95.9972,25.3647],[96.0075,25.3523],[96.0031,25.3465],[95.9907,25.3496],[95.9503,25.3182],[95.9346,25.3285],[95.9334,25.3385],[95.941,25.3428],[95.927,25.3577],[95.9187,25.3579],[95.9168,25.3447],[95.8888,25.3295],[95.875,25.3287],[95.8592,25.3416],[95.8588,25.3306],[95.8489,25.3269],[95.8426,25.3422],[95.8305,25.3322],[95.8155,25.333],[95.807,25.3435],[95.8232,25.3469],[95.8264,25.3538],[95.8201,25.3595],[95.7954,25.3511],[95.7882,25.3423],[95.7806,25.348],[95.7789,25.328],[95.7874,25.3192],[95.8038,25.3169],[95.8024,25.3065],[95.788,25.3077],[95.7815,25.3008],[95.7691,25.305],[95.7456,25.2963],[95.745,25.2683],[95.7335,25.2681],[95.7271,25.2548],[95.7177,25.2514],[95.7159,25.2368],[95.7083,25.2322],[95.7012,25.2356],[95.6963,25.2217],[95.684,25.2093],[95.691,25.1841],[95.6809,25.1822],[95.6771,25.1973],[95.6577,25.1973],[95.6599,25.1823],[95.6554,25.1751],[95.6405,25.1763],[95.634,25.152],[95.6107,25.1407],[95.5984,25.1174],[95.5873,25.1143],[95.5871,25.1064],[95.566,25.0961],[95.5663,25.0887],[95.5577,25.0823],[95.5625,25.073],[95.555,25.0667],[95.5602,25.0587],[95.55,25.0565],[95.544,25.0476],[95.5276,25.0396],[95.5259,25.0284],[95.5074,25.0124],[95.4912,25.0074],[95.4748,24.9726],[95.4546,24.9695],[95.438,24.9559],[95.4171,24.952],[95.4146,24.947],[95.4305,24.9424],[95.4028,24.9361],[95.3933,24.9462],[95.3905,24.96],[95.368,24.9659],[95.3461,24.913],[95.3181,24.9092],[95.299,24.8977],[95.2929,24.8718],[95.2969,24.8549],[95.2937,24.8288],[95.2887,24.8191],[95.2749,24.81],[95.2489,24.8186],[95.2333,24.8133],[95.215,24.8167],[95.2009,24.806],[95.1943,24.808],[95.1892,24.8167],[95.2134,24.8313],[95.2058,24.8398],[95.1973,24.8338],[95.1887,24.8345],[95.1956,24.8536],[95.1913,24.856],[95.1245,24.8397],[95.1117,24.822],[95.0986,24.8142],[95.0832,24.8176],[95.0692,24.8128],[95.0686,24.8238],[95.0533,24.847],[95.0426,24.8345],[95.0248,24.8457],[95.0186,24.8297],[95.0091,24.8286],[95.0052,24.8335],[95.0109,24.8491],[95.0064,24.8548],[94.9955,24.8498],[94.9823,24.8335],[94.9676,24.8397],[94.9709,24.8223],[94.961,24.8257],[94.9514,24.8369],[94.9429,24.8371],[94.936,24.8311]]}},{"type":"Feature","properties":{"name":"Tisawang Yü","major":false},"geometry":{"type":"LineString","coordinates":[[96.0852,26.4504],[96.0808,26.4486],[96.0869,26.4483],[96.0877,26.4442],[96.0977,26.4439],[96.1006,26.4499],[96.1042,26.4462],[96.1054,26.4373],[96.0984,26.4282],[96.1056,26.4135],[96.098,26.4038],[96.1034,26.3884],[96.1164,26.3866],[96.1244,26.3685],[96.1344,26.3671],[96.1343,26.3529],[96.1462,26.3559],[96.1486,26.3498]]}},{"type":"Feature","properties":{"name":"Tzurang-Bhogdoi","major":false},"geometry":{"type":"MultiLineString","coordinates":[[[94.3142,26.4547],[94.3239,26.4654],[94.3202,26.4731],[94.3265,26.4757],[94.3251,26.4818],[94.3307,26.4778],[94.3363,26.4835],[94.3397,26.4809],[94.3435,26.4896],[94.3479,26.4869],[94.3484,26.4962],[94.3531,26.4996],[94.3502,26.5038],[94.3738,26.5071],[94.3716,26.5112],[94.3766,26.5145],[94.3727,26.5185],[94.3854,26.5257],[94.3852,26.5321],[94.3953,26.5268],[94.3947,26.5333],[94.4007,26.5383],[94.3963,26.5381],[94.4044,26.5479],[94.4002,26.5506],[94.4062,26.55],[94.4072,26.5577],[94.4021,26.5594],[94.409,26.5629],[94.4056,26.5679],[94.4131,26.5779],[94.4075,26.5921],[94.4009,26.5936],[94.4032,26.6108],[94.3939,26.6079],[94.3984,26.6125],[94.3954,26.6183],[94.4015,26.6195],[94.4011,26.6275],[94.394,26.6234],[94.3876,26.6276],[94.3891,26.632],[94.3658,26.6365]],[[94.2223,26.3373],[94.2354,26.345],[94.2373,26.3548],[94.2495,26.3619],[94.2518,26.3785],[94.2575,26.3776],[94.2726,26.3933],[94.2794,26.4109],[94.2766,26.4174],[94.2834,26.4187],[94.2932,26.4326],[94.3049,26.4384],[94.3142,26.4547]]]}},{"type":"Feature","properties":{"name":"Kopili","major":true},"geometry":{"type":"MultiLineString","coordinates":[[[92.6334,25.5286],[92.6428,25.534],[92.6458,25.5564],[92.6572,25.5614],[92.6578,25.5708],[92.6829,25.5748],[92.6853,25.5782],[92.6794,25.5797],[92.6797,25.5839],[92.6964,25.5993],[92.7128,25.5994],[92.7154,25.5905],[92.7226,25.5874],[92.745,25.5956],[92.7556,25.6156],[92.7682,25.6172],[92.7578,25.6286],[92.7827,25.646],[92.79,25.6599],[92.7745,25.6719],[92.7761,25.6774],[92.799,25.6896],[92.8014,25.6984],[92.8143,25.7031],[92.8225,25.7186],[92.8207,25.7408],[92.8454,25.7515]],[[92.8454,25.7515],[92.8773,25.755],[92.9242,25.773],[92.9289,25.7777],[92.9328,25.8018],[92.9221,25.8087],[92.9044,25.8025],[92.9079,25.8231],[92.8904,25.832],[92.8864,25.8727],[92.877,25.8769],[92.868,25.8656],[92.8581,25.866],[92.8643,25.8837],[92.8505,25.8948],[92.8445,25.9217],[92.8327,25.9143],[92.8104,25.9281],[92.7965,25.9183],[92.7976,25.9341],[92.7885,25.9517],[92.8033,25.9621],[92.7902,25.9657],[92.7749,25.9494],[92.7608,25.965],[92.7602,25.9697],[92.7748,25.9832],[92.7588,25.9893],[92.7585,26.0042],[92.7843,26.009],[92.7741,26.0171],[92.7547,26.0179],[92.754,26.0243],[92.7594,26.0266]],[[92.3013,26.1507],[92.297,26.1547],[92.3025,26.1546],[92.2996,26.1593],[92.2908,26.1578],[92.2825,26.1681],[92.2765,26.1606],[92.2598,26.173],[92.2396,26.1688],[92.2263,26.18],[92.2088,26.1758],[92.2099,26.1871],[92.2058,26.1898],[92.1846,26.179],[92.1828,26.166],[92.1715,26.1693],[92.1636,26.1625],[92.154,26.1709],[92.1495,26.1613],[92.1323,26.172],[92.1298,26.1806],[92.106,26.1722],[92.0813,26.1778],[92.0941,26.1884],[92.0817,26.1851],[92.0779,26.1952],[92.0722,26.197]],[[92.7594,26.0266],[92.767,26.0284],[92.7674,26.0331],[92.7528,26.0359],[92.7436,26.0479],[92.76,26.0519],[92.7543,26.0711],[92.7471,26.0757],[92.7331,26.0735],[92.7421,26.0922],[92.7356,26.1049],[92.7236,26.0991],[92.7159,26.1009],[92.7193,26.1063],[92.7287,26.1045],[92.7318,26.1145],[92.7007,26.128],[92.7055,26.146],[92.674,26.1417],[92.6741,26.1477],[92.6844,26.1531],[92.6797,26.1599],[92.6501,26.1528],[92.6437,26.1631],[92.627,26.1621],[92.6184,26.1751],[92.6031,26.1729],[92.6022,26.1827],[92.5904,26.1807],[92.6041,26.2001],[92.5867,26.1884],[92.5657,26.1922],[92.5594,26.1984],[92.5488,26.1872],[92.5405,26.1958],[92.5398,26.2037],[92.5255,26.197]],[[92.5255,26.197],[92.5158,26.1957],[92.5118,26.2002],[92.5103,26.1894],[92.4971,26.1828],[92.4812,26.1849],[92.4787,26.1736],[92.4646,26.1763],[92.4523,26.1727],[92.4463,26.1827],[92.4322,26.1785],[92.4164,26.185],[92.4097,26.18],[92.395,26.1824],[92.3835,26.1719],[92.3605,26.1686],[92.3429,26.1562],[92.3357,26.1582],[92.3231,26.1527],[92.3194,26.1466],[92.3112,26.1445],[92.3087,26.1522],[92.3013,26.1507]],[[92.0722,26.197],[92.0609,26.196],[92.0464,26.2156],[92.0419,26.1984],[92.0296,26.2099],[92.0224,26.2012],[92.0133,26.2076],[91.9993,26.2047],[91.9596,26.2303],[91.9563,26.2505],[91.9002,26.2449],[91.9015,26.2602]],[[92.7742,25.1733],[92.7804,25.1844],[92.7941,25.187],[92.8024,25.1987],[92.7945,25.2105]],[[92.7945,25.2105],[92.802,25.2197],[92.7823,25.2306],[92.7727,25.2308],[92.7629,25.2462],[92.7771,25.2579],[92.7681,25.2686],[92.7872,25.2744],[92.7923,25.2839],[92.7835,25.3007]],[[92.6322,25.528],[92.6328,25.5284]]]}},{"type":"Feature","properties":{"name":"Gabharu Nadi","major":false},"geometry":{"type":"LineString","coordinates":[[92.5704,26.892],[92.578,26.8883],[92.5869,26.8659],[92.6,26.8574],[92.6051,26.8335],[92.6199,26.8139],[92.6214,26.8024],[92.6152,26.7978],[92.6103,26.7822],[92.6212,26.771],[92.624,26.7582],[92.6171,26.7477],[92.6203,26.7228],[92.6296,26.7146],[92.6348,26.7011],[92.6212,26.6747],[92.6305,26.665],[92.618,26.6494],[92.6258,26.6145],[92.6181,26.6002],[92.5991,26.5869]]}},{"type":"Feature","properties":{"name":"帕乃河","major":false},"geometry":{"type":"MultiLineString","coordinates":[[[92.4181,26.989],[92.4161,26.9682],[92.4202,26.9621],[92.4218,26.931],[92.4595,26.8976],[92.4746,26.8762],[92.499,26.8621],[92.5023,26.8473],[92.5095,26.8439],[92.5136,26.8212],[92.527,26.8108],[92.5251,26.8042],[92.5298,26.7979],[92.5425,26.7995],[92.5564,26.7861],[92.5552,26.7776],[92.5676,26.7584],[92.5606,26.7442],[92.5558,26.7433],[92.5603,26.7393],[92.5509,26.7389],[92.5566,26.7342],[92.5476,26.7302],[92.5497,26.7234]],[[92.3745,27.0621],[92.3808,27.0564],[92.3781,27.0512],[92.3846,27.0389],[92.3775,27.03],[92.383,27.0217],[92.3797,27.0197],[92.3826,27.0099],[92.4181,26.989]]]}},{"type":"Feature","properties":{"name":"Myntdu River","major":false},"geometry":{"type":"MultiLineString","coordinates":[[[92.2196,25.4392],[92.2376,25.4475],[92.2498,25.4458],[92.2519,25.4416],[92.2567,25.448],[92.2631,25.4459],[92.2646,25.427],[92.2579,25.4174],[92.2596,25.4073],[92.2548,25.4059],[92.2442,25.3802],[92.182,25.3579],[92.1748,25.3529],[92.1721,25.3383],[92.1929,25.3076],[92.1897,25.3009],[92.2006,25.2924],[92.1989,25.267],[92.2062,25.2453],[92.2061,25.2282],[92.2148,25.23],[92.2258,25.2227]],[[92.1848,25.4384],[92.1826,25.4204],[92.1863,25.4192],[92.2037,25.4283],[92.2049,25.4342],[92.2196,25.4392]]]}},{"type":"Feature","properties":{"name":"Shari River","major":false},"geometry":{"type":"LineString","coordinates":[[92.2258,25.2227],[92.2281,25.2127],[92.2359,25.2106],[92.2319,25.2042],[92.2384,25.1893],[92.231,25.1849],[92.234,25.176],[92.2259,25.168],[92.2255,25.1539],[92.2076,25.157],[92.2128,25.148],[92.2066,25.1414],[92.2063,25.1303],[92.181,25.1365],[92.1805,25.1331],[92.1896,25.1322],[92.1899,25.1275],[92.1763,25.1053],[92.1556,25.1091],[92.1363,25.0843],[92.1187,25.0861],[92.1186,25.0923]]}},{"type":"Feature","properties":{"name":"Jiri River","major":false},"geometry":{"type":"MultiLineString","coordinates":[[[93.1999,24.8356],[93.1916,24.8336],[93.1961,24.8309],[93.1903,24.8187],[93.1971,24.8116],[93.1911,24.8037],[93.1797,24.8033],[93.1752,24.7934],[93.1697,24.8015],[93.1494,24.7867],[93.1512,24.7954],[93.1421,24.7974],[93.1392,24.8037]],[[93.1392,24.8037],[93.1381,24.8106],[93.132,24.8042],[93.1264,24.8092],[93.1188,24.8081],[93.1216,24.8196],[93.1104,24.8129],[93.1117,24.7996],[93.1046,24.7877],[93.1059,24.7808],[93.1006,24.7795],[93.104,24.768],[93.0981,24.7537],[93.0996,24.7435],[93.1031,24.7467],[93.1071,24.7401],[93.0967,24.7312],[93.0959,24.7238],[93.0903,24.7252],[93.0933,24.7186],[93.0863,24.7087],[93.0769,24.7127]],[[93.3819,25.2277],[93.3458,25.1698],[93.348,25.1389],[93.3429,25.1377],[93.346,25.1304],[93.3422,25.1266],[93.3461,25.1243],[93.3412,25.1228],[93.3417,25.114],[93.3368,25.1121],[93.3321,25.0934],[93.3219,25.0908],[93.3055,25.0713],[93.2999,25.0459],[93.2982,25.0516],[93.2878,25.0451],[93.2791,25.0469],[93.2797,25.0507],[93.2639,25.0488],[93.2664,25.0438],[93.2594,25.0407],[93.2604,25.0353],[93.2512,25.0269],[93.2526,25.0199],[93.2433,25.0171],[93.2476,25.0137],[93.2421,25.0041]],[[93.4597,25.2967],[93.4272,25.2828],[93.416,25.264],[93.3941,25.2558],[93.3815,25.2398],[93.385,25.2308],[93.3819,25.2277]],[[93.2144,24.8619],[93.2042,24.851],[93.1954,24.8544],[93.2017,24.8417],[93.1949,24.8446],[93.1919,24.8399],[93.1969,24.8367],[93.2007,24.8398],[93.1999,24.8356]],[[93.2498,24.9726],[93.2595,24.9692],[93.2585,24.9502],[93.2476,24.9539],[93.2453,24.9501],[93.2512,24.941],[93.2363,24.9351],[93.2452,24.9352],[93.2384,24.9253],[93.2461,24.925],[93.2486,24.915],[93.2446,24.9106],[93.2355,24.9121],[93.2414,24.9033],[93.2389,24.8987],[93.2298,24.8981],[93.2327,24.8922],[93.2263,24.8914],[93.2331,24.8848],[93.2216,24.8817],[93.227,24.8734],[93.2206,24.8739],[93.2144,24.8619]],[[93.2527,24.9814],[93.2491,24.9789]],[[93.2547,25.0029],[93.2561,25.0044]],[[93.244,24.9984],[93.2464,24.9973]],[[93.2421,25.0041],[93.2452,24.9973],[93.2504,25.0047],[93.2516,25.0006],[93.255,25.0045],[93.26,25.0013],[93.2528,24.9996],[93.2567,24.9935],[93.2498,24.9726]],[[93.4203,25.277],[93.4203,25.2763]],[[93.3815,25.2398],[93.3831,25.2373]]]}},{"type":"Feature","properties":{"name":"Aai","major":false},"geometry":{"type":"MultiLineString","coordinates":[[[90.5809,26.5599],[90.6312,26.504],[90.6535,26.5026],[90.6573,26.4712],[90.675,26.4533],[90.6837,26.4308],[90.7163,26.4205],[90.7464,26.4196],[90.7477,26.4071],[90.7344,26.3892],[90.7409,26.3647],[90.7395,26.345],[90.733,26.332],[90.739,26.3192],[90.7548,26.3203],[90.7567,26.3133]],[[90.7567,26.3133],[90.7341,26.2916],[90.7403,26.2711],[90.727,26.27],[90.7166,26.2774],[90.6837,26.2656],[90.6801,26.2579],[90.6877,26.2415],[90.6841,26.2381],[90.663,26.2347],[90.6492,26.2246],[90.6324,26.2271],[90.6113,26.2189],[90.5645,26.2117]]]}},{"type":"Feature","properties":{"name":"সুরমা নদী","major":false},"geometry":{"type":"MultiLineString","coordinates":[[[92.4891,24.8759],[92.4946,24.8827],[92.4927,24.8957],[92.4989,24.9059],[92.4923,24.9123],[92.4941,24.9197],[92.4851,24.9247],[92.4885,24.9487],[92.475,24.9417],[92.4493,24.9398],[92.451,24.9516],[92.4696,24.9608],[92.4578,24.9714],[92.4476,24.9649],[92.4202,24.9655],[92.4219,24.9912],[92.3917,24.9874],[92.3696,25.0144],[92.3526,25.0083],[92.3388,25.0091],[92.3328,25.0037],[92.3248,25.0187],[92.296,25.0296]],[[92.296,25.0296],[92.2808,25.0289],[92.2709,25.0222],[92.2729,25.0054],[92.2583,25.0029],[92.2682,24.9888],[92.2562,24.9748],[92.24,24.9713],[92.2401,24.9557],[92.2216,24.9661],[92.213,24.964],[92.2258,24.9517],[92.214,24.9409],[92.2046,24.9432],[92.1985,24.9365],[92.187,24.9376],[92.1759,24.9317],[92.1679,24.9512],[92.1626,24.952],[92.1554,24.9453],[92.1567,24.9289],[92.1446,24.9168],[92.1441,24.9071],[92.1317,24.9112],[92.1127,24.9049],[92.1029,24.8922],[92.0922,24.9021],[92.081,24.8972],[92.0723,24.9054]],[[91.859,24.8871],[91.8395,24.8902],[91.8391,24.9014],[91.8196,24.9112],[91.8125,24.9117],[91.8105,24.905],[91.7992,24.912],[91.7915,24.9066],[91.7814,24.9109],[91.7349,24.9034],[91.732,24.9198],[91.7042,24.9249],[91.7015,24.934],[91.695,24.9377],[91.7129,24.9487],[91.701,24.9522],[91.711,24.9677],[91.6962,24.9767],[91.702,24.9786],[91.7019,24.9837],[91.673,24.9924],[91.6649,24.9995],[91.6647,25.0039],[91.6785,24.9962],[91.698,25.0008],[91.6867,25.003],[91.6822,25.0124],[91.6654,25.0221],[91.6819,25.0253],[91.6716,25.0401],[91.6579,25.0359],[91.6174,25.0032],[91.6074,25.0041],[91.6054,25.0191]],[[91.2896,24.9791],[91.2579,24.9974],[91.238,24.9917],[91.2342,25.0046],[91.1997,24.9912],[91.1996,24.98],[91.1917,24.97],[91.1873,24.9746],[91.1781,24.9729],[91.1604,24.96],[91.1603,24.9519],[91.1661,24.9462],[91.1598,24.9301],[91.1638,24.9197],[91.1579,24.9043],[91.1624,24.8733],[91.1461,24.8479],[91.1475,24.8386],[91.1156,24.8118],[91.1176,24.7983],[91.0809,24.7477],[91.0833,24.729],[91.0723,24.7296],[91.1065,24.6941],[91.1095,24.6805],[91.0972,24.6555],[91.1129,24.6329],[91.127,24.6281],[91.1289,24.6233],[91.1086,24.5427],[91.0956,24.5325],[91.0636,24.5284],[91.0614,24.5122],[91.046,24.5066],[91.042,24.4973],[91.0566,24.4978],[91.0634,24.49],[91.0683,24.4929],[91.0769,24.4887],[91.0753,24.4737],[91.0803,24.4667],[91.0712,24.4377],[91.0817,24.431],[91.0627,24.4192],[91.0573,24.4255],[91.0411,24.4215],[91.0471,24.4057],[91.0293,24.405],[91.0331,24.3929],[91.0084,24.3711]],[[91.8607,24.8869],[91.859,24.8871]],[[92.0723,24.9054],[92.0557,24.8885],[92.0306,24.8878],[92.025,24.8721],[92.0081,24.8683],[92.0072,24.8562],[91.9761,24.866],[91.9409,24.853],[91.9406,24.863],[91.9236,24.8681],[91.9179,24.876],[91.9077,24.8728],[91.8717,24.887],[91.8607,24.8869]],[[91.6054,25.0191],[91.5976,25.0252],[91.5696,25.0225],[91.5667,25.0377],[91.5599,25.0454],[91.5431,25.0402],[91.5545,25.0556],[91.5468,25.0596],[91.5263,25.0518],[91.5168,25.0771],[91.5064,25.0859],[91.5,25.0859],[91.4874,25.0695],[91.4592,25.0703],[91.4562,25.0741],[91.4677,25.0847],[91.4673,25.0914],[91.4221,25.0915],[91.4079,25.0737],[91.3826,25.0707],[91.3864,25.0455],[91.3726,25.041],[91.3546,25.0241],[91.3458,25.005],[91.3086,24.9955],[91.3039,24.9916],[91.3129,24.9898],[91.3125,24.9859],[91.2896,24.9791]]]}},{"type":"Feature","properties":{"name":"Gowain","major":false},"geometry":{"type":"MultiLineString","coordinates":[[[91.9197,25.0182],[91.9149,25.0069],[91.9057,25.0099],[91.893,24.9937],[91.8684,24.9876],[91.8507,24.9908]],[[92.0285,25.1219],[92.0102,25.1159],[92.0188,25.1071],[92.0094,25.1115],[92.0093,25.102],[91.9965,25.1002],[91.9812,25.0896]],[[91.8008,24.9493],[91.7935,24.9458],[91.7607,24.9547],[91.7574,24.9466],[91.7363,24.9584],[91.7262,24.9549],[91.7209,24.9725],[91.7245,24.9793],[91.7097,24.9787],[91.7019,24.9837]],[[91.8507,24.9908],[91.8506,24.9906]],[[91.8506,24.9906],[91.8441,24.9827],[91.8243,24.9831],[91.8242,24.9782],[91.8335,24.9756],[91.8336,24.969],[91.8008,24.9493]],[[91.9812,25.0896],[91.9811,25.0885]],[[91.9811,25.0885],[91.9843,25.0831],[91.9796,25.0572],[91.9695,25.0507],[91.9594,25.0533],[91.9399,25.0295]]]}},{"type":"Feature","properties":{"name":"কুশিয়ারা নদী","major":false},"geometry":{"type":"MultiLineString","coordinates":[[[92.4891,24.8759],[92.4834,24.8627],[92.4557,24.874],[92.4404,24.8697],[92.4391,24.8565],[92.4234,24.8535],[92.4053,24.8593],[92.3988,24.8489],[92.3844,24.8531],[92.3753,24.8735],[92.363,24.8722],[92.3474,24.8938],[92.3435,24.8936],[92.3453,24.8833],[92.34,24.8781],[92.3261,24.8973],[92.3157,24.8951],[92.3071,24.9025],[92.3057,24.9116],[92.2971,24.9168],[92.281,24.9059],[92.2471,24.9092],[92.2315,24.8999],[92.2244,24.9029],[92.2231,24.8961],[92.2157,24.8947],[92.2156,24.8883],[92.2084,24.8845],[92.1911,24.8903],[92.1947,24.8814],[92.1808,24.8732],[92.1785,24.8568]],[[91.896,24.6466],[91.8897,24.6465],[91.8888,24.6561],[91.8829,24.6594],[91.8771,24.6559],[91.8667,24.6582],[91.8644,24.6513],[91.8493,24.6452],[91.8415,24.6524],[91.8284,24.6531],[91.8015,24.637],[91.7919,24.6454],[91.7812,24.6402],[91.784,24.6264],[91.7708,24.6271],[91.7716,24.6205],[91.7549,24.6105],[91.7464,24.5971],[91.7387,24.6012],[91.7236,24.5952]],[[92.1785,24.8568],[92.1626,24.8642],[92.1571,24.8559],[92.1341,24.854],[92.1334,24.8618],[92.1151,24.8677],[92.0927,24.8629],[92.0921,24.8524],[92.0686,24.8208],[92.0689,24.8134],[92.0761,24.806],[92.0695,24.8058],[92.0726,24.7961],[92.0647,24.7978],[92.0503,24.7874],[92.0487,24.7679],[92.057,24.7694],[92.0584,24.7654],[92.0407,24.7528],[92.0502,24.7432],[92.0368,24.728],[92.0277,24.7346],[92.0148,24.7305],[92.0039,24.7182],[91.9911,24.7239],[91.979,24.7087],[91.9686,24.7072],[91.9632,24.7116],[91.917,24.691],[91.9153,24.6771],[91.9046,24.6652],[91.9048,24.6533],[91.896,24.6466]],[[91.7236,24.5952],[91.6939,24.6088],[91.672,24.641],[91.6466,24.6419],[91.6421,24.6527],[91.6257,24.6677],[91.6137,24.6711],[91.6159,24.6785],[91.6032,24.6784],[91.5936,24.6704],[91.587,24.6779],[91.5693,24.6772],[91.569,24.683],[91.5785,24.6891],[91.5761,24.6945],[91.5482,24.6905],[91.5319,24.7033]],[[91.5319,24.7033],[91.523,24.7045],[91.5184,24.6969],[91.5055,24.6905],[91.5014,24.692],[91.5046,24.6983],[91.5017,24.7021],[91.4811,24.6993],[91.4609,24.6859],[91.4521,24.6849],[91.4399,24.6906],[91.4353,24.686],[91.4222,24.6851],[91.4259,24.6947],[91.3836,24.6902],[91.3758,24.6977],[91.3708,24.6875],[91.3446,24.691],[91.3414,24.6727],[91.3313,24.6568],[91.3211,24.6561],[91.2997,24.6352],[91.2996,24.6299],[91.3076,24.6243],[91.2951,24.6205],[91.2989,24.6055],[91.2929,24.6015],[91.2892,24.5871],[91.2846,24.5852],[91.2814,24.5926],[91.2493,24.5755],[91.2402,24.5763]],[[91.2402,24.5763],[91.2252,24.5622],[91.2237,24.5457],[91.2132,24.5215],[91.1735,24.4798]],[[91.1994,24.4292],[91.2009,24.4238],[91.1936,24.4131],[91.1583,24.3908],[91.1481,24.3781],[91.1438,24.3593],[91.1479,24.3525],[91.1562,24.351],[91.1588,24.3408]],[[91.1735,24.4798],[91.1766,24.4631],[91.1994,24.4292]]]}},{"type":"Feature","properties":{"name":"মেঘনা নদী","major":false},"geometry":{"type":"MultiLineString","coordinates":[[[91.1183,24.2412],[91.1153,24.2536],[91.0869,24.282],[91.0725,24.2913],[91.0578,24.291],[91.0417,24.2753],[91.0538,24.2503],[91.0367,24.2094]],[[90.9862,24.157],[90.9961,24.1399],[91.0364,24.1207],[91.051,24.108],[91.0554,24.0968],[91.053,24.0827]],[[91.0212,24.1881],[90.995,24.1707],[90.9862,24.157]],[[91.0367,24.2094],[91.0212,24.1881]]]}},{"type":"Feature","properties":{"name":"বংশী নদী","major":false},"geometry":{"type":"MultiLineString","coordinates":[[[90.0006,24.1314],[90.0075,24.14],[90.0131,24.1345],[90.0115,24.1248],[90.0323,24.1128],[90.0325,24.107],[90.0401,24.1082],[90.0489,24.0998],[90.0571,24.1099],[90.0624,24.1008],[90.0967,24.0973],[90.1155,24.0817],[90.1117,24.0705],[90.1205,24.0625],[90.1402,24.0747],[90.1463,24.0696],[90.1612,24.0696],[90.1675,24.0619],[90.1639,24.0579],[90.1663,24.049],[90.1859,24.0388],[90.1919,24.023],[90.2116,24.0173],[90.2117,24.0098],[90.2219,23.9959],[90.2128,23.9831],[90.2202,23.9588],[90.2357,23.9568],[90.2312,23.9364],[90.2243,23.9272],[90.2306,23.9079],[90.2281,23.8995],[90.2331,23.8702],[90.2481,23.8261],[90.2377,23.766],[90.2459,23.7546],[90.2646,23.759]],[[90.0094,24.6089],[90.0192,24.609],[90.0207,24.6042],[90.0145,24.6028],[90.0191,24.6003],[90.0248,24.6078],[90.0308,24.6063],[90.0404,24.6192],[90.0505,24.6135],[90.0491,24.6085],[90.0562,24.6014],[90.0696,24.6007],[90.0656,24.5791],[90.0751,24.5743],[90.073,24.5636],[90.0813,24.5613],[90.0777,24.551],[90.084,24.5497],[90.0803,24.5424],[90.0913,24.5348],[90.0904,24.5242],[90.0862,24.5237],[90.0885,24.5147],[90.0762,24.5043],[90.0819,24.5012],[90.0865,24.5042],[90.0853,24.4957],[90.0929,24.4956],[90.0937,24.5013],[90.0988,24.4941],[90.0849,24.4862],[90.0845,24.4805],[90.08,24.4816],[90.0798,24.4728],[90.0743,24.4737],[90.0812,24.4609],[90.0756,24.4557],[90.0893,24.4602],[90.0924,24.4564],[90.0767,24.4387]],[[90.0993,24.109],[90.113,24.1141],[90.1252,24.1057],[90.1421,24.1037],[90.1587,24.1101],[90.1635,24.1187],[90.1795,24.1216],[90.1761,24.1089],[90.1829,24.1078],[90.1873,24.099],[90.1996,24.1001],[90.2012,24.0865],[90.2085,24.0824],[90.2275,24.096],[90.2438,24.0905],[90.2589,24.093],[90.2647,24.0995],[90.2739,24.0957],[90.2805,24.1053],[90.291,24.1097],[90.2964,24.1062],[90.3039,24.1131],[90.3152,24.1029],[90.3356,24.1033],[90.3324,24.0949],[90.3408,24.0875],[90.336,24.0801],[90.342,24.075],[90.3367,24.0743],[90.3369,24.0669],[90.343,24.0605],[90.3341,24.0577],[90.3391,24.0411],[90.344,24.0383],[90.3451,24.0264],[90.3414,24.0239],[90.3457,24.0177],[90.345,23.9999],[90.3497,23.9987],[90.347,23.996]],[[90.0989,24.109],[90.0993,24.109]],[[90.0616,24.1815],[90.059,24.169],[90.0794,24.1646],[90.0722,24.1609],[90.0788,24.1511],[90.0725,24.1473],[90.0829,24.1467],[90.0824,24.1348],[90.0918,24.1272],[90.089,24.1227]],[[90.089,24.1227],[90.0989,24.109]]]}},{"type":"Feature","properties":{"name":"দুধকুমার নদী","major":false},"geometry":{"type":"MultiLineString","coordinates":[[[89.6741,26.2005],[89.6946,26.2046],[89.7035,26.1984],[89.7075,26.1857],[89.6994,26.17],[89.6834,26.1545],[89.6852,26.1345],[89.6939,26.1227],[89.7213,26.1109],[89.7187,26.0994],[89.7309,26.0749],[89.7317,26.0659],[89.7195,26.0436],[89.7286,26.0327],[89.7263,26.017],[89.7142,26.0013],[89.7142,25.99],[89.7288,25.9816],[89.7542,25.9902],[89.7606,25.9881],[89.7728,25.9657],[89.7668,25.951],[89.748,25.9435],[89.7463,25.9291],[89.7688,25.9224]],[[89.7707,25.9698],[89.7624,25.9587],[89.7544,25.9558],[89.7488,25.9442]],[[89.7688,25.9224],[89.7784,25.9208]],[[89.7784,25.9208],[89.7824,25.9121]]]}},{"type":"Feature","properties":{"name":"Digaru","major":false},"geometry":{"type":"MultiLineString","coordinates":[[[96.1469,28.156],[96.1561,28.151],[96.1549,28.1093],[96.164,28.0956],[96.1513,28.0735],[96.1489,28.0324],[96.1248,28.0149],[96.0868,27.9963],[96.0835,27.984],[96.0566,27.9439],[96.0537,27.9179]],[[96.1075,27.9699],[96.0783,27.9089],[96.0443,27.8709]],[[96.1518,28.045],[96.1475,28.0059],[96.1253,27.9821],[96.0911,27.9581],[96.0427,27.9076],[96.036,27.8828],[96.0374,27.8714]],[[91.8416,26.0222],[91.8451,26.0189],[91.8519,26.0228],[91.8515,26.0291],[91.8614,26.0331],[91.8559,26.0336],[91.857,26.0372],[91.8712,26.0435],[91.8749,26.0533],[91.883,26.0527],[91.8835,26.0593],[91.8901,26.0546],[91.9016,26.0719],[91.9063,26.0684],[91.9076,26.0729],[91.9264,26.0707],[91.9331,26.0793],[91.9366,26.0764],[91.9519,26.083],[91.9538,26.0893],[91.9598,26.084],[91.9755,26.0939]]]}},{"type":"Feature","properties":{"name":"Pakke River","major":false},"geometry":{"type":"MultiLineString","coordinates":[[[93.2276,27.165],[93.2232,27.1609],[93.1977,27.1634],[93.1848,27.1552],[93.1726,27.1588],[93.1443,27.1419],[93.1338,27.1523],[93.1219,27.1504],[93.1191,27.1553],[93.1172,27.1463],[93.0886,27.15],[93.0854,27.1474],[93.0896,27.1435],[93.0804,27.1421],[93.0828,27.1304],[93.0742,27.1303],[93.0712,27.121],[93.0381,27.1302],[93.0204,27.1258],[93.0051,27.1332]],[[92.9199,27.1507],[92.9199,27.1363],[92.9347,27.1177],[92.9298,27.1157],[92.9308,27.1098],[92.926,27.1096],[92.9364,27.103],[92.9329,27.0975],[92.9379,27.0971],[92.9424,27.0546]],[[93.0281,27.0872],[93.0236,27.0424],[93.0312,27.0404],[93.0293,27.0323],[93.0392,27.019],[93.0322,27.0075],[93.0351,27.0004]]]}},{"type":"Feature","properties":{"name":"Khari Dikrai","major":false},"geometry":{"type":"LineString","coordinates":[[92.9189,26.982],[92.904,26.9765],[92.9007,26.9647],[92.8931,26.9633],[92.8961,26.9565],[92.8883,26.9395],[92.8676,26.9393],[92.8617,26.9058],[92.8535,26.8914]]}},{"type":"Feature","properties":{"name":"Kameng (ভৰলী নদ)","major":true},"geometry":{"type":"LineString","coordinates":[[92.8535,26.8914],[92.8537,26.8789],[92.8633,26.8735],[92.8662,26.8294],[92.8823,26.805],[92.8873,26.7814],[92.8768,26.7779],[92.8803,26.7667],[92.8586,26.7457]]}},{"type":"Feature","properties":{"name":"Kameng River","major":true},"geometry":{"type":"MultiLineString","coordinates":[[[92.6067,27.1345],[92.6059,27.1237],[92.5991,27.1154],[92.6008,27.106],[92.5937,27.102],[92.5999,27.0939],[92.5899,27.0851],[92.596,27.0529],[92.6063,27.0384],[92.6255,27.027],[92.6332,27.0282],[92.6387,27.0177],[92.6535,27.0161],[92.6858,26.9958],[92.6952,26.9942],[92.7143,27.002],[92.7385,26.995],[92.7486,26.9999],[92.7572,26.9938],[92.7781,26.9942],[92.7859,26.9872],[92.7888,26.9765],[92.8113,26.9685],[92.8305,26.9379],[92.8444,26.9323],[92.8387,26.9115],[92.8535,26.8914]],[[92.9313,27.7817],[92.9377,27.7794],[92.9359,27.7702],[92.9414,27.7594],[92.9623,27.7407],[92.9979,27.7356],[93.005,27.7289],[93.0048,27.723],[93.0264,27.7078],[93.0224,27.7031],[93.0286,27.7053],[93.0309,27.6966],[93.0268,27.6931],[93.0307,27.688],[93.0249,27.6796],[93.0266,27.6711],[93.0317,27.6675],[93.0312,27.6571],[93.0378,27.6577],[93.0369,27.6446],[93.043,27.639]],[[92.8938,27.2625],[92.8908,27.2564],[92.8969,27.251],[92.8945,27.2379],[92.9008,27.2171]],[[93.043,27.639],[93.0352,27.6263],[93.0318,27.6027],[93.02,27.5984],[93.0118,27.5838],[92.9735,27.5574],[92.9827,27.5372],[92.9756,27.5326],[92.9794,27.5236],[92.9924,27.5199],[93.0209,27.4877],[93.0304,27.4838],[93.0238,27.4759],[93.0257,27.4652],[93.0161,27.4484],[93.0179,27.4411],[93.0084,27.416],[93.0141,27.4104],[93.0127,27.4032],[93.0215,27.3836],[93.0402,27.3682],[93.0368,27.3432],[93.0223,27.3186],[92.9968,27.3121],[92.9725,27.3127],[92.961,27.3092],[92.9533,27.3006],[92.9348,27.3029],[92.9358,27.2931],[92.9205,27.2822],[92.9187,27.2735],[92.8938,27.2625]]]}},{"type":"Feature","properties":{"name":"Bichom River","major":false},"geometry":{"type":"MultiLineString","coordinates":[[[92.7217,27.2803],[92.7278,27.2878],[92.7443,27.2869],[92.7448,27.2959],[92.762,27.2961],[92.776,27.3153],[92.7829,27.3158],[92.788,27.3103],[92.7932,27.3138],[92.8044,27.3036],[92.8053,27.2955],[92.8128,27.2962],[92.8202,27.2876],[92.873,27.2891],[92.8756,27.2831],[92.8891,27.2808],[92.8846,27.272],[92.8938,27.2625]],[[92.5985,27.3084],[92.613,27.3097],[92.6268,27.2952],[92.6368,27.2986],[92.6601,27.294],[92.6615,27.2897],[92.6665,27.2907],[92.6742,27.2759],[92.6875,27.2715],[92.6909,27.2652],[92.7043,27.2707],[92.714,27.2815],[92.7217,27.2803]],[[92.5171,27.3997],[92.5244,27.3934],[92.5292,27.3963],[92.538,27.3929],[92.5338,27.3823],[92.5269,27.3794],[92.5285,27.3728],[92.5429,27.3733],[92.5417,27.3701],[92.554,27.3607],[92.5805,27.3504],[92.5838,27.3332],[92.5905,27.3309],[92.5917,27.3211],[92.5877,27.3176],[92.5985,27.3084]],[[92.4681,27.704],[92.4873,27.6803],[92.4823,27.6677],[92.47,27.6575],[92.47,27.6461],[92.4836,27.6304],[92.4849,27.618],[92.5012,27.6016],[92.4976,27.5928],[92.504,27.5777],[92.4965,27.5703],[92.4985,27.5511],[92.4943,27.5449],[92.5002,27.5452],[92.5141,27.5293],[92.5149,27.5201],[92.5073,27.5167],[92.5067,27.5115],[92.5212,27.4853],[92.5083,27.465],[92.5118,27.4584],[92.5085,27.4505],[92.5224,27.4402],[92.5255,27.4318],[92.5258,27.4208],[92.5143,27.4043],[92.5171,27.3997]]]}},{"type":"Feature","properties":{"name":"Digo River","major":false},"geometry":{"type":"MultiLineString","coordinates":[[[92.4614,27.3213],[92.4745,27.3185],[92.5047,27.3375],[92.5241,27.3313],[92.5225,27.318],[92.527,27.309],[92.5342,27.3061],[92.5636,27.3037],[92.5779,27.3133],[92.5816,27.3075],[92.5856,27.3117],[92.5985,27.3084]],[[92.2658,27.3481],[92.2772,27.3404],[92.3042,27.3419],[92.3743,27.3311],[92.3796,27.3179],[92.3906,27.3169],[92.4098,27.3264],[92.4286,27.3259],[92.4367,27.3325],[92.4614,27.3213]]]}},{"type":"Feature","properties":{"name":"Chri River","major":false},"geometry":{"type":"LineString","coordinates":[[93.066,24.9977],[93.0644,24.9856],[93.0537,24.9726],[93.0595,24.9672],[93.0504,24.9528],[93.0513,24.9433],[93.0449,24.9416],[93.0536,24.9402],[93.0506,24.9285],[93.057,24.9246],[93.0585,24.9153],[93.0649,24.9132],[93.0595,24.9025],[93.0672,24.8921],[93.0658,24.8835],[93.0728,24.8805],[93.0654,24.8684],[93.0702,24.8668],[93.0673,24.8623],[93.0706,24.8588],[93.0514,24.8451],[93.0451,24.8336],[93.0328,24.8297]]}},{"type":"Feature","properties":{"name":"L8","major":false},"geometry":{"type":"MultiLineString","coordinates":[[[96.3137,27.8004],[96.2962,27.8127],[96.2493,27.8235],[96.1226,27.817],[96.1078,27.8227],[96.1043,27.8211],[96.1072,27.817],[96.0887,27.8195],[96.0742,27.8132],[96.0491,27.8187],[96.0369,27.8137],[96.0307,27.8158],[96.0244,27.8064],[95.9996,27.8049],[95.983,27.7986],[95.9739,27.7866]],[[95.9739,27.7866],[95.9705,27.7941],[95.9655,27.7943],[95.9655,27.7801]]]}},{"type":"Feature","properties":{"name":"Eje River","major":false},"geometry":{"type":"LineString","coordinates":[[95.9495,28.1956],[95.9431,28.1836],[95.9208,28.169],[95.9025,28.1601],[95.8768,28.1555],[95.845,28.1594],[95.8176,28.1704],[95.7762,28.1726],[95.7607,28.1673],[95.7388,28.1754],[95.7327,28.17]]}},{"type":"Feature","properties":{"name":"Subansiri River","major":true},"geometry":{"type":"MultiLineString","coordinates":[[[94.1977,28.0234],[94.2058,27.9994],[94.2239,27.9935],[94.2304,27.9867],[94.2496,27.9856]],[[93.8298,28.4001],[93.8602,28.3943],[93.8801,28.382],[93.901,28.382],[93.9205,28.3725],[93.9416,28.3672],[93.95,28.3694],[93.9573,28.3643],[93.9743,28.3682],[93.9956,28.3622],[93.9996,28.3663],[94.0298,28.3657],[94.03,28.3595],[94.0374,28.3575],[94.0396,28.3397],[94.0587,28.3124],[94.069,28.3076],[94.0789,28.2864],[94.1076,28.2659],[94.1225,28.2418],[94.158,28.233],[94.1592,28.1954],[94.1566,28.1872],[94.1494,28.1848],[94.1609,28.1602],[94.1537,28.1484],[94.1601,28.1139],[94.1486,28.1044],[94.1446,28.0907],[94.1619,28.0797],[94.1634,28.0708],[94.1776,28.0641],[94.1781,28.0539],[94.194,28.0398],[94.1977,28.0234]]]}},{"type":"Feature","properties":{"name":"STE21","major":false},"geometry":{"type":"LineString","coordinates":[[94.1433,27.933],[94.1564,27.9404],[94.1564,27.9457],[94.172,27.9468],[94.182,27.9605],[94.1955,27.9637],[94.2047,27.9733],[94.2354,27.9845]]}},{"type":"Feature","properties":{"name":"Panyor River","major":false},"geometry":{"type":"MultiLineString","coordinates":[[[93.3623,27.5053],[93.3826,27.5244],[93.3895,27.5178],[93.3967,27.5224],[93.4095,27.5192],[93.4104,27.5269],[93.4317,27.5316],[93.442,27.5274],[93.4479,27.5313],[93.4592,27.5251],[93.4714,27.5294],[93.4756,27.5238],[93.4952,27.5237],[93.5012,27.5146],[93.5158,27.518],[93.5266,27.5138],[93.532,27.5056],[93.5294,27.4933],[93.5528,27.4857],[93.5568,27.488],[93.5859,27.4646],[93.618,27.467],[93.6349,27.4605],[93.6438,27.475],[93.6583,27.4778],[93.6627,27.4653],[93.6798,27.4578],[93.6872,27.444],[93.6913,27.4475],[93.6947,27.4402],[93.704,27.4437],[93.7059,27.4368],[93.7161,27.4376],[93.7274,27.4281],[93.7376,27.4161],[93.7402,27.4048],[93.7463,27.3985],[93.7573,27.3969],[93.7579,27.3825],[93.7653,27.3702],[93.7781,27.3623],[93.7762,27.3577],[93.7865,27.3555],[93.788,27.35],[93.8034,27.3425],[93.8203,27.343]],[[93.8203,27.343],[93.8271,27.3487],[93.834,27.3474],[93.8361,27.3521],[93.8425,27.3506],[93.8438,27.3592],[93.8578,27.3638],[93.8596,27.3728],[93.8699,27.371],[93.9017,27.386]],[[93.9017,27.386],[93.9091,27.3871],[93.9098,27.3798],[93.9381,27.3548],[93.9453,27.3571],[93.9544,27.3492],[93.9721,27.3497],[93.98,27.3447],[93.9829,27.35],[93.9905,27.338],[93.9839,27.3321],[93.9788,27.3336],[93.984,27.3235],[93.9962,27.3186],[94.0158,27.3005]]]}},{"type":"Feature","properties":{"name":"STN8","major":false},"geometry":{"type":"MultiLineString","coordinates":[[[91.4997,27.1355],[91.4699,27.1309],[91.4474,27.121]],[[91.4474,27.121],[91.4205,27.1147]]]}},{"type":"Feature","properties":{"name":"Balijan","major":false},"geometry":{"type":"LineString","coordinates":[[96.0637,28.0437],[96.0457,28.0171],[96.0429,27.9916],[96.0291,27.9775],[96.0191,27.9744],[96.0104,27.956],[95.9838,27.94],[95.9728,27.909],[95.9538,27.8994],[95.9536,27.8934],[95.9396,27.8838],[95.9287,27.8853],[95.9254,27.868],[95.8919,27.8596],[95.8941,27.8565],[95.8892,27.8559],[95.8864,27.8462],[95.8665,27.825]]}},{"type":"Feature","properties":{"name":"Brahmaputra","major":true},"geometry":{"type":"MultiLineString","coordinates":[[[95.3401,28.079],[95.3464,28.0741],[95.3783,28.0696],[95.383,28.0616],[95.3885,28.0393],[95.3811,28.0161],[95.3879,27.9891],[95.3836,27.9497],[95.401,27.931],[95.412,27.8855],[95.3825,27.8464],[95.3477,27.8347],[95.3267,27.8122],[95.3238,27.7805],[95.295,27.7549],[95.2867,27.715],[95.265,27.6822]],[[94.8061,27.4956],[94.8026,27.4804],[94.7911,27.4796],[94.7857,27.4706],[94.7928,27.4555],[94.7786,27.438],[94.7685,27.4381],[94.7618,27.4086],[94.732,27.4007],[94.7177,27.3715],[94.6995,27.3597],[94.6981,27.3348],[94.6827,27.3235],[94.6746,27.29],[94.6324,27.2878],[94.6262,27.2695],[94.6019,27.254],[94.5954,27.2309],[94.5832,27.2282],[94.5836,27.201],[94.5944,27.1643],[94.5911,27.1542],[94.5825,27.1475],[94.5606,27.1479],[94.5304,27.1302],[94.5249,27.1135],[94.5128,27.1022],[94.5086,27.0572],[94.4979,27.0462],[94.4832,27.0437],[94.4732,27.0286],[94.4643,27.0253],[94.4626,27.021],[94.4669,27.0186],[94.4575,27.0051],[94.4268,26.9737],[94.4092,26.9699],[94.377,26.9769],[94.3608,26.9743],[94.324,26.9498],[94.3009,26.9123],[94.2772,26.8955],[94.2637,26.8724],[94.2503,26.8653],[94.2214,26.8611],[94.2002,26.8741],[94.1639,26.8754],[94.1219,26.8571],[94.1072,26.8666],[94.0904,26.8641],[94.0805,26.8757],[94.0328,26.878],[94.0055,26.8587],[93.9962,26.8715],[93.981,26.858],[93.9685,26.8664],[93.9389,26.866],[93.9237,26.8566],[93.9085,26.8597],[93.9049,26.8547],[93.8915,26.8545],[93.8721,26.8458],[93.841,26.842],[93.8203,26.8264]],[[95.265,27.6822],[95.2487,27.6556],[95.2372,27.6558],[95.2217,27.6673],[95.2143,27.6663],[95.159,27.6348],[95.1533,27.6257],[95.1334,27.6307],[95.1134,27.5941],[95.0844,27.5793],[95.0752,27.5648],[95.1029,27.5508],[95.1026,27.5434],[95.0803,27.5426],[95.0666,27.5495],[95.0492,27.5416],[95.0432,27.5573],[95.0244,27.5675],[95.0031,27.5574],[94.9809,27.5588],[94.9652,27.5707],[94.9341,27.5573],[94.912,27.5563],[94.8893,27.5483],[94.8632,27.5302],[94.8552,27.5129],[94.8445,27.5167],[94.8263,27.501],[94.8061,27.4956]],[[95.121,27.7218],[95.1181,27.7157],[95.1078,27.7157],[95.1044,27.7049],[95.0806,27.6865],[95.0675,27.6885],[95.0444,27.677]],[[89.9403,25.8969],[89.9178,25.8679],[89.9043,25.8169],[89.8608,25.7994],[89.867,25.7736],[89.8587,25.7317],[89.8327,25.734],[89.8069,25.7261],[89.772,25.727],[89.7457,25.7088],[89.7436,25.6744],[89.7599,25.6309],[89.732,25.607],[89.7245,25.5929],[89.7249,25.5861],[89.7404,25.5672],[89.7423,25.5553],[89.7543,25.5456],[89.7511,25.5199],[89.7395,25.4885],[89.738,25.4627],[89.743,25.4441],[89.7119,25.4137],[89.716,25.3879],[89.7104,25.3782],[89.6803,25.3466],[89.6634,25.345],[89.6658,25.3119],[89.6586,25.2986],[89.67,25.2824],[89.6716,25.2708],[89.6566,25.2431],[89.6611,25.235],[89.6591,25.2225],[89.6809,25.1995]],[[92.567,26.5975],[92.5381,26.5806],[92.5124,26.5894],[92.4893,26.5875],[92.443,26.5506],[92.3993,26.5351],[92.3677,26.5326],[92.3483,26.5062],[92.3463,26.4934],[92.3268,26.4867],[92.3221,26.4728],[92.3142,26.4658],[92.2758,26.4611],[92.2291,26.4473],[92.2209,26.4313],[92.1914,26.4289],[92.1834,26.4097],[92.1545,26.4],[92.1444,26.3916],[92.1446,26.3527],[92.131,26.3371],[92.1076,26.3322],[92.0735,26.3148],[92.0538,26.3122],[92.0341,26.3183],[92.0158,26.3096],[91.9859,26.3051],[91.9499,26.2871],[91.9306,26.2661],[91.8924,26.2567],[91.8722,26.2376],[91.8401,26.2384],[91.8189,26.2312],[91.7956,26.2349],[91.7164,26.18],[91.661,26.1756],[91.6147,26.1782]],[[91.6147,26.1782],[91.5998,26.1754],[91.5549,26.146],[91.5092,26.1242],[91.4856,26.1206],[91.4591,26.1254],[91.3243,26.1785],[91.2684,26.1856],[91.2419,26.2072],[91.1272,26.2107],[91.1153,26.2321],[91.0778,26.2448],[91.0267,26.2406],[90.9874,26.2048],[90.9699,26.1986],[90.931,26.1979],[90.9049,26.2064],[90.8753,26.2087],[90.856,26.1858],[90.827,26.1854],[90.8069,26.1663],[90.795,26.1673],[90.7633,26.1834],[90.7198,26.1971],[90.6891,26.1848],[90.6689,26.1909],[90.6268,26.1931],[90.5611,26.2123]],[[89.9403,25.8969],[89.9221,25.8842],[89.8837,25.8826],[89.8722,25.8769],[89.864,25.8797],[89.83,25.8492],[89.7966,25.8448],[89.7875,25.8273],[89.7896,25.8146],[89.7488,25.7814]],[[90.3705,26.1841],[90.3372,26.183],[90.3231,26.1367],[90.2796,26.12],[90.2713,26.105],[90.2365,26.1053],[90.2185,26.0864],[90.1719,26.078],[90.1207,26.0515],[90.0845,26.0438],[90.0634,26.0509],[90.0348,26.0276],[89.9999,26.0212],[89.9643,25.9849],[89.9623,25.9727],[89.9688,25.9649],[89.9682,25.9567],[89.955,25.942],[89.9591,25.9279],[89.9466,25.9142],[89.9403,25.8969]],[[90.5611,26.2123],[90.5321,26.2223],[90.5002,26.2264],[90.4742,26.2178],[90.4476,26.218],[90.4302,26.2034],[90.4066,26.2124],[90.3705,26.1841]],[[90.9969,26.1196],[90.9378,26.0947],[90.8972,26.0895],[90.8551,26.0972],[90.8322,26.1099],[90.7893,26.1206],[90.7637,26.1336],[90.7278,26.1212]],[[93.8203,26.8264],[93.8097,26.8209],[93.7833,26.8208],[93.7479,26.7883],[93.7172,26.7701],[93.7045,26.7688],[93.6972,26.7569],[93.6581,26.7472],[93.6366,26.7363],[93.6212,26.7368],[93.6146,26.731],[93.5825,26.7336],[93.5619,26.7287],[93.538,26.7144],[93.5269,26.7126],[93.4942,26.7337],[93.4766,26.7601],[93.4603,26.7654],[93.4233,26.7602],[93.4004,26.7646],[93.3762,26.7503],[93.3234,26.7497],[93.3016,26.7353],[93.2949,26.7005],[93.2811,26.679],[93.243,26.6809],[93.1938,26.6425],[93.1859,26.6429],[93.1677,26.6558],[93.1348,26.6574],[93.1155,26.6698],[93.1002,26.6732],[93.0702,26.6407],[93.0156,26.6468],[92.9939,26.6282],[92.9789,26.6295],[92.9191,26.617],[92.8804,26.618],[92.8427,26.6029],[92.7693,26.6138],[92.7449,26.5957],[92.7262,26.596],[92.7125,26.5802],[92.6832,26.5878],[92.6406,26.5801],[92.6343,26.5743],[92.6168,26.5757],[92.6022,26.5857],[92.567,26.5975]]]}},{"type":"Feature","properties":{"name":"Nambul River","major":false},"geometry":{"type":"LineString","coordinates":[[93.8965,24.8692],[93.8916,24.8698],[93.8861,24.8542],[93.875,24.8486],[93.8769,24.8396],[93.8694,24.8226],[93.8829,24.8192],[93.8894,24.8068],[93.9333,24.8072],[93.937,24.7894],[93.9032,24.7214],[93.8927,24.7123],[93.8904,24.6942],[93.8943,24.6919],[93.8867,24.682],[93.882,24.6618],[93.8678,24.6426],[93.8693,24.6346],[93.8132,24.6116]]}},{"type":"Feature","properties":{"name":"Luhit River","major":false},"geometry":{"type":"LineString","coordinates":[[94.2397,27.0818],[94.2323,27.0809],[94.2198,27.0677],[94.2178,27.0562],[94.2292,27.0479],[94.2146,27.0309],[94.2058,27.0283],[94.1987,27.0331],[94.1854,27.0323],[94.1787,27.0474],[94.1666,27.0484],[94.1655,27.0286],[94.1717,27.0109],[94.1659,26.9974],[94.1544,26.9924],[94.1325,27.009],[94.1211,27.0042],[94.1224,26.9924],[94.1383,26.9788],[94.1322,26.9692],[94.1109,26.9751],[94.08,26.9601],[94.0725,26.9659],[94.0684,26.9842],[94.0481,26.9773],[94.0304,26.9867],[94.0205,26.9809],[94.0141,26.9531]]}},{"type":"Feature","properties":{"name":"Subansiri","major":true},"geometry":{"type":"MultiLineString","coordinates":[[[94.2625,27.5311],[94.2938,27.5087],[94.2948,27.5037],[94.2857,27.4946],[94.2755,27.4689],[94.2583,27.4557],[94.2425,27.435],[94.2378,27.414],[94.2402,27.3886],[94.2129,27.3721],[94.2171,27.3605],[94.2334,27.3504],[94.2327,27.3422],[94.2236,27.3351],[94.201,27.3312],[94.2098,27.3079],[94.2003,27.2851],[94.1996,27.269],[94.2029,27.2635],[94.2218,27.2564],[94.2226,27.252],[94.215,27.242],[94.1922,27.2334],[94.1873,27.2262],[94.1908,27.2087],[94.1736,27.1857],[94.1812,27.1674],[94.1746,27.1551],[94.1888,27.1417],[94.1884,27.1151],[94.159,27.0987],[94.155,27.0783],[94.1461,27.0648],[94.1066,27.0305],[94.1025,27.0167],[94.0718,27.0264],[94.0503,27.0203],[94.0347,27.0051],[94.0179,27.0055],[94.0087,26.976],[94.0008,26.962],[93.991,26.956],[93.9915,26.9459],[93.9665,26.9301],[93.9624,26.9209],[93.9339,26.8966]],[[94.3277,27.7055],[94.3185,27.7033],[94.311,27.6913],[94.2458,27.65],[94.2274,27.6344],[94.2095,27.6094],[94.2124,27.6015],[94.2264,27.5968],[94.2217,27.5877],[94.2257,27.5749],[94.2473,27.5686],[94.2582,27.5561],[94.2565,27.5387],[94.2625,27.5311]],[[94.2401,27.4183],[94.2587,27.4067],[94.2587,27.3908],[94.2643,27.3811],[94.2792,27.3844],[94.2749,27.3756],[94.2913,27.3601]],[[94.2913,27.3601],[94.2941,27.3557],[94.2784,27.3425],[94.2804,27.3238],[94.2715,27.3082],[94.2594,27.3041],[94.2491,27.3069],[94.2338,27.3001],[94.2428,27.27],[94.2386,27.257],[94.2594,27.2405],[94.2762,27.2382],[94.2728,27.2264],[94.2544,27.2196],[94.2488,27.2069],[94.2519,27.1989],[94.2244,27.1721],[94.1988,27.1655],[94.1939,27.1465],[94.1997,27.1278],[94.1938,27.1193],[94.1945,27.1106],[94.1675,27.1014]],[[94.2496,27.9856],[94.2641,27.9858],[94.2924,27.9658],[94.2951,27.9544],[94.3055,27.9416],[94.3152,27.9052],[94.324,27.8953],[94.3168,27.8564],[94.3507,27.8321],[94.3379,27.816],[94.3421,27.8069],[94.331,27.8036],[94.3302,27.7931],[94.3166,27.7742]],[[94.3166,27.7742],[94.3107,27.7509],[94.3137,27.7383],[94.3347,27.7245],[94.3464,27.7318],[94.356,27.7273],[94.354,27.7148],[94.3277,27.7055]]]}},{"type":"Feature","properties":{"name":"Basheay River","major":false},"geometry":{"type":"MultiLineString","coordinates":[[[91.7662,24.8149],[91.7806,24.8279],[91.7959,24.8259],[91.8092,24.8339],[91.8172,24.8311],[91.8137,24.8518],[91.8193,24.8666],[91.8133,24.87],[91.81,24.883],[91.8202,24.8918],[91.8136,24.904]],[[91.8136,24.904],[91.8136,24.9044]],[[91.8136,24.9044],[91.8113,24.906]]]}},{"type":"Feature","properties":{"name":"সুতিয়া নদী","major":false},"geometry":{"type":"LineString","coordinates":[[90.3361,24.7442],[90.3429,24.7354],[90.3481,24.7386],[90.3563,24.7352],[90.3564,24.7111],[90.3682,24.7105],[90.3692,24.6897],[90.3913,24.6803],[90.3954,24.6628],[90.3808,24.6601],[90.3776,24.6502],[90.3936,24.6308],[90.3874,24.629],[90.381,24.617],[90.386,24.6131],[90.3811,24.6051],[90.3926,24.5868],[90.3917,24.5757],[90.4142,24.5681],[90.4234,24.5559],[90.4313,24.5593],[90.4404,24.5535],[90.4444,24.5584],[90.4517,24.5532],[90.4588,24.557],[90.4644,24.5488],[90.4694,24.5537],[90.4727,24.5512],[90.4689,24.5412],[90.4639,24.5398],[90.4679,24.5209],[90.4641,24.514],[90.4595,24.5168],[90.4568,24.5127],[90.4584,24.5043],[90.4501,24.5046],[90.449,24.4945],[90.4618,24.4831],[90.4658,24.4714],[90.4717,24.4696],[90.4638,24.4591]]}},{"type":"Feature","properties":{"name":"Aymon River","major":false},"geometry":{"type":"MultiLineString","coordinates":[[[90.2676,24.7745],[90.2706,24.7634],[90.2818,24.7548],[90.2731,24.7422],[90.2735,24.7338]],[[90.2902,24.7111],[90.2838,24.6996],[90.2639,24.6935],[90.2581,24.7],[90.2536,24.6911],[90.2467,24.691],[90.2498,24.6757],[90.2432,24.6678]]]}},{"type":"Feature","properties":{"name":"Simsang Someshwari River","major":false},"geometry":{"type":"LineString","coordinates":[[90.3223,25.4794],[90.3546,25.518],[90.3497,25.5229],[90.354,25.5344],[90.3491,25.537],[90.3533,25.5421],[90.3495,25.5461],[90.3399,25.5447],[90.3402,25.5506],[90.3512,25.561],[90.3536,25.557],[90.3612,25.5587],[90.3781,25.5523],[90.3876,25.5393],[90.393,25.5416],[90.3986,25.5372],[90.401,25.5478],[90.4051,25.5455],[90.4212,25.5517],[90.4355,25.5652],[90.4479,25.5648],[90.4776,25.5751],[90.4948,25.574],[90.4978,25.5679],[90.5113,25.5664],[90.5219,25.5774],[90.5261,25.5765],[90.5273,25.5689],[90.5348,25.567],[90.5351,25.5592],[90.5481,25.5458],[90.5854,25.5376],[90.5797,25.5255],[90.5956,25.5168],[90.5901,25.5094],[90.6027,25.4977],[90.6085,25.496],[90.6068,25.5026],[90.612,25.5074],[90.6305,25.5007],[90.6191,25.486],[90.6214,25.4726],[90.6317,25.4811],[90.6587,25.4783],[90.6656,25.4841],[90.6706,25.4743],[90.6777,25.4813],[90.6894,25.4777],[90.6942,25.4714],[90.686,25.4693],[90.6875,25.4628],[90.6984,25.4628],[90.7038,25.4533],[90.7185,25.4595],[90.7116,25.4644],[90.7125,25.4723],[90.7189,25.4682],[90.7391,25.478],[90.7541,25.4687],[90.7563,25.4564],[90.7511,25.4499],[90.7615,25.4455],[90.7549,25.4299],[90.7637,25.4182],[90.7622,25.3965],[90.7481,25.3902],[90.7483,25.3786],[90.6948,25.3517],[90.6875,25.3537],[90.6808,25.3465],[90.6799,25.3256],[90.6615,25.3171],[90.6585,25.3047],[90.6606,25.2887],[90.6715,25.2854],[90.6684,25.274],[90.6843,25.272],[90.6893,25.2609],[90.673,25.2641],[90.6778,25.252],[90.6757,25.2378],[90.6685,25.2304],[90.6645,25.2318],[90.6634,25.2468],[90.6496,25.2559],[90.6367,25.2268],[90.6368,25.2063],[90.6531,25.1923],[90.667,25.1611],[90.6657,25.1308],[90.6697,25.1168]]}},{"type":"Feature","properties":{"name":"因通河","major":false},"geometry":{"type":"LineString","coordinates":[[96.0105,28.2992],[95.9911,28.3315],[95.9835,28.3295],[95.9565,28.345],[95.9466,28.3618],[95.9191,28.3879],[95.9195,28.3945],[95.8956,28.4014],[95.8991,28.4102],[95.8902,28.4123],[95.8835,28.4234],[95.8607,28.4342],[95.8381,28.4318]]}},{"type":"Feature","properties":{"name":"Namphuk River","major":false},"geometry":{"type":"LineString","coordinates":[[96.4334,27.3428],[96.4145,27.3274],[96.3996,27.326],[96.3807,27.3164],[96.3077,27.3255],[96.2668,27.3152],[96.2664,27.3091],[96.254,27.3109],[96.2342,27.3034],[96.2239,27.3034],[96.2062,27.3141],[96.1983,27.3138],[96.1965,27.3095],[96.1736,27.3126],[96.1733,27.3083],[96.162,27.3038],[96.1612,27.3082],[96.1543,27.3082],[96.1561,27.3147],[96.1435,27.3285],[96.1488,27.3297],[96.1626,27.3476],[96.1622,27.3561],[96.1695,27.3558],[96.184,27.3782],[96.1753,27.3864],[96.18,27.3929],[96.1741,27.3912],[96.1695,27.3955],[96.173,27.4048],[96.1594,27.4018],[96.1615,27.3982],[96.1676,27.4003],[96.1656,27.3954],[96.1467,27.3789],[96.1376,27.3798],[96.1374,27.3855],[96.1321,27.3819],[96.1342,27.3764],[96.1272,27.376],[96.1285,27.3828],[96.121,27.3877],[96.1183,27.3828],[96.1148,27.3847],[96.1162,27.394],[96.1126,27.3958],[96.117,27.4001],[96.1024,27.4236],[96.0838,27.4213],[96.0749,27.4271]]}},{"type":"Feature","properties":{"name":"ব্রহ্মপুত্র নদী","major":false},"geometry":{"type":"LineString","coordinates":[[89.9056,24.9708],[89.9249,24.9725],[89.9442,24.9612],[89.9502,24.9398],[89.9639,24.9239],[89.9823,24.9155],[89.9823,24.9056],[89.9961,24.9016],[89.9932,24.8922],[90.0123,24.8857],[90.012,24.8769],[90.0196,24.8733],[90.0365,24.8738],[90.0578,24.8864],[90.08,24.8768],[90.095,24.8918],[90.1004,24.8878],[90.0968,24.8764],[90.1016,24.8709],[90.1304,24.8713],[90.1416,24.8761],[90.1533,24.8729],[90.176,24.8819],[90.1907,24.8955],[90.2004,24.8964],[90.2185,24.8913],[90.2157,24.8773],[90.2353,24.8745],[90.2414,24.8675],[90.2594,24.8751],[90.2698,24.8715],[90.2712,24.8598],[90.2493,24.8464],[90.2562,24.84],[90.2821,24.8338],[90.289,24.8375],[90.2887,24.8156]]}},{"type":"Feature","properties":{"name":"Champamati","major":false},"geometry":{"type":"MultiLineString","coordinates":[[[90.3429,26.9333],[90.3566,26.9184],[90.3554,26.8987],[90.3408,26.8624],[90.3453,26.8181],[90.3398,26.7909],[90.3448,26.7752],[90.3377,26.7671],[90.3501,26.7339],[90.3336,26.7054],[90.3653,26.6329]],[[90.3653,26.6329],[90.3668,26.627],[90.3565,26.6189],[90.3548,26.6072],[90.3689,26.5856],[90.3646,26.5774]],[[90.3646,26.5774],[90.3562,26.5762],[90.3577,26.5623],[90.3519,26.5593],[90.3623,26.5472],[90.3813,26.5433],[90.3823,26.5329],[90.3919,26.5304],[90.3862,26.5162],[90.3986,26.5206],[90.4025,26.5171],[90.3963,26.5091],[90.401,26.5007],[90.3963,26.4935],[90.4007,26.487],[90.3944,26.4833]],[[90.3944,26.4833],[90.4031,26.4677],[90.4025,26.4452],[90.4127,26.4304],[90.425,26.4321],[90.4246,26.4191],[90.4301,26.4076],[90.44,26.4048],[90.4388,26.3885],[90.4458,26.377],[90.439,26.3528],[90.442,26.3403],[90.4481,26.3305],[90.4681,26.3244],[90.4732,26.306],[90.4851,26.2956],[90.4803,26.2837],[90.4721,26.2779],[90.4787,26.2668],[90.4771,26.2616],[90.4632,26.2646],[90.432,26.2564]],[[90.432,26.2564],[90.42,26.2473],[90.4111,26.2188],[90.3868,26.2098],[90.3758,26.1867]]]}},{"type":"Feature","properties":{"name":"Digaru River","major":false},"geometry":{"type":"LineString","coordinates":[[91.9755,26.0939],[91.9775,26.1128],[91.9735,26.1153],[91.9838,26.1303],[91.9885,26.1301],[91.989,26.143],[91.9934,26.1472],[91.9902,26.1504],[91.9982,26.1511],[91.9898,26.1687],[91.9962,26.1835],[91.9952,26.1954],[91.9876,26.2027],[91.9645,26.2105],[91.9635,26.2221],[91.9579,26.2241],[91.9609,26.2294]]}},{"type":"Feature","properties":{"name":"Doyang","major":false},"geometry":{"type":"MultiLineString","coordinates":[[[94.262,26.2324],[94.2548,26.2263],[94.2487,26.2288],[94.2484,26.222],[94.2244,26.1958],[94.2005,26.188],[94.1941,26.1761],[94.201,26.1611],[94.1914,26.1653],[94.1729,26.1509],[94.174,26.1427],[94.158,26.1339],[94.1648,26.1262],[94.1531,26.1195],[94.1534,26.1146],[94.1471,26.1149],[94.1492,26.1103],[94.1392,26.107],[94.1394,26.1031],[94.1342,26.1042],[94.1367,26.0998],[94.1244,26.0961],[94.1244,26.0883],[94.1188,26.0847],[94.1215,26.0791],[94.1023,26.0733],[94.1013,26.0609],[94.0939,26.0594],[94.0892,26.0511],[94.0884,26.0469],[94.0941,26.0441],[94.0911,26.0427]],[[94.0056,26.0561],[93.9996,26.0564],[93.9999,26.0631],[93.9867,26.0697],[93.98,26.0831],[93.9895,26.0878],[93.9889,26.1009],[93.9982,26.107],[94.0001,26.1154],[93.9927,26.1206],[93.9981,26.126],[93.9992,26.1425],[93.9938,26.1455],[94.0012,26.1501],[93.9961,26.1582],[94.0038,26.161],[93.9985,26.166],[93.9908,26.1643],[93.996,26.1713],[93.9947,26.1845],[93.9808,26.175],[93.9704,26.1824]],[[94.1943,25.5667],[94.1964,25.5824],[94.2125,25.6005],[94.2143,25.6107],[94.2097,25.6138],[94.208,25.6288],[94.2141,25.6312],[94.2198,25.6576],[94.2136,25.6738],[94.2315,25.6973],[94.2298,25.7136],[94.2489,25.7418],[94.2483,25.7489],[94.254,25.7517],[94.2649,25.7775],[94.2761,25.79]],[[94.0911,26.0427],[94.0727,26.0299],[94.0693,26.022],[94.0596,26.0208],[94.0564,26.0259],[94.0406,26.0301],[94.032,26.043],[94.0162,26.0451],[94.0056,26.0561]],[[93.9704,26.1824],[93.9675,26.1954],[93.977,26.2033],[93.9753,26.2119],[93.9881,26.2024],[93.9816,26.2148],[93.9702,26.2193],[93.9746,26.2277],[93.9822,26.2224],[93.9868,26.226],[93.9741,26.2378],[93.9895,26.2469],[93.9742,26.2552],[93.9733,26.2607],[93.98,26.2672],[93.9689,26.2717],[93.9804,26.274],[93.9815,26.2799],[93.9739,26.2853],[93.9788,26.2925],[93.9743,26.2989],[93.9869,26.3059],[93.9706,26.3316],[93.9568,26.3283],[93.9733,26.3376],[93.9628,26.3472],[93.9743,26.3562],[93.9649,26.3624],[93.971,26.369],[93.9681,26.3761],[93.9614,26.3766],[93.955,26.3705],[93.9462,26.3795],[93.9492,26.3897],[93.959,26.3942],[93.9544,26.41],[93.9415,26.413],[93.9653,26.4278],[93.9489,26.4332],[93.9653,26.4421],[93.9537,26.4477]]]}},{"type":"Feature","properties":{"name":"Burai River","major":false},"geometry":{"type":"MultiLineString","coordinates":[[[93.4911,27.1025],[93.4928,27.0947],[93.4988,27.0974],[93.5125,27.076],[93.5238,27.0671],[93.5223,27.0606],[93.4881,27.0558],[93.4926,27.0505],[93.4833,27.0491],[93.4802,27.042],[93.4773,27.0481],[93.4735,27.0422],[93.4622,27.0447],[93.4577,27.032],[93.4482,27.0278],[93.4461,27.0339],[93.4447,27.0284],[93.4328,27.0315],[93.4385,27.0255],[93.4342,27.0199],[93.4109,27.0055],[93.4213,26.9959],[93.4216,26.9907],[93.417,26.991],[93.421,26.9855],[93.4134,26.9807],[93.4123,26.9765],[93.4169,26.9746],[93.4082,26.9695],[93.4091,26.961],[93.4038,26.9599],[93.407,26.9519],[93.3999,26.9411],[93.4077,26.9352],[93.4148,26.9051],[93.4073,26.8898],[93.4105,26.876],[93.4066,26.8661],[93.419,26.8513],[93.4182,26.8377],[93.4294,26.8127],[93.433,26.7793],[93.4243,26.7726],[93.4494,26.7707],[93.4527,26.7655]],[[93.4588,27.0389],[93.458,27.0358]]]}},{"type":"Feature","properties":{"name":"Dalalma River","major":false},"geometry":{"type":"MultiLineString","coordinates":[[[92.8602,25.1992],[92.8588,25.2233],[92.8677,25.2262],[92.8726,25.2473],[92.8674,25.2551],[92.8799,25.2649],[92.8722,25.2797],[92.8815,25.291],[92.8723,25.2899],[92.8678,25.301],[92.8812,25.3031],[92.8874,25.3145],[92.8999,25.3061],[92.9181,25.309],[92.9228,25.3211],[92.9361,25.3197],[92.9314,25.3295],[92.936,25.3353]],[[92.8904,25.1419],[92.8949,25.1527],[92.8757,25.1702],[92.8732,25.1882],[92.8602,25.1992]]]}},{"type":"Feature","properties":{"name":"Dikrong River","major":false},"geometry":{"type":"MultiLineString","coordinates":[[[93.5633,27.1332],[93.591,27.1419],[93.5937,27.1291],[93.6086,27.1114],[93.6083,27.1019],[93.6009,27.0993],[93.6039,27.0906],[93.5948,27.0784],[93.6005,27.0774],[93.5969,27.0727],[93.6041,27.0715],[93.6124,27.0799],[93.6112,27.0751],[93.6274,27.0664],[93.6475,27.0749],[93.6646,27.076],[93.6595,27.0813],[93.6691,27.0813],[93.6735,27.0869],[93.6795,27.0836],[93.6821,27.0924],[93.697,27.0861],[93.6994,27.0906],[93.6891,27.0965],[93.6841,27.1063],[93.6918,27.108],[93.6979,27.1174],[93.7093,27.1197],[93.7275,27.139],[93.7482,27.1385]],[[93.7482,27.1385],[93.7627,27.1231],[93.7839,27.1324],[93.8157,27.1236],[93.8376,27.1037],[93.8588,27.1042],[93.8651,27.0999],[93.8674,27.089],[93.904,27.0799],[93.9206,27.0641],[93.9307,27.0403],[93.9251,27.0197],[93.9326,26.9953],[93.9557,26.9808],[93.9674,26.9798],[93.9799,26.9858],[93.992,26.9832],[93.9945,26.9792],[93.9876,26.9628],[93.9923,26.9574]],[[93.4206,27.2264],[93.4198,27.2327],[93.4253,27.2298],[93.4353,27.2342],[93.471,27.2295],[93.4988,27.248],[93.5051,27.2398],[93.5145,27.2414],[93.5145,27.2328],[93.5306,27.232],[93.5363,27.2246],[93.539,27.2305],[93.5576,27.2317],[93.5691,27.2272],[93.5705,27.2219],[93.5793,27.2227],[93.5803,27.2179],[93.5953,27.2206],[93.6152,27.2028],[93.634,27.2115],[93.6443,27.2104],[93.6463,27.2151],[93.6612,27.2129],[93.6738,27.2185],[93.6894,27.2139],[93.7095,27.2281],[93.7109,27.2351],[93.7349,27.2424],[93.7462,27.2364],[93.7616,27.2422],[93.7811,27.2592],[93.7847,27.255],[93.7993,27.2572],[93.8121,27.2515],[93.8068,27.2448],[93.8131,27.2445],[93.8102,27.228],[93.8162,27.2311],[93.8176,27.2172],[93.8105,27.2089],[93.8029,27.2106],[93.8032,27.2058],[93.7901,27.1954],[93.784,27.1955],[93.7891,27.1807],[93.7806,27.1684],[93.7682,27.1696],[93.7644,27.1631],[93.7565,27.1614],[93.7569,27.1571],[93.7416,27.158],[93.7515,27.1518],[93.744,27.1444],[93.7482,27.1385]]]}},{"type":"Feature","properties":{"name":"Diyun;Dihing;Dehing;Noa Dehing","major":true},"geometry":{"type":"LineString","coordinates":[[96.2197,27.4958],[96.2111,27.5041],[96.1414,27.513],[96.0362,27.5103],[95.9995,27.5201],[95.9847,27.5134],[95.9769,27.5165],[95.9479,27.5516],[95.928,27.5533],[95.9164,27.5732]]}},{"type":"Feature","properties":{"name":"Noa Dihing River","major":true},"geometry":{"type":"LineString","coordinates":[[95.9164,27.5732],[95.91,27.5865],[95.901,27.5933],[95.89,27.5975],[95.8748,27.5957],[95.8732,27.6092],[95.8849,27.6199],[95.8837,27.6279],[95.8523,27.6328],[95.8412,27.6473],[95.8424,27.6569],[95.8279,27.6694],[95.811,27.6708],[95.792,27.6626],[95.7875,27.6728],[95.7916,27.6849],[95.7856,27.6888],[95.7591,27.6884],[95.7585,27.6988],[95.7817,27.7158],[95.7737,27.7193],[95.7549,27.7484]]}},{"type":"Feature","properties":{"name":"Tupui","major":false},"geometry":{"type":"LineString","coordinates":[[93.7958,24.9681],[93.7872,24.9624],[93.7691,24.9609],[93.7451,24.9428],[93.727,24.9387],[93.7126,24.9175],[93.7056,24.9146],[93.7095,24.8889],[93.7229,24.878]]}},{"type":"Feature","properties":{"name":"Tuipi Lui","major":false},"geometry":{"type":"MultiLineString","coordinates":[[[93.3884,24.5029],[93.399,24.507],[93.4078,24.5181],[93.3834,24.5268],[93.3806,24.5355],[93.3903,24.5599],[93.3877,24.5679]],[[93.3418,24.377],[93.3472,24.3812],[93.3427,24.389],[93.3523,24.3947],[93.3512,24.4017],[93.3562,24.4015],[93.3482,24.4112],[93.3564,24.4207],[93.352,24.4235],[93.3569,24.4253],[93.3588,24.434],[93.3498,24.4375],[93.3556,24.4458],[93.3527,24.4472],[93.3562,24.4537],[93.3718,24.4519],[93.3837,24.4714],[93.3796,24.4777],[93.3842,24.4811],[93.3814,24.4851],[93.3868,24.4865],[93.3837,24.4902],[93.3884,24.5029]],[[93.294,24.2808],[93.313,24.2966],[93.3188,24.3117],[93.3165,24.3176],[93.3235,24.3246],[93.3222,24.3315],[93.332,24.333],[93.3267,24.3374],[93.3352,24.3508],[93.3216,24.3753],[93.3418,24.377]]]}},{"type":"Feature","properties":{"name":"Iring","major":false},"geometry":{"type":"MultiLineString","coordinates":[[[93.5519,24.807],[93.508,24.826],[93.5062,24.8223]],[[93.6818,24.9641],[93.6548,24.9354],[93.6561,24.9164],[93.6463,24.9062],[93.6487,24.901],[93.6415,24.8968],[93.6395,24.8783],[93.6325,24.8773],[93.6333,24.8737]],[[93.6333,24.8737],[93.6242,24.8632],[93.6263,24.8604]],[[93.7229,24.878],[93.7331,24.8582]],[[93.7167,24.9941],[93.6818,24.9641]]]}},{"type":"Feature","properties":{"name":"Leimatak","major":false},"geometry":{"type":"MultiLineString","coordinates":[[[93.6103,24.6874],[93.6026,24.6936],[93.5973,24.6921],[93.5951,24.6974],[93.5908,24.6952],[93.5837,24.7141],[93.5886,24.7187],[93.5843,24.721],[93.5877,24.7339],[93.5814,24.7369],[93.5869,24.7427],[93.5844,24.7451],[93.5899,24.7447],[93.5867,24.7493],[93.592,24.7546],[93.5835,24.7657],[93.5873,24.7736],[93.5705,24.7852],[93.5624,24.8065],[93.5604,24.8028],[93.5519,24.807]],[[93.6342,24.6437],[93.6331,24.65],[93.6189,24.6597],[93.6162,24.6824],[93.6103,24.6874]],[[93.5707,24.4981],[93.5873,24.4937],[93.6088,24.5094],[93.607,24.5129],[93.6249,24.5305],[93.6241,24.5356],[93.6435,24.54],[93.6472,24.5534],[93.6566,24.5549],[93.6575,24.5732],[93.6692,24.5769]],[[93.6692,24.5769],[93.6744,24.5825],[93.6659,24.5897],[93.6641,24.5997],[93.659,24.6011],[93.6613,24.6101],[93.6543,24.6153],[93.6541,24.6245],[93.634,24.6396],[93.6342,24.6437]]]}},{"type":"Feature","properties":{"name":"Irang River","major":false},"geometry":{"type":"MultiLineString","coordinates":[[[93.5872,24.9862],[93.5904,24.9756],[93.5863,24.9601],[93.6035,24.9424],[93.5995,24.9183],[93.5831,24.9059],[93.5769,24.9086],[93.5738,24.9048],[93.5471,24.9161],[93.5327,24.8952],[93.5206,24.8929],[93.5143,24.8714],[93.5053,24.8715],[93.5118,24.8678],[93.5095,24.8616],[93.4983,24.8549],[93.4966,24.8452],[93.504,24.8412],[93.498,24.8376],[93.5062,24.8223]],[[93.7743,25.1537],[93.7428,25.1669],[93.7277,25.1497],[93.7003,25.1426],[93.698,25.1151],[93.6898,25.1059],[93.6717,25.1015],[93.6668,25.0888],[93.6548,25.0815],[93.6496,25.0651],[93.6349,25.048],[93.6356,25.0374],[93.6224,25.026],[93.6228,25.0159],[93.605,24.9967],[93.5872,24.9862]],[[93.945,25.2906],[93.9319,25.2853],[93.9075,25.2842],[93.886,25.2571],[93.8694,25.251],[93.8533,25.2286],[93.8204,25.2184],[93.8162,25.2069],[93.8102,25.2063],[93.812,25.2018],[93.7964,25.175],[93.7837,25.1662],[93.7833,25.1573],[93.7774,25.1591],[93.7787,25.1543],[93.7743,25.1537]],[[93.5062,24.8223],[93.5025,24.7697],[93.5187,24.752],[93.5221,24.7325],[93.5059,24.7164],[93.4844,24.7236],[93.4481,24.7197],[93.4449,24.7121],[93.4477,24.6892],[93.4347,24.6757],[93.4391,24.646],[93.4275,24.6325],[93.4042,24.6197],[93.4059,24.6099],[93.3987,24.5906],[93.3908,24.583],[93.3877,24.5679],[93.3448,24.5794],[93.3338,24.5696],[93.2819,24.5689],[93.2838,24.5635],[93.2685,24.5471],[93.2739,24.5442],[93.2598,24.5272],[93.2666,24.5228],[93.2648,24.5124],[93.2526,24.5112],[93.2441,24.5176],[93.2358,24.515],[93.2212,24.4958],[93.1912,24.5247],[93.1834,24.525],[93.1816,24.5147],[93.1716,24.52]],[[93.6001,24.9196],[93.5979,24.918]]]}},{"type":"Feature","properties":{"name":"Papu River","major":false},"geometry":{"type":"LineString","coordinates":[[93.3301,27.3845],[93.3035,27.3831],[93.283,27.3715],[93.2828,27.3651],[93.2693,27.3727],[93.2598,27.3718],[93.255,27.3654],[93.242,27.3671],[93.2415,27.3607],[93.2237,27.353],[93.2235,27.3474],[93.2075,27.3434],[93.2047,27.3304],[93.195,27.3268],[93.191,27.3195],[93.1803,27.3161],[93.1778,27.3107],[93.1699,27.3117],[93.1718,27.3044],[93.1673,27.304],[93.1625,27.2925],[93.1597,27.2989],[93.1545,27.2931],[93.1514,27.298],[93.1301,27.287],[93.1194,27.2869],[93.1116,27.2944],[93.0892,27.2922],[93.0805,27.2812],[93.0555,27.2659],[93.0563,27.2588],[93.0432,27.2462],[93.0465,27.2433],[93.0352,27.2255],[93.0076,27.2225],[92.9982,27.2283],[92.9927,27.2231],[92.9846,27.2274],[92.9651,27.2263],[92.9355,27.218],[92.9284,27.2208],[92.9118,27.2124],[92.9042,27.2192],[92.9008,27.2171]]}},{"type":"Feature","properties":{"name":"Sipu Korong River","major":false},"geometry":{"type":"MultiLineString","coordinates":[[[94.7531,28.0582],[94.7494,28.0612],[94.7517,28.0663],[94.7569,28.0666],[94.7557,28.0713],[94.7636,28.0777],[94.7964,28.088]],[[94.7964,28.088],[94.8017,28.1004],[94.8121,28.0982],[94.804,28.1252],[94.7964,28.1272],[94.7901,28.1386],[94.7978,28.1789]]]}},{"type":"Feature","properties":{"name":"STR4","major":false},"geometry":{"type":"LineString","coordinates":[[94.8615,27.7159],[94.8658,27.6965],[94.8594,27.682],[94.8751,27.64],[94.8717,27.6118],[94.8665,27.6053],[94.8811,27.5862],[94.8772,27.5739]]}},{"type":"Feature","properties":{"name":"Igo River","major":false},"geometry":{"type":"LineString","coordinates":[[94.6574,27.9015],[94.6634,27.907],[94.6833,27.9059],[94.7153,27.8968],[94.742,27.904],[94.7468,27.8957],[94.7571,27.894],[94.7725,27.8789],[94.7877,27.8756],[94.787,27.8623],[94.797,27.863],[94.8046,27.8521],[94.8018,27.8406],[94.807,27.828],[94.8133,27.8265],[94.8183,27.831],[94.8418,27.8212],[94.8526,27.8236],[94.8538,27.8396],[94.8643,27.8452],[94.8725,27.8304],[94.8785,27.829],[94.8846,27.8282],[94.9008,27.8388]]}},{"type":"Feature","properties":{"name":"Jiya Nadi","major":false},"geometry":{"type":"LineString","coordinates":[[95.7645,28.0442],[95.7628,28.0195],[95.7667,28.0188],[95.7596,28.0092],[95.7616,27.9772],[95.7548,27.9625],[95.7645,27.9472],[95.7724,27.916],[95.7843,27.9054],[95.779,27.8929]]}},{"type":"Feature","properties":{"name":"Sumhāk","major":false},"geometry":{"type":"LineString","coordinates":[[95.5013,26.8479],[95.5272,26.8778],[95.5604,26.8986],[95.566,26.9054],[95.5665,26.921],[95.5963,26.9219]]}},{"type":"Feature","properties":{"name":"Tirap River","major":false},"geometry":{"type":"LineString","coordinates":[[95.5963,26.9219],[95.6175,26.935],[95.6242,26.9525],[95.6542,26.965],[95.6578,26.9751],[95.6633,26.9741],[95.6898,26.994],[95.6842,27.0142],[95.6942,27.0275],[95.6901,27.0447],[95.6987,27.0526],[95.7056,27.0826],[95.7139,27.0909],[95.7024,27.1026],[95.7111,27.1293],[95.7192,27.1221],[95.7188,27.1292],[95.7295,27.1282],[95.7361,27.1339],[95.7391,27.128],[95.7541,27.1306],[95.7515,27.1409],[95.7617,27.1375],[95.7643,27.1442],[95.7581,27.1512],[95.7712,27.1468],[95.7646,27.1587],[95.7712,27.1632],[95.7727,27.1571],[95.7769,27.1588],[95.7784,27.1648],[95.7733,27.1694],[95.7899,27.1741],[95.7949,27.1688],[95.8021,27.1771],[95.8046,27.172],[95.809,27.1777],[95.8044,27.1823],[95.8134,27.1843],[95.8157,27.1808],[95.8167,27.1894],[95.8246,27.1977],[95.8336,27.1969],[95.8335,27.1912],[95.8483,27.1947],[95.8474,27.2005],[95.8534,27.1979],[95.8546,27.2044],[95.8493,27.209],[95.8631,27.2183],[95.8732,27.2155],[95.8726,27.224],[95.8982,27.2457],[95.8897,27.2455],[95.8967,27.2527],[95.8941,27.268],[95.9056,27.275],[95.8976,27.2825],[95.9067,27.2822],[95.9088,27.2897],[95.9605,27.3105],[95.9564,27.3178],[95.9624,27.3168],[95.9632,27.3229],[95.9767,27.3261],[95.9659,27.3276],[95.9689,27.3345],[95.9589,27.341],[95.971,27.3529],[95.964,27.3567],[95.956,27.3531],[95.9629,27.3669],[95.9563,27.3643],[95.9484,27.3705],[95.9438,27.3657],[95.941,27.3701],[95.9376,27.3655],[95.9274,27.3729],[95.9214,27.3671],[95.9228,27.3618],[95.9136,27.3582],[95.9019,27.3626],[95.9007,27.368],[95.895,27.3627],[95.8895,27.3666],[95.8858,27.3583],[95.8804,27.3579],[95.8819,27.3531],[95.8734,27.3535],[95.8758,27.3451],[95.8637,27.3435],[95.853,27.3316],[95.8419,27.3408],[95.8417,27.3314],[95.8368,27.3395],[95.8259,27.3384],[95.827,27.3323],[95.8193,27.3377],[95.8174,27.3339],[95.826,27.3266],[95.8181,27.3277],[95.8138,27.3227],[95.8005,27.3271],[95.7971,27.3213],[95.8002,27.3135],[95.7879,27.3084],[95.776,27.3141],[95.7766,27.3255],[95.7518,27.3202],[95.7409,27.3092],[95.731,27.3257]]}},{"type":"Feature","properties":{"name":"娘姆江曲","major":false},"geometry":{"type":"MultiLineString","coordinates":[[[91.7597,27.8269],[91.7383,27.7907]],[[91.7856,28.1802],[91.7899,28.1353],[91.7852,28.1226],[91.791,28.115]],[[91.7811,28.2246],[91.7841,28.2001],[91.7809,28.1951],[91.7882,28.1844],[91.7856,28.1802]],[[91.8032,27.8707],[91.797,27.8613],[91.784,27.8578],[91.7637,27.8379]],[[91.8125,27.9548],[91.8177,27.95],[91.8112,27.925]],[[91.8005,28.0642],[91.8012,28.0554],[91.7909,28.0487],[91.7874,28.0386],[91.7929,28.0296],[91.7916,28.0193],[91.8009,28.0118]],[[91.8009,28.0118],[91.8073,27.9878],[91.7996,27.967],[91.8125,27.9548]],[[91.8112,27.925],[91.802,27.8989]],[[91.7787,28.301],[91.7673,28.2869],[91.7728,28.2399],[91.7811,28.2246]],[[91.7637,27.8379],[91.7597,27.8269]],[[91.802,27.8989],[91.7909,27.8888],[91.7952,27.8771],[91.8032,27.8707]]]}},{"type":"Feature","properties":{"name":"Tissa River","major":false},"geometry":{"type":"LineString","coordinates":[[95.3296,26.7428],[95.3261,26.7736],[95.3406,26.775],[95.3359,26.7797],[95.3394,26.805],[95.3333,26.8105],[95.3336,26.8232],[95.3486,26.834],[95.3546,26.8446],[95.3491,26.849],[95.3539,26.8485],[95.3574,26.8572],[95.3508,26.8572],[95.3518,26.8613],[95.357,26.8613],[95.3603,26.8777],[95.3714,26.8861],[95.363,26.904],[95.365,26.9173],[95.3613,26.9222],[95.3689,26.9272],[95.3615,26.9305],[95.367,26.9388],[95.3631,26.9536],[95.3681,26.9573],[95.3762,26.9549],[95.3705,26.9583],[95.3733,26.9611]]}},{"type":"Feature","properties":{"name":"Nyamjang Chu","major":false},"geometry":{"type":"MultiLineString","coordinates":[[[91.6784,27.5832],[91.6816,27.5578],[91.6883,27.5455],[91.6717,27.5316],[91.6699,27.5175],[91.6743,27.5063],[91.6852,27.5001]],[[91.7197,27.7609],[91.7067,27.7401],[91.7091,27.7337],[91.7227,27.7276],[91.7269,27.7057]],[[91.7383,27.7907],[91.7291,27.7699],[91.7197,27.7609]]]}},{"type":"Feature","properties":{"name":"Mago Chu","major":false},"geometry":{"type":"LineString","coordinates":[[92.1969,27.6793],[92.181,27.6724],[92.1583,27.6738],[92.1161,27.6552],[92.0878,27.6543],[92.0617,27.6306],[92.0339,27.6284],[92.0128,27.621]]}},{"type":"Feature","properties":{"name":"Sichi River","major":false},"geometry":{"type":"LineString","coordinates":[[94.2767,28.4138],[94.2573,28.3835],[94.2199,28.3537],[94.1919,28.3089],[94.1431,28.2735],[94.1419,28.2598],[94.1283,28.2519],[94.1225,28.2418]]}},{"type":"Feature","properties":{"name":"娘姆江曲 Nyamjang Chu","major":false},"geometry":{"type":"LineString","coordinates":[[91.7269,27.7057],[91.7126,27.6957],[91.7118,27.6843],[91.704,27.6722],[91.72,27.6642],[91.7257,27.6545],[91.722,27.6335],[91.7083,27.6155],[91.6912,27.6057],[91.6875,27.5927],[91.6784,27.5832]]}},{"type":"Feature","properties":{"name":"Disang River","major":true},"geometry":{"type":"MultiLineString","coordinates":[[[95.3733,26.9611],[95.3807,26.9622],[95.3733,26.9655],[95.3794,26.9747],[95.3747,26.9771],[95.3778,26.9842],[95.3718,26.9877],[95.3811,27.0026],[95.3752,27.0085],[95.3858,27.0092],[95.3752,27.0154],[95.383,27.0209],[95.3648,27.0232],[95.369,27.0303],[95.3625,27.0367],[95.3802,27.0459],[95.3844,27.0585],[95.3766,27.0762],[95.3849,27.0836],[95.3693,27.0944],[95.3702,27.1025],[95.3633,27.1033],[95.3719,27.1136],[95.3653,27.1158],[95.3611,27.1276],[95.3675,27.1369],[95.3576,27.1573],[95.3581,27.1667],[95.3463,27.1725],[95.3395,27.1865],[95.3344,27.1851]],[[95.3344,27.1851],[95.3325,27.1904],[95.3276,27.186],[95.3246,27.1917],[95.3122,27.1845],[95.3011,27.1917],[95.3028,27.1966],[95.2848,27.1988],[95.2812,27.1974],[95.2864,27.1936],[95.2794,27.1954],[95.2774,27.1889],[95.2667,27.1949],[95.263,27.1875],[95.2571,27.1933],[95.2562,27.1852],[95.2529,27.1947],[95.2377,27.1901],[95.2413,27.183],[95.232,27.18],[95.2388,27.1708],[95.2279,27.1736],[95.2193,27.1649],[95.2159,27.1675],[95.2191,27.1707],[95.211,27.1743],[95.2128,27.1655],[95.1981,27.1634],[95.1991,27.1585],[95.1936,27.1549],[95.189,27.1576],[95.1944,27.16],[95.1831,27.163],[95.182,27.1553],[95.1864,27.1516],[95.1783,27.1494],[95.1797,27.1414],[95.1731,27.1377],[95.1733,27.147],[95.1686,27.1431],[95.1695,27.1363],[95.1635,27.1319],[95.1597,27.1348],[95.1622,27.1275],[95.1553,27.1363],[95.1496,27.1281],[95.1445,27.1374],[95.1346,27.1385],[95.1314,27.1338],[95.1293,27.1387],[95.1227,27.1299],[95.116,27.1358],[95.1151,27.1267],[95.1132,27.1363],[95.1061,27.135],[95.1063,27.1269],[95.1125,27.1244],[95.1063,27.1204],[95.1076,27.1157],[95.1,27.1161],[95.0982,27.1249],[95.0962,27.1118],[95.09,27.1113],[95.0898,27.117],[95.0852,27.1108],[95.093,27.1047],[95.0815,27.1046],[95.0741,27.0946],[95.0694,27.0971],[95.069,27.0918],[95.0588,27.0971],[95.0598,27.0868],[95.0475,27.0874],[95.0515,27.0788],[95.0376,27.08],[95.0419,27.0731],[95.0302,27.0717],[95.0321,27.0652],[95.012,27.0671],[95.0116,27.0616],[95.0078,27.0678],[95.0127,27.071],[95.0088,27.0725],[95.0042,27.0634],[94.9888,27.061],[94.9782,27.0692],[94.9751,27.0599],[94.9695,27.066],[94.9642,27.065],[94.9682,27.0596],[94.9653,27.0573],[94.9574,27.065],[94.955,27.0599],[94.9638,27.0541],[94.952,27.0571],[94.9568,27.0494],[94.9541,27.0454],[94.9479,27.0508],[94.9441,27.0408],[94.9365,27.0484],[94.9353,27.0354],[94.9268,27.0436],[94.9344,27.05],[94.9253,27.047],[94.9227,27.0386],[94.9207,27.0487],[94.9049,27.0461],[94.9041,27.035],[94.8892,27.0402],[94.8955,27.0459],[94.8857,27.0459],[94.8805,27.033],[94.8685,27.0382],[94.8656,27.0272],[94.8588,27.0309],[94.8394,27.0155],[94.8322,27.0197],[94.8309,27.0139],[94.8218,27.0155],[94.817,26.9993],[94.8124,27.0011],[94.8131,27.0091],[94.8108,26.9964],[94.8006,26.9993],[94.8018,26.9937],[94.8087,26.9915],[94.7877,26.9897],[94.793,26.9983],[94.7877,27.0006],[94.7815,26.9861],[94.7708,26.982],[94.7642,26.986],[94.7626,26.9949],[94.7502,26.9878],[94.7441,27.0012],[94.7344,27.0039],[94.7344,27.0086],[94.741,27.0073],[94.7445,27.0117],[94.7351,27.0185],[94.7269,27.016],[94.7362,27.0228],[94.7283,27.0383],[94.724,27.0351],[94.7217,27.0413],[94.7211,27.0296],[94.7134,27.0319],[94.7071,27.0376],[94.7149,27.0428],[94.7091,27.046],[94.6956,27.0351],[94.6943,27.0411],[94.6868,27.043],[94.6859,27.0505],[94.6776,27.0536],[94.6663,27.039],[94.6453,27.0617],[94.6283,27.065],[94.6264,27.0771],[94.6222,27.0704],[94.6053,27.0657],[94.5871,27.0794],[94.581,27.0692],[94.5723,27.0767],[94.5715,27.0706],[94.5632,27.0702],[94.565,27.0777],[94.5588,27.0786],[94.5488,27.0645],[94.495,27.0255],[94.467,27.02]],[[95.3543,27.1707],[95.346,27.1734]]]}},{"type":"Feature","properties":{"name":"Namsang River","major":false},"geometry":{"type":"LineString","coordinates":[[95.5297,27.0587],[95.5085,27.0695],[95.5098,27.0743],[95.4924,27.0811],[95.4916,27.0915],[95.48,27.093],[95.476,27.1018],[95.4582,27.1039],[95.4535,27.1116],[95.4504,27.1084],[95.4437,27.1126],[95.448,27.116],[95.44,27.1269],[95.4458,27.1295],[95.4441,27.1354],[95.4488,27.1296],[95.4551,27.1308],[95.4594,27.1393],[95.4562,27.1426],[95.4635,27.1501],[95.4532,27.1575],[95.4673,27.169],[95.4604,27.1774],[95.4676,27.1824],[95.4558,27.204],[95.4576,27.2098],[95.4725,27.2191],[95.471,27.2234],[95.4776,27.2272],[95.4851,27.2423]]}},{"type":"Feature","properties":{"name":"赖亨该河","major":false},"geometry":{"type":"MultiLineString","coordinates":[[[92.5238,27.9765],[92.4702,27.9784],[92.4484,27.9985],[92.4215,28.0075],[92.4077,28.0226]],[[92.4077,28.0226],[92.3948,28.0384],[92.3665,28.0601],[92.367,28.0782],[92.3769,28.0835]]]}},{"type":"Feature","properties":{"name":"Goshu Chu","major":false},"geometry":{"type":"LineString","coordinates":[[92.2044,27.8134],[92.2143,27.7768],[92.2208,27.7712],[92.2248,27.7464],[92.2156,27.7072],[92.206,27.6877]]}},{"type":"Feature","properties":{"name":"Tawang Chu","major":false},"geometry":{"type":"MultiLineString","coordinates":[[[92.0128,27.621],[91.9926,27.6089],[91.9822,27.5899],[91.951,27.5746],[91.9325,27.5589],[91.9059,27.5537]],[[91.8687,27.5469],[91.8276,27.5477],[91.7825,27.5212],[91.7632,27.5267],[91.75,27.5247],[91.7304,27.5035],[91.7178,27.4983],[91.7067,27.4981],[91.6946,27.506],[91.6852,27.5001]]]}},{"type":"Feature","properties":{"name":"Gorjo Chu","major":false},"geometry":{"type":"LineString","coordinates":[[92.4106,27.701],[92.3997,27.6934],[92.3977,27.6809],[92.3889,27.6719],[92.3625,27.6632],[92.333,27.6651],[92.2899,27.6523],[92.2669,27.6545],[92.2469,27.6673],[92.2166,27.6702],[92.1969,27.6793]]}},{"type":"Feature","properties":{"name":"Kangsha River","major":false},"geometry":{"type":"LineString","coordinates":[[90.2297,25.026],[90.2375,25.0376],[90.2344,25.039],[90.2399,25.0396],[90.2425,25.0338],[90.2583,25.031],[90.2626,25.0257],[90.2701,25.0281],[90.2707,25.02],[90.2894,25.0223],[90.2845,25.0205],[90.2846,25.0135],[90.291,25.0103],[90.2932,25.0157],[90.2988,25.0164],[90.3015,25.0103],[90.309,25.016],[90.3054,25.0095],[90.3128,25.0081],[90.3138,25.0006],[90.3209,25.0121],[90.3233,25.0002],[90.3328,25.0049],[90.3371,25.0017],[90.3333,24.9985],[90.342,25.0007],[90.344,24.9925],[90.3498,24.9919],[90.3585,24.9941],[90.3604,25.0016],[90.3681,25.0024],[90.3688,25.0071],[90.3749,25.0041],[90.3767,25.0088],[90.3801,25.0031],[90.3872,25.0046],[90.387,24.9983],[90.3916,25.0046],[90.3855,25.0081],[90.3917,25.0139],[90.3964,25.003],[90.3915,24.9984],[90.4014,24.997],[90.4063,24.9903],[90.4138,24.993],[90.4172,24.9875],[90.4226,24.997],[90.4334,24.9937],[90.4307,25.0048],[90.4412,25.0078],[90.4476,25.001],[90.4505,25.0089],[90.4468,25.0146],[90.4614,25.0077],[90.4737,25.0132],[90.4822,25.0056],[90.4826,25.0179],[90.4962,25.0201],[90.4964,25.029],[90.5022,25.0313],[90.507,25.0293],[90.5074,25.0176],[90.511,25.0311],[90.5179,25.0239],[90.5243,25.0321],[90.5344,25.014],[90.5413,25.0122],[90.5453,25.0155],[90.5445,25.0263],[90.5357,25.0278],[90.5333,25.0328],[90.5354,25.0362],[90.5455,25.032],[90.5507,25.0424],[90.5624,25.0337],[90.5728,25.0362],[90.5857,25.0278],[90.5925,25.0351],[90.6106,25.0202],[90.623,25.023],[90.6248,25.0086],[90.6469,25.0128],[90.6691,25.0064],[90.6766,25.0096],[90.6719,24.9994],[90.6617,24.9937],[90.6678,24.9883],[90.6762,24.9931],[90.6788,24.9859],[90.6858,24.9843],[90.7041,24.9951],[90.7155,24.9817],[90.7226,24.9871],[90.7287,24.9707],[90.7237,24.9608],[90.7352,24.9684],[90.754,24.9528],[90.7614,24.9351],[90.7821,24.9662],[90.7892,24.9649],[90.7965,24.9555],[90.8043,24.9622],[90.8029,24.943],[90.8188,24.9385],[90.8251,24.9535],[90.8663,24.9562],[90.896,24.9884],[90.9041,24.9894],[90.9108,24.9856],[90.9102,24.9803],[90.921,24.9788],[90.9416,24.9846],[90.941,24.991],[90.9476,24.9951],[90.9472,25.0117],[90.9697,25.027],[90.9813,25.0255],[90.9914,25.0456]]}},{"type":"Feature","properties":{"name":"Umsong","major":false},"geometry":{"type":"MultiLineString","coordinates":[[[91.9132,25.4169],[91.9138,25.4091],[91.9056,25.4022],[91.9072,25.3913],[91.9016,25.3846],[91.9066,25.3717],[91.9206,25.3644],[91.965,25.3218]],[[91.965,25.3218],[91.9906,25.317],[91.9969,25.3203],[92.0041,25.2991]]]}},{"type":"Feature","properties":{"name":"Umgot","major":false},"geometry":{"type":"MultiLineString","coordinates":[[[91.9843,25.2747],[91.9805,25.2569],[91.9855,25.2419],[92.0071,25.2056],[92.0171,25.2054],[92.0212,25.1978],[92.0088,25.1687],[91.9973,25.1621],[92.0012,25.1558],[92.0128,25.1584],[92.0234,25.1516],[92.0235,25.1466],[92.0155,25.1407],[92.0245,25.1356],[92.0285,25.1219]],[[92.1169,25.329],[92.1111,25.3059],[92.1004,25.3056],[92.0928,25.311],[92.0941,25.3151],[92.0838,25.3113],[92.0671,25.3194],[92.0534,25.314],[92.0522,25.321],[92.0455,25.3212],[92.0041,25.2991]],[[91.9916,25.2831],[91.9894,25.2806]],[[91.9894,25.2806],[91.987,25.2781]],[[91.987,25.2781],[91.9843,25.2747]],[[92.0041,25.2991],[91.9916,25.2831]]]}},{"type":"Feature","properties":{"name":"River Khowai","major":false},"geometry":{"type":"LineString","coordinates":[[91.7126,23.8266],[91.7081,23.8237],[91.71,23.8289],[91.7029,23.8402],[91.7,23.8338],[91.6979,23.8371],[91.6663,23.8311],[91.6596,23.8369],[91.6534,23.8342],[91.6504,23.8427],[91.6383,23.8399],[91.638,23.8485],[91.6261,23.843],[91.6311,23.8662],[91.6283,23.8726],[91.6345,23.8756],[91.6265,23.8828],[91.6369,23.8907],[91.6291,23.8998],[91.6364,23.9074],[91.6261,23.9089],[91.6265,23.9164],[91.6171,23.9141],[91.6209,23.9302],[91.6126,23.9365],[91.6103,23.9474],[91.6176,23.9487],[91.6094,23.9552],[91.6222,23.9557],[91.6152,23.964],[91.625,23.9711],[91.618,23.9733],[91.6172,23.9782],[91.6279,23.9838],[91.6165,23.9982],[91.6241,24.0035],[91.6163,24.0111],[91.6241,24.0248],[91.6189,24.0313],[91.6092,24.0301],[91.6031,24.0397],[91.5992,24.0363],[91.5891,24.0509],[91.5904,24.0566],[91.5985,24.059],[91.5976,24.0636],[91.5878,24.0672],[91.5991,24.0734],[91.5917,24.0786],[91.5995,24.0867],[91.5908,24.0918],[91.5992,24.1129],[91.5858,24.1183],[91.589,24.1263],[91.5747,24.1284],[91.5815,24.1368],[91.566,24.1255],[91.5538,24.1441],[91.5512,24.1709],[91.5365,24.1812],[91.5243,24.2136],[91.5176,24.2175],[91.5261,24.2218],[91.5239,24.2283],[91.5321,24.2302],[91.5214,24.2385],[91.5197,24.2569],[91.4951,24.2716],[91.4888,24.2672],[91.4729,24.2739],[91.4747,24.2905],[91.4617,24.2912],[91.4586,24.315],[91.449,24.3241],[91.448,24.3356],[91.4242,24.3582],[91.4292,24.3738],[91.4201,24.3911],[91.4059,24.3909],[91.3915,24.3793],[91.3809,24.3774],[91.3401,24.3883],[91.3296,24.3812],[91.3338,24.3669],[91.3273,24.3706],[91.3181,24.3656],[91.2938,24.3694],[91.2907,24.3601],[91.2756,24.3608],[91.265,24.3535],[91.2298,24.3466]]}},{"type":"Feature","properties":{"name":"Lubha","major":false},"geometry":{"type":"LineString","coordinates":[[92.4993,25.1505],[92.4962,25.1424],[92.4858,25.1355],[92.4732,25.1413],[92.4646,25.1395],[92.4389,25.1575],[92.4394,25.1517],[92.4269,25.1488],[92.414,25.1383],[92.3908,25.1341],[92.386,25.1212],[92.3628,25.1104],[92.3543,25.1009],[92.3452,25.0567],[92.3294,25.0474],[92.3167,25.052],[92.3035,25.0498],[92.297,25.0427],[92.2973,25.0298]]}},{"type":"Feature","properties":{"name":"Simleng","major":false},"geometry":{"type":"MultiLineString","coordinates":[[[92.5488,25.1301],[92.5164,25.1383],[92.5123,25.1475],[92.4993,25.1505]],[[92.6733,25.1799],[92.659,25.1725],[92.658,25.1586],[92.6529,25.153],[92.6435,25.1511],[92.6288,25.1385],[92.6287,25.1268]],[[92.6287,25.1268],[92.6197,25.1146],[92.6089,25.1228],[92.5943,25.1225],[92.5879,25.1289],[92.5605,25.1303],[92.5543,25.1262],[92.5488,25.1301]]]}},{"type":"Feature","properties":{"name":"Rashu Nadi","major":false},"geometry":{"type":"LineString","coordinates":[[92.5017,25.3734],[92.5341,25.3787],[92.5432,25.3851],[92.5452,25.4012],[92.5334,25.4204],[92.5346,25.4361],[92.5442,25.4573],[92.5672,25.4564],[92.5658,25.464]]}},{"type":"Feature","properties":{"name":"Kolong","major":false},"geometry":{"type":"MultiLineString","coordinates":[[[92.5403,26.2167],[92.5316,26.2147],[92.5215,26.2199],[92.5205,26.2249],[92.5085,26.228],[92.5028,26.2265],[92.5033,26.2211],[92.4943,26.2127],[92.4783,26.2265],[92.4639,26.2223],[92.4508,26.2244],[92.4419,26.2138],[92.4208,26.2209],[92.4061,26.2172],[92.3952,26.2219],[92.3912,26.209],[92.3832,26.2039],[92.3572,26.2091]],[[92.8359,26.4404],[92.8447,26.4498],[92.8558,26.4399],[92.8906,26.442],[92.892,26.4457],[92.8685,26.4435],[92.8777,26.4472],[92.8785,26.4539],[92.8716,26.4546],[92.8825,26.4635],[92.8773,26.4734],[92.8779,26.4885],[92.8846,26.4881],[92.8927,26.4966],[92.9003,26.4907],[92.8942,26.4884],[92.896,26.4829],[92.9153,26.4735],[92.9244,26.4778],[92.923,26.4842],[92.9488,26.496],[92.9546,26.5111],[92.953,26.5217],[92.9453,26.5293],[92.9306,26.5231],[92.9219,26.5407],[92.95,26.5695],[92.9699,26.5747],[92.9695,26.5927],[92.9845,26.5869],[92.9863,26.6088],[92.9908,26.6141]],[[92.5552,26.2347],[92.5359,26.2311],[92.5403,26.2167]],[[92.8359,26.4404],[92.8484,26.4232],[92.838,26.4196],[92.8319,26.4114],[92.815,26.4148],[92.8142,26.4046],[92.8021,26.4023],[92.7934,26.408],[92.7914,26.3972],[92.7983,26.3922],[92.7917,26.3694],[92.7804,26.3654],[92.765,26.3688],[92.7575,26.3484],[92.7301,26.3424],[92.7159,26.3485],[92.7056,26.3649],[92.688,26.3626],[92.6779,26.3396],[92.6672,26.3356],[92.6753,26.3323],[92.6748,26.3281],[92.6638,26.3246],[92.6718,26.3143],[92.6618,26.3146],[92.6695,26.3108],[92.6566,26.3059],[92.6605,26.2984],[92.6475,26.2933],[92.6465,26.2852],[92.6545,26.2785],[92.6546,26.2703],[92.6393,26.2624],[92.6093,26.2641],[92.612,26.2543],[92.5997,26.2613],[92.5826,26.2618],[92.5917,26.2528],[92.5829,26.2454],[92.5852,26.2346],[92.5552,26.2347]]]}},{"type":"Feature","properties":{"name":"ব্রহ্মপুত্র","major":false},"geometry":{"type":"MultiLineString","coordinates":[[[89.752,25.2219],[89.7522,25.2105],[89.7421,25.1995],[89.7496,25.1901],[89.7589,25.1896],[89.7591,25.195],[89.7734,25.2066],[89.7819,25.2081],[89.7953,25.1997],[89.7902,25.1828],[89.7936,25.1565],[89.8089,25.1639],[89.8146,25.1609],[89.815,25.1468],[89.7998,25.1419],[89.8147,25.1145],[89.8253,25.1043],[89.8224,25.0984],[89.8099,25.0945],[89.8075,25.0752],[89.8268,25.0663],[89.8322,25.0527],[89.8473,25.0503],[89.8373,25.0231],[89.8479,25],[89.8601,24.991],[89.873,24.989],[89.882,24.9954],[89.8817,25.0089],[89.8916,25.0105],[89.9012,25.0044],[89.9005,24.9915],[89.9074,24.9824],[89.9056,24.9708]],[[90.6322,24.3441],[90.6222,24.3441],[90.62,24.3387],[90.6291,24.3234],[90.6305,24.3091],[90.6423,24.2922],[90.6434,24.2708]],[[89.7238,25.26],[89.7365,25.2642],[89.7351,25.2485],[89.748,25.2404],[89.752,25.2219]],[[89.67,25.2824],[89.6906,25.2619],[89.7127,25.2551],[89.7237,25.2599]],[[89.7237,25.2599],[89.7238,25.26]]]}},{"type":"Feature","properties":{"name":"Manu","major":false},"geometry":{"type":"MultiLineString","coordinates":[[[91.9911,24.3918],[91.9844,24.3937],[91.9818,24.41],[91.968,24.4048],[91.9685,24.4137],[91.9769,24.4194],[91.9739,24.4231],[91.9509,24.4202],[91.9494,24.4303],[91.9431,24.4242],[91.9366,24.4293],[91.9407,24.443],[91.9283,24.4371],[91.933,24.449],[91.9186,24.4513]],[[92.0273,24.1596],[92.0194,24.1724],[92.028,24.1844],[92.0157,24.1877],[92.0229,24.1934],[92.0254,24.2058],[92.044,24.2205],[92.0399,24.2338],[92.0264,24.2358],[92.0372,24.2447],[92.027,24.2515],[92.0343,24.2527],[92.0365,24.2591],[92.0264,24.2645],[92.022,24.2761],[92.011,24.2779],[92.0141,24.286]],[[92.0141,24.286],[92.0133,24.291],[92.0067,24.2907],[92.0075,24.304],[92.0023,24.2945],[91.998,24.2979],[91.9993,24.3036],[91.9917,24.3136],[91.9949,24.3205],[91.9816,24.3231],[91.9693,24.3473],[91.9566,24.3584],[91.9577,24.3631],[91.9657,24.3645],[91.9646,24.3737],[91.9752,24.3764],[91.9704,24.3849],[91.9798,24.3803],[91.989,24.3823],[91.9911,24.3918]],[[91.9874,23.9843],[91.9929,23.9904],[91.9913,23.9965],[91.9868,23.9966],[91.989,24.0028],[91.9742,24.0163],[91.9826,24.0173],[91.9863,24.0227],[91.9806,24.0253],[91.9836,24.0368],[91.976,24.0476],[91.9833,24.055],[91.9914,24.0551],[91.9861,24.0585],[91.9903,24.0658],[91.9749,24.0714],[91.9907,24.0859],[91.9867,24.0898],[91.9786,24.0866],[91.975,24.102],[91.9898,24.1014],[91.9898,24.1148],[92.0025,24.1203],[91.998,24.1396],[92.0045,24.1359],[92.0053,24.1458],[92.0146,24.1442],[92.0282,24.1589]],[[91.9186,24.4513],[91.92,24.4672],[91.912,24.4676],[91.9163,24.4758],[91.9094,24.4758],[91.9067,24.4858]]]}},{"type":"Feature","properties":{"name":"Chiri","major":false},"geometry":{"type":"LineString","coordinates":[[93.0328,24.8297],[93.0245,24.821],[93.025,24.8069],[93.0185,24.8025],[93.0106,24.807],[93.0111,24.8117],[92.9997,24.8032],[92.9871,24.8048],[92.9851,24.8116],[92.9814,24.8064],[92.9648,24.8052],[92.9695,24.8034],[92.9628,24.8021],[92.9618,24.7945],[92.9537,24.8035],[92.9541,24.809],[92.9582,24.8093],[92.9497,24.8173],[92.9371,24.8176],[92.9313,24.8116],[92.9348,24.8095]]}},{"type":"Feature","properties":{"name":"Mutanga Nadi","major":false},"geometry":{"type":"LineString","coordinates":[[91.5627,26.8937],[91.559,26.8909],[91.5635,26.8706],[91.5737,26.8651],[91.5715,26.8486],[91.5554,26.8336],[91.5508,26.8343],[91.5329,26.8142],[91.5347,26.7975]]}},{"type":"Feature","properties":{"name":"Jia Ber Nadi","major":false},"geometry":{"type":"MultiLineString","coordinates":[[[91.7016,26.8166],[91.7089,26.8092],[91.6995,26.8044],[91.7027,26.7953],[91.6938,26.7652],[91.6859,26.7608],[91.6872,26.7261]],[[91.7026,26.8602],[91.7092,26.8515],[91.7033,26.8472],[91.7077,26.8296],[91.7016,26.8166]]]}},{"type":"Feature","properties":{"name":"Mao River","major":false},"geometry":{"type":"MultiLineString","coordinates":[[[90.506,26.8875],[90.5095,26.8662],[90.5038,26.8574]],[[90.3158,27.0953],[90.3282,27.054],[90.3885,27.0502],[90.407,27.0383],[90.4113,27.0226],[90.4437,27.0065],[90.4455,26.9994],[90.4611,26.9994],[90.4641,26.987],[90.4793,26.9776]],[[90.5038,26.8574],[90.4951,26.8185],[90.4962,26.7832],[90.5039,26.7528],[90.5224,26.7371]],[[90.5224,26.7371],[90.5435,26.6955],[90.5415,26.6672],[90.5474,26.6338],[90.5516,26.6168],[90.5595,26.6094],[90.5539,26.6034],[90.5565,26.5973],[90.5497,26.576],[90.5555,26.5677],[90.5809,26.5599]]]}},{"type":"Feature","properties":{"name":"Tongsa Chhu","major":false},"geometry":{"type":"MultiLineString","coordinates":[[[90.6916,27.1458],[90.6945,27.1436],[90.6996,27.1494],[90.7113,27.1396],[90.707,27.1331],[90.7128,27.1303],[90.7093,27.1261],[90.7155,27.1193],[90.7252,27.1247],[90.7374,27.1223],[90.7532,27.1009],[90.7686,27.0939],[90.7797,27.081]],[[90.6649,27.163],[90.6723,27.1484],[90.6846,27.1526],[90.6916,27.1458]]]}},{"type":"Feature","properties":{"name":"Tipang Nadi","major":false},"geometry":{"type":"LineString","coordinates":[[95.7306,27.206],[95.7689,27.2211],[95.7959,27.2401],[95.8046,27.2613],[95.8227,27.2663],[95.8231,27.2705],[95.8522,27.2767],[95.8599,27.2877],[95.8539,27.2972],[95.8656,27.3041],[95.865,27.3127],[95.8564,27.3155],[95.8589,27.324],[95.8505,27.3321]]}},{"type":"Feature","properties":{"name":"Kongba River","major":false},"geometry":{"type":"LineString","coordinates":[[93.9956,24.9646],[93.998,24.9507],[93.9925,24.9463],[93.994,24.9375],[93.9842,24.9061],[93.9867,24.8886],[93.9844,24.8834],[93.9751,24.8807],[93.9703,24.8591],[93.9766,24.8395],[93.9679,24.8163],[93.9712,24.8061],[93.959,24.7979],[93.9635,24.7891],[93.9577,24.7814],[93.9577,24.7714],[93.9646,24.7656],[93.9609,24.7513],[93.9653,24.7481],[93.9591,24.7371],[93.9501,24.7389]]}},{"type":"Feature","properties":{"name":"Imphal River","major":false},"geometry":{"type":"MultiLineString","coordinates":[[[93.9674,24.8385],[93.9594,24.8217],[93.9443,24.8139],[93.9467,24.8076],[93.9412,24.7959],[93.9438,24.7913],[93.9399,24.7829],[93.9459,24.7693],[93.9439,24.7471],[93.9501,24.7389],[93.948,24.7228],[93.9285,24.7134],[93.9243,24.7042],[93.916,24.7054],[93.9128,24.7004],[93.9043,24.6995],[93.9046,24.6855],[93.9094,24.6817],[93.9046,24.6753],[93.9171,24.6725],[93.9158,24.6645],[93.9333,24.6646],[93.9351,24.6487],[93.9265,24.653],[93.9185,24.6395],[93.9005,24.631],[93.8999,24.6191],[93.8885,24.6157],[93.8989,24.6079],[93.9062,24.6144],[93.9116,24.6115],[93.9111,24.5932],[93.9044,24.5915],[93.9114,24.5822],[93.9111,24.5722],[93.8992,24.5565],[93.8767,24.5544],[93.8719,24.5502],[93.8681,24.5232],[93.8765,24.5195],[93.8756,24.5108],[93.8831,24.5087],[93.8744,24.4989],[93.8828,24.4911],[93.8711,24.4772],[93.8714,24.4702],[93.8529,24.4566],[93.8596,24.4551],[93.8492,24.434],[93.8389,24.4286]],[[93.9541,25.1985],[93.9747,25.1846],[93.9719,25.1457]],[[93.9719,25.1457],[93.9654,25.1333],[93.9647,25.1148],[93.9523,25.1007],[93.9562,25.0968],[93.9478,25.0912],[93.9474,25.0849],[93.9347,25.0725],[93.9334,25.0626],[93.9286,25.061],[93.9272,25.0505],[93.9325,25.042],[93.9259,25.0352],[93.925,25.0213],[93.9111,25.006],[93.9142,24.988],[93.9032,24.9882],[93.8963,24.9631],[93.8854,24.948],[93.8861,24.9369],[93.8942,24.927],[93.8933,24.9086],[93.8973,24.9001],[93.9078,24.8939],[93.9023,24.887],[93.9056,24.8815],[93.9115,24.8868],[93.9172,24.8837],[93.9204,24.8883],[93.9362,24.8878],[93.9401,24.8919],[93.944,24.8834],[93.9361,24.8663],[93.9408,24.8664],[93.9438,24.8572],[93.9526,24.853],[93.9537,24.8449],[93.9674,24.8385]]]}},{"type":"Feature","properties":{"name":"Dhansiri River","major":true},"geometry":{"type":"MultiLineString","coordinates":[[[93.9537,26.4477],[93.9477,26.4655],[93.9338,26.4585],[93.9444,26.4772],[93.9611,26.4794],[93.949,26.4946],[93.9523,26.5029],[93.9439,26.5116],[93.9471,26.5183],[93.9271,26.5164],[93.9132,26.5318],[93.8978,26.5245],[93.8976,26.531],[93.9064,26.5411],[93.8888,26.5508],[93.8875,26.563],[93.8714,26.5587],[93.8641,26.5615],[93.8634,26.57],[93.873,26.5763],[93.8503,26.5755],[93.8505,26.5879],[93.8309,26.5843],[93.8365,26.5722],[93.8244,26.5765],[93.8179,26.5885],[93.8085,26.5889],[93.8153,26.6129],[93.7885,26.6148],[93.7912,26.6028],[93.7875,26.5979],[93.7808,26.6055],[93.7792,26.6191],[93.7677,26.6242],[93.7548,26.6212],[93.7543,26.6256],[93.7619,26.6307],[93.7498,26.6323],[93.7423,26.6293],[93.7386,26.6153],[93.7342,26.6143],[93.7284,26.6522],[93.7196,26.6556],[93.7114,26.6432],[93.7067,26.6468],[93.7214,26.6634],[93.7158,26.6742],[93.718,26.6819],[93.6989,26.6847],[93.6971,26.6731],[93.6838,26.6744],[93.6826,26.6844],[93.692,26.698],[93.6873,26.7031],[93.6775,26.7031],[93.6577,26.6874],[93.6314,26.6973],[93.6188,26.6971],[93.6067,26.6802],[93.593,26.7022],[93.5489,26.7036],[93.5371,26.7142]],[[93.5422,25.6998],[93.5477,25.713],[93.5421,25.7151],[93.5414,25.7301],[93.5513,25.7302],[93.5537,25.7371],[93.5619,25.7383],[93.5707,25.754],[93.585,25.7577],[93.5825,25.7649],[93.5929,25.7629],[93.6033,25.7699],[93.6035,25.7763],[93.6136,25.7722],[93.6141,25.7814],[93.6199,25.7789],[93.6171,25.7893],[93.6275,25.7897],[93.6207,25.7998],[93.6331,25.8008],[93.6344,25.8129],[93.641,25.8185],[93.6479,25.8168],[93.6481,25.8242],[93.6552,25.8199],[93.6574,25.827],[93.6657,25.8219],[93.6705,25.8283],[93.6843,25.8287],[93.6777,25.8363],[93.6878,25.8385],[93.6866,25.8458],[93.7004,25.8497],[93.7019,25.8431],[93.704,25.848]],[[93.3635,25.5617],[93.3619,25.5657],[93.3758,25.5727],[93.3751,25.577],[93.3806,25.5761],[93.3818,25.5818],[93.3781,25.5821],[93.386,25.5867],[93.3857,25.5926],[93.3987,25.5954],[93.4017,25.6112],[93.4114,25.6131],[93.4141,25.6211],[93.4219,25.6187],[93.4197,25.6241],[93.4263,25.6323],[93.4336,25.6295],[93.4444,25.6398],[93.4469,25.6348],[93.4501,25.6395],[93.4611,25.6324],[93.4576,25.6413],[93.4641,25.645],[93.4723,25.6427],[93.4692,25.6447],[93.4776,25.6485],[93.4822,25.6449],[93.4814,25.6516],[93.4857,25.6486],[93.4892,25.6557],[93.4948,25.6546],[93.5054,25.6624],[93.5096,25.6692],[93.5067,25.6734],[93.5175,25.6787],[93.5123,25.6855],[93.5223,25.6958],[93.5255,25.692],[93.5313,25.6949]],[[93.8955,26.4107],[93.9013,26.4217],[93.9053,26.4086],[93.9173,26.4034],[93.9178,26.4111],[93.9121,26.4161],[93.9203,26.4161],[93.9155,26.4228],[93.9188,26.4284],[93.9193,26.4241],[93.9253,26.4231],[93.9321,26.4277],[93.9318,26.4348],[93.934,26.4299],[93.9408,26.4296],[93.9333,26.4456],[93.9472,26.4403],[93.9478,26.4484],[93.9537,26.4477]],[[93.7158,25.865],[93.7164,25.8747],[93.7301,25.8745],[93.7326,25.8794],[93.7276,25.8802],[93.7289,25.8846],[93.7422,25.8907],[93.7435,25.9004],[93.7494,25.8999],[93.7433,25.9038],[93.747,25.9063],[93.7426,25.9158],[93.7502,25.9231],[93.745,25.9348],[93.752,25.936],[93.7535,25.9468],[93.7589,25.9455],[93.7585,25.9534],[93.7654,25.9506],[93.7701,25.9539],[93.764,25.9557],[93.7638,25.9636],[93.7674,25.9571],[93.7707,25.9626],[93.7654,25.9688],[93.7694,25.9719],[93.7738,25.9682],[93.7837,25.9751],[93.7787,25.9787],[93.7818,25.9827],[93.79,25.9751],[93.8054,25.9825],[93.7955,25.9888]],[[93.8363,26.2116],[93.8463,26.2115],[93.8489,26.2185],[93.8556,26.2161],[93.858,26.2262],[93.8531,26.2339],[93.8609,26.2313],[93.864,26.2354],[93.8554,26.242],[93.8631,26.2455],[93.865,26.2575],[93.8744,26.2616],[93.8679,26.2708],[93.8782,26.2777],[93.8713,26.2809],[93.876,26.2897],[93.8691,26.2947],[93.8838,26.3043],[93.8843,26.3096],[93.8764,26.3069],[93.8738,26.3107],[93.8867,26.312],[93.8858,26.3212],[93.8925,26.3238],[93.8862,26.3254],[93.8965,26.3282],[93.8909,26.332],[93.8863,26.3287],[93.8859,26.343],[93.8794,26.3413],[93.8853,26.3492],[93.8867,26.3448],[93.8904,26.3463],[93.8821,26.3529],[93.894,26.3725],[93.8868,26.3693],[93.8814,26.3723],[93.8879,26.3814],[93.8827,26.381],[93.8831,26.3914]],[[93.7955,25.9888],[93.7986,25.9986],[93.7859,26.0089],[93.7855,26.015],[93.7933,26.0168],[93.7857,26.0215],[93.7991,26.0317],[93.7879,26.0312],[93.7818,26.0398],[93.7957,26.0424],[93.7941,26.0472],[93.7829,26.0502],[93.7958,26.0532],[93.8008,26.059],[93.7935,26.0635],[93.8055,26.0659],[93.8039,26.0886]],[[93.8105,26.1042],[93.8116,26.109],[93.822,26.1136],[93.8185,26.1245],[93.8263,26.1258]],[[93.329,25.5442],[93.3271,25.5472],[93.3425,25.5602],[93.3521,25.5607],[93.3588,25.5544],[93.3635,25.5617]],[[93.3917,25.4822],[93.3845,25.4847],[93.3854,25.4909],[93.3768,25.4924],[93.3774,25.4973],[93.367,25.4994],[93.3692,25.5037],[93.3643,25.5037],[93.3568,25.5137],[93.35,25.5326],[93.3353,25.5346],[93.3366,25.5388],[93.329,25.5442]],[[93.5313,25.6949],[93.534,25.7003],[93.5422,25.6998]],[[93.4122,25.4485],[93.4024,25.4504],[93.3979,25.4601],[93.39,25.4596],[93.391,25.4648],[93.3845,25.4683],[93.3917,25.4822]],[[93.8263,26.1258],[93.8181,26.1365],[93.8311,26.1378],[93.8243,26.1477],[93.8337,26.16],[93.8249,26.1612],[93.8249,26.1714],[93.8333,26.1771],[93.8275,26.1835],[93.8334,26.1948],[93.8308,26.2002],[93.8413,26.2035],[93.8353,26.2066],[93.8363,26.2116]],[[93.8831,26.3914],[93.8911,26.396],[93.8955,26.4107]]]}},{"type":"Feature","properties":{"name":"Diphupani river","major":false},"geometry":{"type":"MultiLineString","coordinates":[[[93.7959,25.9032],[93.7941,25.914],[93.7875,25.9171],[93.7903,25.9265],[93.7866,25.9487],[93.7747,25.9614],[93.7769,25.9736]],[[93.8087,25.7689],[93.8001,25.7799],[93.7992,25.789],[93.8053,25.7944],[93.7961,25.8018]],[[93.8292,25.7094],[93.8066,25.7405],[93.8087,25.7689]],[[93.8918,25.7157],[93.8735,25.707],[93.8381,25.7051],[93.8292,25.7094]],[[93.9572,25.6568],[93.9585,25.6726],[93.9659,25.6791],[93.9589,25.6936],[93.9399,25.6982],[93.9143,25.7182],[93.8918,25.7157]]]}},{"type":"Feature","properties":{"name":"Deopani Nadi","major":false},"geometry":{"type":"LineString","coordinates":[[93.6179,26.1549],[93.6261,26.1496],[93.6353,26.1562],[93.645,26.1752],[93.6528,26.1756],[93.6718,26.1944],[93.6723,26.2016],[93.6914,26.2138],[93.7183,26.2139],[93.7398,26.2255],[93.7529,26.2216],[93.7862,26.2332],[93.7921,26.2263],[93.7992,26.2285],[93.801,26.2201],[93.8167,26.2209],[93.8259,26.2175],[93.8268,26.2118],[93.8321,26.216],[93.8363,26.2116]]}},{"type":"Feature","properties":{"name":"Bhogdoi-Tsurang","major":false},"geometry":{"type":"MultiLineString","coordinates":[[[94.3658,26.6365],[94.3478,26.6406],[94.3454,26.6463],[94.3395,26.6443],[94.3233,26.6619],[94.3149,26.6642],[94.3118,26.6763]],[[94.3118,26.6763],[94.3093,26.6855],[94.3015,26.6861],[94.3065,26.6911],[94.2956,26.6963]]]}},{"type":"Feature","properties":{"name":"Ashui Khong","major":false},"geometry":{"type":"LineString","coordinates":[[94.3089,25.1601],[94.3007,25.1544],[94.3011,25.1451],[94.2867,25.1234],[94.2874,25.1165],[94.2766,25.1116],[94.2727,25.0969],[94.281,25.0927],[94.2777,25.0838]]}},{"type":"Feature","properties":{"name":"Langdang","major":false},"geometry":{"type":"LineString","coordinates":[[94.4039,25.174],[94.4086,25.1765],[94.4063,25.182],[94.4118,25.189],[94.413,25.2048],[94.4232,25.2191],[94.4238,25.2324],[94.4292,25.2351],[94.4251,25.2392],[94.4282,25.2445],[94.4226,25.2452],[94.4247,25.2496],[94.4147,25.2614],[94.4231,25.2939],[94.4153,25.3008],[94.4224,25.3145],[94.4195,25.3169],[94.4269,25.3414],[94.4115,25.3509],[94.3985,25.3453],[94.3859,25.3491]]}},{"type":"Feature","properties":{"name":"Dirang","major":false},"geometry":{"type":"LineString","coordinates":[[92.0547,27.3823],[92.0764,27.3872],[92.0832,27.3945],[92.1051,27.3949],[92.1295,27.4051]]}},{"type":"Feature","properties":{"name":"Dirang Chu","major":false},"geometry":{"type":"MultiLineString","coordinates":[[[92.2046,27.3936],[92.2083,27.3882],[92.2405,27.3756],[92.2452,27.357],[92.2658,27.3481]],[[92.0935,27.4529],[92.1227,27.4298],[92.1223,27.4183],[92.1304,27.4099],[92.1295,27.4051]],[[92.1295,27.4051],[92.159,27.3933],[92.1698,27.3999],[92.1938,27.3905],[92.2046,27.3936]]]}},{"type":"Feature","properties":{"name":"Bargang","major":false},"geometry":{"type":"MultiLineString","coordinates":[[[93.2479,26.8834],[93.2754,26.8594],[93.2816,26.8468],[93.2797,26.8339],[93.2928,26.8255],[93.2895,26.8163],[93.2943,26.7874],[93.3044,26.7827],[93.3181,26.7489]],[[93.1862,26.9465],[93.1894,26.9372],[93.2214,26.908],[93.2271,26.8974],[93.2479,26.8834]]]}},{"type":"Feature","properties":{"name":"STR6","major":false},"geometry":{"type":"MultiLineString","coordinates":[[[94.7211,27.7936],[94.7093,27.7802],[94.7083,27.7581],[94.717,27.7498],[94.7129,27.7475],[94.7128,27.7324],[94.7022,27.7192],[94.6838,27.7143]],[[94.6838,27.7143],[94.6705,27.7107],[94.6698,27.7038],[94.654,27.6999],[94.6609,27.6916],[94.6697,27.6918],[94.6784,27.6855],[94.686,27.674],[94.6835,27.6709],[94.6902,27.6688],[94.6893,27.6523],[94.6768,27.6295],[94.6691,27.5997],[94.6695,27.5707],[94.6522,27.5538],[94.6421,27.4974],[94.6306,27.4976],[94.6309,27.4937]],[[94.6163,27.4353],[94.6118,27.4292],[94.5945,27.4226],[94.5881,27.4088]],[[94.3205,27.153],[94.3147,27.1627]],[[94.5532,27.3166],[94.5372,27.2983],[94.5424,27.2836],[94.5291,27.2768],[94.5211,27.2582],[94.5081,27.2641],[94.5087,27.2694],[94.5062,27.2624],[94.5002,27.262],[94.4999,27.2551],[94.4951,27.2585],[94.4784,27.2525],[94.4909,27.2441],[94.4783,27.2425],[94.4818,27.2353],[94.4751,27.2389],[94.4658,27.2361],[94.4428,27.1991],[94.4301,27.1913],[94.4236,27.1945],[94.4208,27.1853],[94.4141,27.1917],[94.4044,27.1822],[94.3998,27.1901],[94.396,27.1778],[94.4011,27.1714],[94.3867,27.1734],[94.3874,27.165],[94.3822,27.1637],[94.3847,27.1779],[94.381,27.1793],[94.3484,27.1553],[94.3413,27.1566],[94.3466,27.147],[94.3274,27.1472],[94.3205,27.153]]]}},{"type":"Feature","properties":{"name":"ভৰলী নদ","major":false},"geometry":{"type":"MultiLineString","coordinates":[[[92.7906,27.179],[92.7806,27.1799],[92.767,27.1927],[92.7513,27.1944],[92.7186,27.1729],[92.6952,27.1707],[92.6898,27.1644],[92.6553,27.1554],[92.6518,27.1498],[92.6177,27.1458],[92.6083,27.1405],[92.6067,27.1345]],[[92.8586,26.7457],[92.854,26.708],[92.8725,26.6858],[92.8644,26.654],[92.8719,26.6157]],[[92.9008,27.2171],[92.9009,27.2106],[92.8891,27.2006],[92.8333,27.1875],[92.8139,27.1752],[92.7906,27.179]]]}},{"type":"Feature","properties":{"name":"Sirum Korong","major":false},"geometry":{"type":"LineString","coordinates":[[95.3715,28.256],[95.3632,28.2361],[95.355,28.2332],[95.3542,28.2223],[95.3613,28.2099],[95.3602,28.2001],[95.3718,28.1844],[95.3716,28.1687],[95.3818,28.1609]]}},{"type":"Feature","properties":{"name":"Sissari","major":false},"geometry":{"type":"MultiLineString","coordinates":[[[95.5493,28.2683],[95.5692,28.2369],[95.5755,28.2081],[95.5893,28.189],[95.6002,28.1574],[95.5987,28.1404],[95.6124,28.1187],[95.6141,28.1],[95.6318,28.0816],[95.6296,28.0687],[95.6367,28.0476]],[[95.5565,28.26],[95.5571,28.2397],[95.5646,28.2333],[95.5627,28.2022],[95.5721,28.1455],[95.5693,28.1381],[95.5772,28.1178],[95.5699,28.0995],[95.5697,28.0797],[95.5758,28.0702],[95.5648,28.0528],[95.5702,28.0418],[95.5617,28.0349],[95.5632,28.0269],[95.5553,28.0246],[95.5585,28.0202],[95.554,28.0127],[95.5578,28.0108],[95.5421,28.003],[95.5484,28.0002],[95.5447,27.9956],[95.5509,27.9934],[95.5446,27.9845],[95.5479,27.9797],[95.5381,27.9804],[95.5403,27.9756],[95.5344,27.9732],[95.5407,27.9723],[95.5334,27.9628],[95.5389,27.9569],[95.5346,27.9587],[95.5319,27.9525],[95.5383,27.9463],[95.5362,27.9362],[95.5244,27.9274],[95.5074,27.895],[95.4966,27.8881],[95.496,27.8682],[95.4825,27.8655],[95.4878,27.8532],[95.48,27.8463],[95.492,27.8325],[95.4934,27.8243],[95.4737,27.8042],[95.4728,27.7925],[95.456,27.7822],[95.4457,27.7641],[95.4388,27.7606],[95.4201,27.7295],[95.4004,27.7289],[95.3859,27.7222],[95.3794,27.7262],[95.3759,27.7215],[95.3468,27.714],[95.3463,27.7054],[95.337,27.6983],[95.3254,27.6998],[95.3077,27.6885],[95.2982,27.6927],[95.265,27.6822]],[[95.5565,28.2432],[95.5585,28.2135],[95.5534,28.1989],[95.5596,28.1658],[95.5527,28.1565],[95.5535,28.1132],[95.5394,28.0537],[95.5423,28.0429],[95.5334,28.0328],[95.5347,28.0259],[95.5397,28.0258],[95.5391,28.0179],[95.5244,28.0133],[95.5286,28.0091],[95.5238,28.0092],[95.5262,28.0032],[95.5088,28.0016],[95.5039,27.9861],[95.4932,27.991],[95.4911,27.9845],[95.4849,27.9905],[95.4703,27.9906]]]}},{"type":"Feature","properties":{"name":"西些尔河","major":false},"geometry":{"type":"LineString","coordinates":[[95.5146,28.4414],[95.5229,28.43],[95.5203,28.4161],[95.5038,28.3946],[95.4932,28.3562],[95.4756,28.3525],[95.5045,28.3332],[95.521,28.3037],[95.5345,28.2976],[95.5391,28.2885],[95.5367,28.2843],[95.542,28.2755],[95.5508,28.2734],[95.5493,28.2683]]}},{"type":"Feature","properties":{"name":"Holongi River","major":false},"geometry":{"type":"LineString","coordinates":[[93.6238,27.0312],[93.613,27.006],[93.6165,26.9965],[93.6047,26.9871],[93.6076,26.9822],[93.6001,26.9768],[93.6013,26.9673],[93.6142,26.9664],[93.6288,26.9552],[93.6425,26.9306],[93.6437,26.9103],[93.6396,26.9041],[93.6474,26.8904],[93.6394,26.883],[93.634,26.8401],[93.6292,26.84],[93.619,26.8271],[93.612,26.8129],[93.6133,26.8057],[93.6058,26.7962],[93.6085,26.7881],[93.6004,26.7831]]}},{"type":"Feature","properties":{"name":"Puthimari","major":true},"geometry":{"type":"MultiLineString","coordinates":[[[91.8132,26.905],[91.8306,26.861],[91.8162,26.8379],[91.8075,26.8318],[91.8109,26.8106],[91.7933,26.7573],[91.7854,26.7455],[91.7857,26.7331],[91.7782,26.7137],[91.7525,26.7006],[91.745,26.6862],[91.7242,26.6795],[91.7261,26.6726],[91.7163,26.6717],[91.7179,26.6654],[91.7132,26.6634],[91.7167,26.6567],[91.7042,26.6233],[91.698,26.619],[91.6863,26.5934],[91.6809,26.5933],[91.6817,26.5897],[91.6774,26.5932],[91.6706,26.5772]],[[91.6872,26.7261],[91.6945,26.7146],[91.6847,26.697],[91.6895,26.687],[91.6884,26.6556],[91.6703,26.638],[91.6617,26.6062],[91.674,26.5703],[91.6722,26.5666],[91.6662,26.5688],[91.6635,26.563],[91.6666,26.5568],[91.6761,26.5552],[91.6679,26.5474],[91.6833,26.5489],[91.6682,26.5385],[91.6805,26.5308],[91.6672,26.5274],[91.6748,26.5128],[91.6642,26.5028],[91.6642,26.4961],[91.6576,26.4934],[91.6607,26.4829],[91.6689,26.4847],[91.6855,26.467],[91.6855,26.4622],[91.677,26.4589],[91.6822,26.4258],[91.6776,26.4225],[91.6655,26.4255],[91.6632,26.418],[91.6522,26.4156],[91.6519,26.4068],[91.6606,26.4056],[91.6638,26.3894],[91.6532,26.3689],[91.6523,26.3574],[91.6451,26.3554],[91.6472,26.3398],[91.6544,26.3337],[91.6443,26.3087],[91.6383,26.3073],[91.6378,26.2968],[91.6289,26.2917],[91.6145,26.2871],[91.5877,26.2889],[91.5819,26.283],[91.5761,26.2861],[91.5569,26.2786],[91.5553,26.267],[91.5407,26.2562],[91.5339,26.2576],[91.5323,26.2641],[91.5265,26.2613],[91.5129,26.2661],[91.4927,26.2588],[91.4658,26.2584]]]}},{"type":"Feature","properties":{"name":"Khulsi River","major":false},"geometry":{"type":"MultiLineString","coordinates":[[[91.9281,26.8859],[91.9268,26.8427],[91.9157,26.8236],[91.9158,26.7771],[91.9396,26.7147],[91.9379,26.6841],[91.943,26.6796],[91.9415,26.6727],[91.9361,26.6711],[91.9367,26.6576],[91.9473,26.6561],[91.9485,26.6508],[91.9527,26.6555],[91.9577,26.6415],[91.9533,26.6344],[91.9547,26.6232],[91.9503,26.6255],[91.9412,26.6191],[91.939,26.6071],[91.9449,26.5994],[91.9369,26.5944],[91.9405,26.5551],[91.9476,26.5512],[91.9483,26.5456],[91.9423,26.5445],[91.9464,26.5395],[91.9403,26.5211],[91.9439,26.5221],[91.9423,26.5131],[91.9536,26.4909],[91.9676,26.4868],[91.9672,26.4413],[91.9466,26.4273],[91.9486,26.4211],[91.9423,26.4192],[91.9363,26.3982],[91.9417,26.3933],[91.9428,26.3727],[91.9548,26.362]],[[91.9372,26.9125],[91.9283,26.9032],[91.9281,26.8859]]]}},{"type":"Feature","properties":{"name":"Kala River","major":false},"geometry":{"type":"MultiLineString","coordinates":[[[91.8476,26.9178],[91.8503,26.8904]],[[91.8459,26.8807],[91.8464,26.8733]],[[91.8464,26.8733],[91.848,26.8584],[91.8408,26.8414],[91.8446,26.8026],[91.8635,26.7538]],[[91.8476,26.9207],[91.8476,26.9178]]]}},{"type":"Feature","properties":{"name":"Langkhar","major":false},"geometry":{"type":"LineString","coordinates":[[90.566,26.8529],[90.5554,26.8476],[90.5484,26.835],[90.5415,26.7921],[90.5216,26.7736],[90.5257,26.7684],[90.5203,26.7579],[90.5224,26.7371]]}},{"type":"Feature","properties":{"name":"Ghorautra River","major":false},"geometry":{"type":"LineString","coordinates":[[91.0084,24.3711],[90.9803,24.3177],[90.972,24.3181],[90.9609,24.3266],[90.9529,24.3231],[90.9737,24.296],[90.9613,24.2841],[90.9611,24.2719],[90.9879,24.2635],[90.9956,24.2537],[90.9874,24.2235],[90.9985,24.1988],[90.9856,24.1669],[90.9868,24.1592]]}},{"type":"Feature","properties":{"name":"Iril River","major":false},"geometry":{"type":"MultiLineString","coordinates":[[[94.042,24.9213],[94.0456,24.9175],[94.0382,24.9061],[94.0458,24.9041],[94.0345,24.8888],[94.039,24.8725],[94.0339,24.8712],[94.0321,24.8805],[94.0263,24.8805],[94.0282,24.8755],[94.0188,24.8669],[94.0104,24.8694],[94.0091,24.8627],[93.9999,24.8581],[93.9942,24.8462],[93.9998,24.8363],[93.992,24.829],[93.9905,24.8346],[93.986,24.8321],[93.9895,24.8249],[93.9742,24.7972],[93.9783,24.7894],[93.9859,24.789],[93.9769,24.7741],[93.9816,24.7554],[93.9773,24.7497],[93.9826,24.7401],[93.9766,24.7334],[93.9809,24.7276],[93.9704,24.7247],[93.9719,24.7122],[93.9669,24.7117],[93.965,24.7053],[93.9462,24.7085],[93.9415,24.7206]],[[94.0682,25.0803],[94.0624,25.0757],[94.0546,25.0789],[94.0509,25.0742],[94.048,25.0779],[94.0359,25.0577],[94.0258,25.057],[94.0312,25.051],[94.0211,25.0476],[94.0148,25.0324],[94.0215,25.0239],[94.0291,25.0264],[94.0251,25.0145],[94.0218,25.0152],[94.0238,25.0084],[94.0267,25.0103],[94.0267,25.001],[94.0209,24.9981],[94.0256,24.9903],[94.0186,24.9825],[94.032,24.9373],[94.036,24.9424],[94.0381,24.9379],[94.0426,24.9406],[94.0463,24.9329],[94.044,24.9292],[94.0397,24.9319],[94.0411,24.9258],[94.0364,24.9249],[94.042,24.9213]],[[94.2021,25.1779],[94.1913,25.1759],[94.1892,25.169],[94.1765,25.1647],[94.1807,25.158],[94.173,25.1601],[94.1729,25.1501],[94.168,25.1505],[94.1661,25.1417],[94.1603,25.1421],[94.1651,25.1332],[94.1573,25.1323],[94.1566,25.1377],[94.1528,25.1298],[94.1493,25.1345],[94.1407,25.1192],[94.1315,25.1177],[94.1344,25.1119],[94.1289,25.1117],[94.1293,25.1007],[94.1178,25.0903],[94.1216,25.0784],[94.1132,25.0779],[94.1066,25.0852],[94.0931,25.0881],[94.0756,25.086],[94.0682,25.0803]],[[94.3,25.3923],[94.2813,25.3636],[94.2617,25.3497],[94.2371,25.301],[94.2293,25.2956],[94.2247,25.2747],[94.2318,25.2551],[94.2357,25.2542],[94.227,25.2416],[94.2248,25.2255],[94.2198,25.2256],[94.2236,25.2198],[94.218,25.2201],[94.2132,25.2151],[94.2156,25.2074],[94.2097,25.2065],[94.2121,25.1999],[94.2078,25.1917],[94.2129,25.1872],[94.2025,25.1922],[94.2037,25.1826],[94.1939,25.1806],[94.2021,25.1779]]]}},{"type":"Feature","properties":{"name":"Sonāi River","major":false},"geometry":{"type":"MultiLineString","coordinates":[[[92.9635,24.5604],[92.9674,24.5626],[92.9575,24.5629],[92.9585,24.5683],[92.9508,24.5747],[92.9533,24.5816],[92.9637,24.5866],[92.9611,24.6015],[92.9455,24.6104],[92.9339,24.6091],[92.9294,24.6168],[92.9199,24.6189],[92.9209,24.6285],[92.9128,24.6329],[92.9145,24.6379],[92.9084,24.6322],[92.9074,24.6398],[92.8979,24.6396],[92.8871,24.6478],[92.8862,24.654],[92.8903,24.6539],[92.8874,24.6583],[92.8836,24.6541],[92.8789,24.6572],[92.8871,24.6623],[92.8822,24.6696],[92.8872,24.6652],[92.8929,24.6694],[92.8789,24.6765],[92.8844,24.6819],[92.8768,24.6873],[92.8869,24.6895],[92.8883,24.6951],[92.8763,24.708],[92.8867,24.7135],[92.8822,24.7209],[92.892,24.722],[92.8979,24.732],[92.8928,24.7389],[92.885,24.7352],[92.8735,24.7451],[92.9006,24.7455],[92.9091,24.7511]],[[92.9555,24.5021],[92.9517,24.4994],[92.9403,24.5093],[92.9407,24.5172],[92.9486,24.5238],[92.9454,24.5301],[92.9522,24.5296],[92.9474,24.5347],[92.9603,24.5456],[92.9563,24.5511],[92.9645,24.5551],[92.9635,24.5604]]]}},{"type":"Feature","properties":{"name":"Jatinga River","major":false},"geometry":{"type":"LineString","coordinates":[[92.7925,25.0479],[92.7689,25.0288],[92.769,25.0199],[92.7558,25.0178],[92.7409,25.0049],[92.7314,25.005],[92.718,24.9831],[92.7249,24.9803],[92.7324,24.9885],[92.7444,24.981],[92.7535,24.9819],[92.7514,24.9737],[92.7598,24.9688],[92.7528,24.9591],[92.7447,24.9643],[92.7459,24.9475],[92.7387,24.9468],[92.7625,24.9163],[92.7441,24.9102],[92.7461,24.9018],[92.7518,24.8991],[92.7394,24.8965],[92.7365,24.8854]]}},{"type":"Feature","properties":{"name":"Diyung River","major":false},"geometry":{"type":"MultiLineString","coordinates":[[[93.0075,25.4472],[93.0068,25.4553],[93.0026,25.4565],[93.0059,25.4629],[92.9988,25.4653],[93.0033,25.4703],[92.9987,25.4762],[93.0063,25.4819],[92.9978,25.4954],[93.0242,25.5014],[93.021,25.5079],[93.0267,25.5068],[93.0234,25.5164],[93.028,25.519]],[[93.0364,25.16],[93.0319,25.1593],[93.0308,25.183],[93.0235,25.2008],[93.0157,25.2023],[93.0049,25.2154],[93.0118,25.2395],[93.002,25.2489],[93.0047,25.2584],[92.9986,25.2622],[93.0049,25.2693],[92.9951,25.2716],[92.995,25.2817],[92.9848,25.2843],[92.9795,25.2921],[92.9861,25.3106],[92.9834,25.3191],[92.9565,25.3233],[92.936,25.3353]],[[93.028,25.519],[93.038,25.5245],[93.0326,25.5271],[93.0232,25.5198],[93.0133,25.5215],[93.0108,25.5386],[93.0045,25.5288],[92.9935,25.5305],[92.9897,25.5366],[92.9842,25.5349],[92.9835,25.5385],[92.9944,25.5448],[93.0008,25.5604],[92.9887,25.5555],[92.9792,25.5626],[92.9751,25.5483],[92.9714,25.5616],[92.9786,25.5664],[92.9713,25.5718],[92.9706,25.5826],[92.9667,25.5759],[92.9446,25.5822],[92.9474,25.5905],[92.9561,25.5942],[92.9426,25.606],[92.958,25.6065],[92.9468,25.6135],[92.9561,25.6232],[92.9471,25.6221],[92.9431,25.6274],[92.9521,25.6361],[92.9513,25.6408],[92.9582,25.6314],[92.9631,25.643],[92.9746,25.6493],[92.9648,25.6664],[92.9545,25.6687],[92.9524,25.6753],[92.9558,25.6809],[92.9636,25.6757],[92.9612,25.6889],[92.9653,25.6811],[92.9761,25.6808],[92.9709,25.6826],[92.9711,25.6889],[92.9838,25.6949],[92.9774,25.7203],[92.9843,25.7112],[92.9835,25.7181],[92.9968,25.7139],[93.0007,25.7211],[93.0151,25.7128],[93.0275,25.7235],[93.0216,25.7355],[93.028,25.7381],[93.0356,25.7357],[93.0318,25.7283],[93.0431,25.7226],[93.0496,25.7374],[93.0647,25.7336],[93.0733,25.7557],[93.065,25.7573],[93.0555,25.771],[93.0534,25.7849],[93.0369,25.7951],[93.0252,25.7946],[93.0187,25.8018],[93.0116,25.7897],[93.0031,25.7873],[92.9984,25.8087],[93.0063,25.8229],[93.0046,25.8288],[92.996,25.8216],[92.9892,25.822],[92.9811,25.8087],[92.9872,25.8029],[92.985,25.7813],[92.98,25.781],[92.9814,25.7906],[92.9775,25.7878]],[[92.936,25.3353],[92.9312,25.3532],[92.9336,25.3608],[92.9261,25.3676],[92.9365,25.3735],[92.951,25.3964],[92.9521,25.4066],[92.9654,25.401],[92.9751,25.4107],[92.9664,25.416],[92.9713,25.4248],[92.9815,25.4228],[92.9889,25.415],[92.9975,25.4155],[92.9921,25.4229],[93.0002,25.4381],[93.0085,25.4396],[93.0075,25.4472]],[[92.9775,25.7878],[92.9677,25.7837],[92.9707,25.7912],[92.9566,25.8032],[92.9664,25.8177],[92.943,25.8029],[92.9283,25.807]],[[93.1019,25.1858],[93.1019,25.1862]],[[93.1187,25.1767],[93.1019,25.1858]],[[93.1019,25.1862],[93.0903,25.1893],[93.0717,25.1772]],[[93.0717,25.1772],[93.0571,25.1688]],[[93.0571,25.1688],[93.0364,25.16]]]}},{"type":"Feature","properties":{"name":"Kulsi","major":true},"geometry":{"type":"LineString","coordinates":[[91.4031,25.9231],[91.4114,25.9397],[91.4137,25.9663],[91.4209,25.9732],[91.4274,26.0011],[91.4332,26.0081],[91.444,26.0584],[91.43,26.0728],[91.436,26.0782],[91.4272,26.0932],[91.4139,26.0913],[91.4049,26.0994],[91.3863,26.0922],[91.3773,26.0951],[91.3685,26.0861],[91.3625,26.0918],[91.3606,26.0854],[91.3575,26.0897],[91.344,26.0895],[91.272,26.0628],[91.2662,26.0684],[91.2536,26.0621],[91.2325,26.0684],[91.2206,26.0626],[91.2168,26.0677],[91.2036,26.0571],[91.1703,26.0669],[91.1636,26.0635],[91.1659,26.059],[91.1621,26.0546],[91.1527,26.0608],[91.1244,26.0603],[91.1178,26.0709],[91.0885,26.0804],[91.0827,26.0881],[91.0676,26.0865],[91.0609,26.0928],[91.0447,26.0932],[90.9969,26.1196]]}},{"type":"Feature","properties":{"name":"যাদুকাটা নদী","major":false},"geometry":{"type":"LineString","coordinates":[[91.2558,25.1937],[91.2616,25.1708],[91.2561,25.1544],[91.2581,25.1457],[91.2475,25.1348],[91.2378,25.1122]]}},{"type":"Feature","properties":{"name":"Tuta Lok","major":false},"geometry":{"type":"LineString","coordinates":[[94.0811,24.2334],[94.0895,24.2407],[94.111,24.2407],[94.1269,24.2349],[94.1418,24.2355],[94.1488,24.2255],[94.1605,24.2228],[94.1688,24.2342],[94.1898,24.2338],[94.1941,24.2408],[94.2164,24.2532],[94.2386,24.2461],[94.2586,24.2529]]}},{"type":"Feature","properties":{"name":"Dudhnoi","major":false},"geometry":{"type":"LineString","coordinates":[[90.7832,25.9238],[90.7738,25.931],[90.774,25.9358],[90.7782,25.9513],[90.7855,25.9607],[90.7942,25.9636],[90.798,25.972],[90.7907,25.9794],[90.7888,25.994],[90.7923,26.0069],[90.802,26.0103],[90.8049,26.0239],[90.8012,26.034],[90.782,26.0536],[90.7837,26.0617],[90.7727,26.0626],[90.7693,26.0689],[90.7531,26.0761]]}},{"type":"Feature","properties":{"name":"Tuivai","major":false},"geometry":{"type":"MultiLineString","coordinates":[[[93.5572,23.9788],[93.5536,23.9872],[93.5593,23.9891],[93.5538,23.9946],[93.5574,23.9935],[93.5674,24.0147],[93.5641,24.0182],[93.5675,24.0255],[93.5619,24.0281],[93.5698,24.0459],[93.5656,24.049],[93.5687,24.0562],[93.56,24.0625],[93.5588,24.0736],[93.5637,24.0752],[93.5581,24.0807],[93.5627,24.0933],[93.5573,24.0887],[93.5432,24.0944],[93.5568,24.1172],[93.5459,24.1201],[93.5521,24.1299],[93.5455,24.1313],[93.55,24.1377],[93.5457,24.1534],[93.5511,24.1549],[93.5512,24.1688],[93.517,24.1609],[93.5019,24.1761],[93.4866,24.1771]],[[93.4129,24.2095],[93.3607,24.2444],[93.3509,24.2358],[93.3276,24.2382],[93.3332,24.2331],[93.3345,24.2114],[93.329,24.2],[93.335,24.1945],[93.3307,24.1922],[93.3292,24.1771],[93.3329,24.1775],[93.3355,24.1695],[93.3322,24.1527],[93.321,24.1342],[93.3284,24.1338],[93.3247,24.1319],[93.326,24.122],[93.3444,24.1043],[93.3429,24.0976],[93.3541,24.0916],[93.3474,24.0878],[93.3446,24.0922],[93.3372,24.0911],[93.3307,24.0858],[93.3281,24.0776],[93.3341,24.0748],[93.3383,24.0616],[93.3251,24.0487]],[[93.1616,23.9202],[93.1569,23.9056],[93.1664,23.8942],[93.17,23.878],[93.1636,23.8759],[93.1623,23.8565],[93.141,23.8428],[93.133,23.8441],[93.1137,23.8601],[93.1156,23.868],[93.1075,23.8713],[93.1099,23.8799],[93.1035,23.895],[93.063,23.8937],[93.0612,23.9185],[93.07,23.9328],[93.072,23.9515],[93.0793,23.9557],[93.0712,23.9866],[93.0754,23.9989],[93.0879,24.01],[93.0884,24.0149],[93.0835,24.016],[93.0901,24.0184],[93.0997,24.0382],[93.098,24.0729],[93.083,24.089],[93.0793,24.1016],[93.0618,24.092],[93.0465,24.0902],[93.0272,24.1012],[93.013,24.1016],[93.0107,24.1073],[92.9912,24.1158],[92.9735,24.1125],[92.9706,24.1203],[92.9755,24.1261],[92.9842,24.126],[92.9912,24.1382],[92.9882,24.1488],[93.0059,24.161],[93.0031,24.1723],[93.0076,24.1825],[92.9997,24.1971],[93.0151,24.2005],[93.0221,24.2181],[93.0157,24.224],[93.0241,24.2331],[93.0207,24.2349]],[[93.4866,24.1771],[93.4891,24.1801],[93.48,24.1825],[93.4792,24.1913],[93.4712,24.1989],[93.471,24.211],[93.462,24.2194],[93.468,24.2257],[93.4559,24.2249],[93.4317,24.2018],[93.4226,24.2042],[93.4208,24.1995],[93.4129,24.2095]]]}},{"type":"Feature","properties":{"name":"Tuilam","major":false},"geometry":{"type":"LineString","coordinates":[[93.2296,24.1907],[93.2214,24.1833],[93.222,24.1628],[93.24,24.1346],[93.2243,24.1251],[93.2238,24.1177],[93.2103,24.1012],[93.2093,24.0949],[93.2209,24.0841]]}},{"type":"Feature","properties":{"name":"Godadhar","major":false},"geometry":{"type":"MultiLineString","coordinates":[[[89.9419,26.1316],[89.9608,26.119],[89.9724,26.117],[89.9715,26.0973],[89.9803,26.1012],[89.9929,26.0948],[89.9938,26.0853],[89.9879,26.0809],[89.9791,26.0841],[89.9775,26.0925],[89.966,26.0846],[89.976,26.0656],[89.9917,26.064],[89.9912,26.0536],[89.9785,26.038],[89.9814,26.0302],[89.9975,26.0206]],[[89.9139,26.3665],[89.9071,26.3516],[89.8933,26.349],[89.8936,26.341],[89.8995,26.3358],[89.8925,26.3144],[89.8863,26.3145],[89.88,26.3034],[89.8838,26.2949],[89.8707,26.2637],[89.8668,26.258],[89.8519,26.2546],[89.8686,26.2273],[89.8614,26.2247],[89.8617,26.2154],[89.8727,26.2071],[89.8714,26.197],[89.861,26.1944],[89.8589,26.1896],[89.865,26.185],[89.8749,26.1914],[89.8684,26.1807],[89.8721,26.1703],[89.8682,26.1559],[89.8713,26.1476],[89.8801,26.1437],[89.8746,26.1292],[89.879,26.1203],[89.8935,26.1222],[89.9028,26.1341],[89.9213,26.1157],[89.9271,26.1153],[89.9359,26.1195],[89.9419,26.1316]],[[89.9495,26.4158],[89.9381,26.3963],[89.9199,26.3926],[89.9202,26.3782],[89.9139,26.3665]]]}},{"type":"Feature","properties":{"name":"Kuri Chhu","major":false},"geometry":{"type":"MultiLineString","coordinates":[[[91.2037,27.2161],[91.2114,27.2022],[91.2184,27.2008],[91.2207,27.1894],[91.2321,27.1874],[91.2376,27.1774],[91.2331,27.1717],[91.2406,27.1636],[91.2292,27.1499],[91.2392,27.1483],[91.2399,27.1443],[91.2322,27.1363],[91.2357,27.1318],[91.2312,27.1103],[91.2138,27.1107],[91.2096,27.0848],[91.2027,27.0789],[91.2083,27.0647],[91.2365,27.0496]],[[91.2035,27.2163],[91.2037,27.2161]],[[91.1917,27.238],[91.195,27.2298],[91.1909,27.2219],[91.2035,27.2163]]]}},{"type":"Feature","properties":{"name":"Tengapani","major":false},"geometry":{"type":"MultiLineString","coordinates":[[[96.0913,27.755],[96.0763,27.7525],[96.0441,27.7664],[96.0095,27.762],[95.9954,27.7731],[95.9834,27.7743]],[[96.2425,27.6788],[96.2308,27.6969],[96.2106,27.6996],[96.2075,27.7057],[96.2025,27.7057],[96.1983,27.7167],[96.1884,27.716],[96.1858,27.7219],[96.1793,27.7193],[96.1748,27.7228],[96.1671,27.7325],[96.1656,27.746],[96.1609,27.7433],[96.153,27.749],[96.1362,27.7494],[96.1333,27.7556],[96.1274,27.753],[96.1134,27.7586],[96.0916,27.755],[96.0756,27.7606],[96.0609,27.7584]],[[96.0565,27.7595],[96.0344,27.7628],[96.0222,27.7579],[96.0188,27.7614]]]}},{"type":"Feature","properties":{"name":"Dhaleswar River","major":false},"geometry":{"type":"LineString","coordinates":[[92.553,24.706],[92.5629,24.722],[92.5568,24.7291],[92.5689,24.7366],[92.5668,24.7423],[92.5745,24.7355],[92.5778,24.742],[92.5822,24.738],[92.584,24.7412],[92.5793,24.7468],[92.5881,24.7467],[92.5809,24.7514],[92.5821,24.76],[92.5772,24.7603],[92.5928,24.7767],[92.5852,24.7811],[92.5949,24.7864],[92.5917,24.7912],[92.5984,24.7867],[92.6015,24.7914],[92.5969,24.8003],[92.5923,24.7978],[92.5916,24.804],[92.5825,24.8062],[92.5861,24.8131],[92.5802,24.8222],[92.5883,24.8234],[92.5903,24.83],[92.597,24.8241],[92.5936,24.8329],[92.5985,24.8377],[92.588,24.8376],[92.5912,24.8482],[92.6099,24.8581],[92.6107,24.8654]]}},{"type":"Feature","properties":{"name":"Dalu River","major":false},"geometry":{"type":"LineString","coordinates":[[92.8511,25.0218],[92.8687,25.0269],[92.8733,25.0204],[92.8669,25.0136],[92.8716,25.0018],[92.859,24.9905],[92.8648,24.9919],[92.8608,24.9867],[92.8662,24.9803],[92.8596,24.9719],[92.8631,24.9678],[92.8585,24.9542],[92.8516,24.9546],[92.8519,24.9492],[92.8336,24.9408],[92.8258,24.9465],[92.8233,24.9411],[92.8137,24.9434],[92.807,24.9375],[92.7868,24.9416],[92.7852,24.936],[92.7897,24.9327],[92.7799,24.9204],[92.7665,24.9176],[92.7625,24.9083],[92.759,24.9134]]}},{"type":"Feature","properties":{"name":"Langting River","major":false},"geometry":{"type":"MultiLineString","coordinates":[[[93.2979,25.3787],[93.2946,25.3938],[93.2835,25.401],[93.2872,25.4049],[93.2835,25.407],[93.2842,25.4157],[93.2715,25.418],[93.2734,25.4259],[93.2683,25.4266],[93.2803,25.4289],[93.28,25.4333],[93.2654,25.4376],[93.247,25.4566],[93.2423,25.4556],[93.2403,25.4629],[93.2524,25.465],[93.25,25.4771],[93.2436,25.4721],[93.2391,25.4745],[93.2367,25.4707],[93.2337,25.4749],[93.2236,25.4697],[93.22,25.4735],[93.2148,25.4701],[93.2128,25.478],[93.2082,25.4722],[93.2013,25.478],[93.2048,25.4896],[93.1972,25.495],[93.1941,25.4893],[93.1836,25.4877],[93.1765,25.4957],[93.1784,25.5002],[93.1731,25.5017],[93.1712,25.495],[93.1627,25.4904],[93.1548,25.4924],[93.1547,25.4811],[93.1441,25.4731],[93.1373,25.4747],[93.138,25.4821],[93.1282,25.4909]],[[93.0915,25.4974],[93.0826,25.496],[93.0847,25.5021],[93.0787,25.5075],[93.0733,25.5019],[93.0771,25.4989],[93.0699,25.5005],[93.0742,25.4921],[93.0683,25.4913],[93.0647,25.4845],[93.0536,25.498],[93.058,25.5003],[93.0514,25.5062],[93.0555,25.5084],[93.0421,25.5078],[93.044,25.512],[93.0396,25.5088],[93.0364,25.5131],[93.0327,25.509],[93.028,25.519]],[[93.1282,25.4909],[93.119,25.4962],[93.1119,25.4927],[93.1058,25.499],[93.1018,25.4954],[93.0915,25.4974]],[[93.2962,25.3004],[93.2955,25.3092],[93.2838,25.3147],[93.279,25.3326],[93.291,25.3419],[93.2856,25.3508],[93.2925,25.3583],[93.2872,25.3627],[93.2979,25.3787]],[[93.2985,25.2871],[93.2941,25.2916],[93.2962,25.3004]]]}},{"type":"Feature","properties":{"name":"Jātinga Nadi","major":false},"geometry":{"type":"LineString","coordinates":[[93.0072,25.1256],[92.9794,25.1159],[92.9551,25.1182],[92.9253,25.112],[92.9136,25.115],[92.9028,25.1117],[92.8881,25.1186],[92.8743,25.1149],[92.8633,25.1212],[92.86,25.1149],[92.8197,25.1043],[92.8041,25.0892],[92.8003,25.0758],[92.8096,25.0758],[92.8011,25.0726],[92.8053,25.0619],[92.8008,25.0619],[92.7995,25.0518],[92.7925,25.0479]]}},{"type":"Feature","properties":{"name":"Jenani River","major":false},"geometry":{"type":"MultiLineString","coordinates":[[[93.3013,25.193],[93.2896,25.1664],[93.2723,25.1532],[93.2759,25.1388],[93.2732,25.1308],[93.2517,25.1197],[93.2507,25.1151],[93.2351,25.1115],[93.2258,25.1024],[93.228,25.0951],[93.2212,25.0895],[93.2199,25.0814],[93.2156,25.0777],[93.1979,25.0794],[93.1972,25.0713],[93.1846,25.0658],[93.1782,25.0529],[93.1785,25.0398],[93.1842,25.0385],[93.1808,25.0303],[93.1751,25.0292],[93.1832,25.0252],[93.1833,25.0195],[93.1782,25.0201],[93.1831,25.0132],[93.1755,25.0086],[93.1811,25.0061],[93.1786,24.9967],[93.1847,24.9948],[93.188,24.9985],[93.1878,24.9929],[93.1983,24.9917],[93.1964,24.9883],[93.203,24.9812],[93.2132,24.983],[93.2144,24.988],[93.2305,24.9838]],[[93.3049,25.2064],[93.309,25.1915],[93.3013,25.193]],[[93.2881,25.2314],[93.2893,25.2189],[93.3049,25.206]],[[93.2305,24.9838],[93.2322,24.9755],[93.2434,24.9753],[93.2446,24.9697],[93.2498,24.9726]],[[93.2203,25.0839],[93.2201,25.0834]]]}},{"type":"Feature","properties":{"name":"Tuivawl","major":false},"geometry":{"type":"LineString","coordinates":[[93.0337,23.5675],[93.0278,23.6301],[93.0333,23.6468],[93.0241,23.6853],[93.0316,23.6938],[93.0307,23.7094],[93.0245,23.7153],[93.0276,23.721],[93.0243,23.7327],[93.0335,23.7396],[93.0288,23.7457],[93.0307,23.7507],[93.0257,23.7525],[93.0293,23.7568],[93.0242,23.7621],[93.0223,23.7926],[93.0173,23.7919],[93.0104,23.7997],[93.0074,23.8126],[93.0175,23.8226],[93.0044,23.8437],[93.0112,23.8653],[92.9848,23.8914],[92.9791,23.9119],[92.9798,23.9186],[92.9971,23.9315],[92.9831,23.9576],[92.9927,23.9615],[92.9905,23.9721],[92.998,23.9879],[92.9921,24.0133],[92.9932,24.0881],[92.9667,24.0948],[92.9708,24.0976],[92.9678,24.1087],[92.9726,24.113]]}},{"type":"Feature","properties":{"name":"Tuingam","major":false},"geometry":{"type":"LineString","coordinates":[[93.8962,24.0785],[93.9039,24.0933],[93.8887,24.1019],[93.8908,24.1071],[93.8823,24.1185],[93.8882,24.1311],[93.908,24.1444],[93.9078,24.1563],[93.9006,24.1692],[93.9053,24.1779],[93.897,24.1826],[93.9026,24.187],[93.8966,24.1973],[93.9009,24.2053]]}},{"type":"Feature","properties":{"name":"Tuibin","major":false},"geometry":{"type":"MultiLineString","coordinates":[[[93.552,24.4796],[93.5578,24.4863],[93.5562,24.4933],[93.5707,24.4981]],[[93.5453,24.3843],[93.538,24.3872],[93.5312,24.3989],[93.5402,24.4222],[93.545,24.4581],[93.5527,24.4625],[93.5516,24.4715],[93.5485,24.4701],[93.552,24.4796]]]}},{"type":"Feature","properties":{"name":"Dhansiri","major":true},"geometry":{"type":"MultiLineString","coordinates":[[[92.116,26.8938],[92.118,26.8918]],[[93.8039,26.0886],[93.8136,26.0924],[93.8066,26.1008],[93.8105,26.1042]],[[92.118,26.8918],[92.1539,26.866],[92.1967,26.8264],[92.2177,26.8165],[92.2046,26.8085],[92.1979,26.7597],[92.2043,26.7527],[92.2046,26.7422],[92.2169,26.7407]],[[92.2835,26.584],[92.268,26.5749],[92.2638,26.5643],[92.2738,26.5432],[92.2667,26.5376],[92.2467,26.5366],[92.2437,26.5332],[92.249,26.517],[92.2367,26.5133],[92.2505,26.5064],[92.2421,26.4932],[92.2533,26.4875]],[[92.2169,26.7407],[92.2216,26.7398],[92.2275,26.7233],[92.241,26.7162],[92.2582,26.6939],[92.2545,26.6468],[92.2667,26.6187],[92.2694,26.599],[92.2835,26.584]]]}},{"type":"Feature","properties":{"name":"Ghagra","major":false},"geometry":{"type":"LineString","coordinates":[[94.7235,27.7227],[94.7058,27.6901],[94.7249,27.6638],[94.724,27.6448],[94.76,27.6221],[94.7696,27.6036],[94.7765,27.602],[94.7814,27.5807],[94.7935,27.5653],[94.7927,27.5556]]}},{"type":"Feature","properties":{"name":"STR7","major":false},"geometry":{"type":"MultiLineString","coordinates":[[[94.5929,27.7161],[94.594,27.7109],[94.6003,27.7154],[94.6065,27.7126],[94.6101,27.6984],[94.6168,27.6934],[94.6115,27.6924],[94.6076,27.6692],[94.5868,27.6554],[94.5719,27.6604],[94.5571,27.6522],[94.5494,27.6565],[94.5385,27.651],[94.5363,27.6557],[94.5193,27.644],[94.5147,27.6331],[94.4997,27.6307],[94.4892,27.6359],[94.4882,27.6432],[94.4826,27.6377],[94.4749,27.6551],[94.4644,27.6549],[94.4525,27.6419],[94.4425,27.6441],[94.429,27.6364],[94.4395,27.6248],[94.4325,27.5896],[94.4472,27.5729],[94.4614,27.5098],[94.4683,27.4981],[94.4671,27.4674],[94.4606,27.4572]],[[94.4606,27.4572],[94.4509,27.4375],[94.4534,27.4078],[94.4293,27.3976],[94.4199,27.3818],[94.4069,27.3727]],[[94.4072,27.3666],[94.3989,27.337],[94.4154,27.3332],[94.4257,27.3386],[94.4325,27.3277],[94.4273,27.3239],[94.4427,27.3185],[94.44,27.3115]]]}},{"type":"Feature","properties":{"name":"Simen River","major":false},"geometry":{"type":"MultiLineString","coordinates":[[[94.8359,27.9832],[94.8554,27.9997],[94.8635,27.9992],[94.8728,27.9883],[94.8817,28],[94.8963,27.9964],[94.9196,27.9989],[94.9206,27.9947],[94.942,27.9918],[94.9473,27.9891],[94.9459,27.9847],[94.9556,27.9809],[94.9417,27.9268],[94.9183,27.8987],[94.9217,27.8887],[94.9141,27.8885],[94.912,27.8812],[94.9078,27.8839],[94.9036,27.8797],[94.9096,27.8736],[94.9041,27.865],[94.9065,27.8602],[94.9239,27.8631],[94.9268,27.859],[94.9233,27.8524],[94.9008,27.8388]],[[94.9008,27.8388],[94.9077,27.8355],[94.8907,27.8139],[94.8942,27.8022],[94.8858,27.7934],[94.8863,27.7877],[94.8727,27.7795],[94.8543,27.755],[94.865,27.7428],[94.8572,27.7455],[94.8547,27.7369],[94.8707,27.7223],[94.8615,27.7159]]]}},{"type":"Feature","properties":{"name":"Dikari River","major":false},"geometry":{"type":"LineString","coordinates":[[95.0643,27.9781],[95.0546,27.9748],[95.0529,27.965],[95.0565,27.9595],[95.0722,27.9569],[95.0684,27.9508],[95.0719,27.9376],[95.0561,27.9217],[95.0619,27.9025],[95.0578,27.9024],[95.0547,27.8928],[95.0265,27.8792],[95.0256,27.8742],[95.032,27.874],[95.0267,27.87],[95.0301,27.867],[95.0154,27.8631],[95.0175,27.856],[95.0119,27.852],[95.0177,27.828],[95.0263,27.8255],[95.0299,27.8131],[95.035,27.8141],[95.0312,27.8046],[95.0378,27.8065],[95.0445,27.7851],[95.0269,27.7705]]}},{"type":"Feature","properties":{"name":"Dzuza River","major":false},"geometry":{"type":"MultiLineString","coordinates":[[[94.0369,25.6784],[94.0565,25.7029],[94.0486,25.7128],[94.0529,25.7226],[94.0505,25.7337],[94.0379,25.7482],[94.0323,25.7699],[94.02,25.7862]],[[94.0167,25.6571],[94.0221,25.6684],[94.0369,25.6784]],[[94.0091,25.6383],[94.0174,25.6428],[94.0167,25.6571]]]}},{"type":"Feature","properties":{"name":"Diphlu","major":false},"geometry":{"type":"MultiLineString","coordinates":[[[93.4224,26.6717],[93.3968,26.6582],[93.3771,26.6682],[93.3638,26.6672],[93.3554,26.6734],[93.3526,26.6682],[93.3451,26.6713],[93.3486,26.6625],[93.3401,26.6594],[93.3426,26.6538],[93.337,26.6483],[93.3434,26.6398],[93.3238,26.629],[93.3069,26.6292],[93.2754,26.6412],[93.2348,26.6376]],[[93.5478,26.6447],[93.5346,26.6361],[93.4968,26.636],[93.4926,26.6393],[93.4946,26.6453],[93.5088,26.6525],[93.5076,26.6613],[93.4917,26.6532],[93.4806,26.6571],[93.4679,26.6757],[93.4224,26.6717]]]}},{"type":"Feature","properties":{"name":"Jamuna River","major":false},"geometry":{"type":"MultiLineString","coordinates":[[[93.0903,26.074],[93.083,26.0778],[93.0841,26.0825],[93.0758,26.0793],[93.0739,26.0855],[93.0674,26.0811],[93.0569,26.0868],[93.0398,26.0873],[93.0366,26.1079],[93.0333,26.1059]],[[93.3318,25.9967],[93.3142,26.0005],[93.309,25.9918],[93.3123,25.9864],[93.2907,25.981],[93.2946,25.9897],[93.2686,25.9938],[93.2491,26.0137],[93.2346,26.0131],[93.2318,26.0178],[93.228,26.0129],[93.2186,26.0276],[93.2083,26.0274],[93.2063,26.0366],[93.1922,26.044]],[[93.1922,26.044],[93.1927,26.048],[93.1824,26.0466],[93.1813,26.0537],[93.1762,26.0526],[93.1733,26.0582],[93.1669,26.0562],[93.161,26.0603],[93.1573,26.0568],[93.152,26.0628]],[[93.152,26.0628],[93.141,26.0655],[93.1367,26.0635],[93.1387,26.0593],[93.1331,26.0588],[93.1321,26.0635],[93.1235,26.0609],[93.1263,26.0675],[93.1164,26.0718],[93.1082,26.0697],[93.1071,26.079],[93.1023,26.074],[93.0988,26.0777],[93.0903,26.074]],[[93.0333,26.1059],[93.0246,26.1078],[93.0218,26.1136],[93.0068,26.1151],[92.9988,26.1227],[92.9668,26.1292],[92.955,26.1413],[92.9435,26.137],[92.9312,26.1404]],[[93.3766,25.9954],[93.372,25.9968],[93.3673,25.9923],[93.3704,25.9882],[93.3614,25.9871],[93.3593,25.981],[93.3574,25.9851],[93.3389,25.9853],[93.3318,25.9967]]]}},{"type":"Feature","properties":{"name":"Sesa Nadi","major":false},"geometry":{"type":"MultiLineString","coordinates":[[[94.7914,27.3245],[94.79,27.3176],[94.78,27.3161],[94.7785,27.3078],[94.7681,27.3076],[94.7773,27.3053],[94.7766,27.2999],[94.7717,27.3008],[94.774,27.2962],[94.7696,27.3004],[94.764,27.2972],[94.7616,27.2919],[94.7654,27.2903],[94.7567,27.292],[94.7557,27.2843],[94.7435,27.2836],[94.7456,27.2804],[94.7387,27.2742]],[[95.0072,27.4335],[94.9991,27.4292],[95.0001,27.4351],[94.9947,27.4311],[94.9857,27.4337],[94.9756,27.4241],[94.9705,27.4274],[94.9718,27.424],[94.9639,27.424],[94.958,27.4131],[94.9436,27.4163],[94.945,27.4071],[94.939,27.4029],[94.9316,27.4102],[94.9173,27.4096],[94.9095,27.385],[94.9142,27.3827],[94.905,27.376],[94.9077,27.3722],[94.9035,27.3733],[94.9043,27.3685],[94.8998,27.3656],[94.8992,27.3692],[94.8956,27.3637],[94.8938,27.3668],[94.8892,27.3589],[94.8778,27.3575],[94.8781,27.3384],[94.8754,27.3412],[94.8708,27.3354],[94.8637,27.3391],[94.8591,27.336],[94.8577,27.3234],[94.8486,27.3295],[94.8473,27.3256],[94.8394,27.3259],[94.8452,27.3208],[94.8439,27.3166],[94.8333,27.3147],[94.8378,27.3113],[94.8301,27.3137],[94.8266,27.3065],[94.8093,27.3187],[94.808,27.3253],[94.8001,27.3188],[94.7914,27.3245]],[[95.0882,27.4464],[95.0827,27.4403],[95.0806,27.4457],[95.0682,27.4508],[95.0538,27.4503]],[[95.01,27.4325],[95.0072,27.4335]],[[95.0321,27.4499],[95.0198,27.4455],[95.0259,27.44]],[[95.0259,27.44],[95.0228,27.4381],[95.0262,27.4314],[95.0185,27.428],[95.0174,27.432],[95.0149,27.4286],[95.01,27.4325]],[[95.0538,27.4503],[95.0461,27.4492],[95.0377,27.456],[95.0321,27.4499]]]}},{"type":"Feature","properties":{"name":"Bhogdoi River","major":false},"geometry":{"type":"LineString","coordinates":[[94.2956,26.6963],[94.2972,26.703],[94.2898,26.708],[94.2923,26.7124],[94.2817,26.7151],[94.2844,26.7191],[94.2788,26.7227],[94.2787,26.7335],[94.2719,26.7361],[94.2737,26.7419],[94.265,26.7493],[94.2308,26.7572],[94.2244,26.7542],[94.2017,26.7858],[94.1753,26.775],[94.1557,26.7843],[94.1413,26.78],[94.1255,26.7946],[94.1116,26.7842],[94.1019,26.7881],[94.0782,26.7693],[94.0635,26.7717],[94.0466,26.7569],[94.0522,26.7501],[94.0511,26.7424],[94.0434,26.7443],[94.0377,26.7524],[94.0002,26.7427],[93.9952,26.7348],[93.9823,26.7305],[93.9637,26.7294],[93.958,26.7145],[93.9411,26.7048],[93.9356,26.7069],[93.9411,26.7011],[93.9124,26.6862],[93.8966,26.6851],[93.893,26.6801],[93.8792,26.6816],[93.8755,26.6894],[93.8647,26.6859],[93.866,26.6769],[93.8288,26.6905],[93.7902,26.6771],[93.7665,26.6807],[93.7517,26.6765],[93.7437,26.6818],[93.7385,26.6723],[93.7291,26.6834],[93.718,26.6819]]}},{"type":"Feature","properties":{"name":"Jhanji-Melak","major":false},"geometry":{"type":"LineString","coordinates":[[94.5794,26.7383],[94.5703,26.7438],[94.5721,26.7524],[94.5629,26.7501],[94.5555,26.7564],[94.5481,26.7483],[94.5377,26.7606],[94.5336,26.7535],[94.525,26.7653],[94.5158,26.7638],[94.5232,26.7701],[94.5126,26.7711],[94.5115,26.775],[94.524,26.7891],[94.515,26.7952],[94.5257,26.8001],[94.5165,26.8013],[94.5171,26.812],[94.509,26.8124],[94.504,26.8266],[94.497,26.8247],[94.4852,26.831],[94.4928,26.8461],[94.4883,26.8573],[94.4968,26.8673],[94.4915,26.8832],[94.4724,26.8818],[94.4594,26.8916],[94.4454,26.8804],[94.422,26.8983],[94.4171,26.8838],[94.4052,26.8795],[94.3982,26.8885],[94.4026,26.8928],[94.3978,26.9078],[94.3855,26.9076],[94.38,26.8999],[94.3678,26.8979],[94.3669,26.8875],[94.3468,26.8985],[94.3305,26.8857],[94.3158,26.886],[94.3145,26.8787],[94.2885,26.8689],[94.2801,26.8588],[94.2595,26.8569],[94.2451,26.8643]]}},{"type":"Feature","properties":{"name":"DIKHOW NODI","major":true},"geometry":{"type":"LineString","coordinates":[[94.7795,26.6582],[94.7863,26.6679],[94.7811,26.674],[94.7875,26.6786],[94.79,26.6887],[94.7796,26.6987],[94.805,26.6898],[94.8041,26.697],[94.8148,26.6966],[94.8335,26.7193],[94.8258,26.7241],[94.8151,26.744],[94.8037,26.7496],[94.7979,26.761],[94.8054,26.7678],[94.7978,26.7656],[94.7935,26.7693],[94.8136,26.7742],[94.817,26.779],[94.809,26.7855],[94.8127,26.7921],[94.7882,26.7984],[94.8051,26.8044],[94.7941,26.8145],[94.7974,26.8176],[94.8062,26.8144],[94.8072,26.8194],[94.7888,26.853],[94.7924,26.8581],[94.7977,26.8544],[94.7985,26.8584],[94.7891,26.8675],[94.7798,26.8622],[94.7761,26.8708],[94.7797,26.874],[94.7697,26.8708],[94.7674,26.8842],[94.7581,26.8837],[94.7634,26.8878],[94.7563,26.8935],[94.7582,26.9017],[94.7507,26.902],[94.7581,26.9081],[94.7423,26.9121],[94.7408,26.9059],[94.7377,26.908],[94.7384,26.9153],[94.7505,26.9176],[94.7528,26.9229],[94.7341,26.9217],[94.7247,26.9397],[94.7055,26.9455],[94.7067,26.9593],[94.7002,26.9542],[94.7004,26.9614],[94.6875,26.9592],[94.6831,26.9503],[94.6804,26.9671],[94.6712,26.9704],[94.6695,26.9779],[94.638,26.9708],[94.6225,26.9832],[94.6091,26.9724],[94.5994,26.9818],[94.59,26.9753],[94.5907,26.9828],[94.5864,26.9856],[94.5667,26.9801],[94.5674,26.9727],[94.5601,26.9786],[94.5612,26.9664],[94.5691,26.9686],[94.5671,26.9605],[94.559,26.9646],[94.5553,26.9552],[94.5419,26.9606],[94.5426,26.9533],[94.5327,26.9519],[94.5254,26.9562],[94.5266,26.9701],[94.518,26.9629],[94.503,26.9747],[94.5136,26.9771],[94.5007,26.9806],[94.5014,26.9746],[94.4978,26.9747],[94.5009,26.9902],[94.4911,26.9919],[94.4927,26.9851],[94.4813,26.9947],[94.4741,26.9891],[94.4816,27.0068],[94.4718,26.9985],[94.4532,27.0012]]}},{"type":"Feature","properties":{"name":"Manu River","major":false},"geometry":{"type":"LineString","coordinates":[[91.9067,24.4858],[91.8892,24.4844],[91.8814,24.4943],[91.8646,24.4903],[91.8707,24.497],[91.8609,24.5008],[91.8518,24.4987],[91.8547,24.4935],[91.8465,24.494],[91.8508,24.485],[91.8437,24.4888],[91.8266,24.4842],[91.8209,24.4961],[91.8135,24.4895],[91.787,24.4933],[91.7787,24.499],[91.7644,24.4903],[91.737,24.4995],[91.7365,24.507],[91.7262,24.512],[91.7368,24.521],[91.7296,24.5556],[91.7346,24.5605],[91.7231,24.5692],[91.7282,24.5779],[91.7217,24.5859],[91.7305,24.5915],[91.7278,24.5959]]}},{"type":"Feature","properties":{"name":"Tlawng","major":false},"geometry":{"type":"MultiLineString","coordinates":[[[92.6422,23.9304],[92.6213,23.9376],[92.6297,23.9446],[92.6206,23.9614],[92.6253,23.9814],[92.6322,23.9851],[92.633,23.9986],[92.6224,24.0049],[92.6187,24.013],[92.6293,24.0327],[92.6352,24.0308],[92.636,24.0347],[92.6246,24.0426],[92.6216,24.032],[92.6133,24.05],[92.6013,24.052],[92.5933,24.0628],[92.5859,24.0639],[92.5877,24.0734],[92.5831,24.0774],[92.5725,24.076],[92.574,24.0531],[92.5661,24.0409],[92.559,24.0409],[92.5638,24.0545],[92.5582,24.0547],[92.5579,24.0622],[92.5514,24.0635],[92.5496,24.0418],[92.5378,24.0361],[92.534,24.0484],[92.5394,24.0786],[92.5371,24.1109],[92.5438,24.1258],[92.5369,24.1282],[92.5458,24.1405],[92.5381,24.1561],[92.5274,24.1653],[92.5358,24.1731],[92.5348,24.1805]],[[92.6264,24.7064],[92.6365,24.7119],[92.6309,24.7295],[92.641,24.7317],[92.6344,24.7499],[92.6432,24.7615],[92.6418,24.7725],[92.6517,24.7821],[92.6507,24.7909],[92.6574,24.7934],[92.6541,24.8009],[92.6638,24.8043],[92.6625,24.8152],[92.646,24.8148],[92.6448,24.8212],[92.6382,24.8214],[92.6379,24.8282]],[[92.6264,24.7064],[92.6269,24.6984],[92.6211,24.6943],[92.6261,24.6927],[92.6253,24.6846],[92.6163,24.6728],[92.6246,24.6609],[92.6234,24.653],[92.6089,24.6496],[92.6124,24.6367],[92.5915,24.6398],[92.5958,24.6237],[92.5898,24.6138],[92.5816,24.6169],[92.5793,24.6074],[92.6092,24.6118],[92.6177,24.6038],[92.6225,24.6148],[92.6286,24.6032],[92.6376,24.6066],[92.6396,24.5971],[92.6353,24.5938],[92.6417,24.587],[92.6349,24.5749],[92.6341,24.5558],[92.6195,24.5479],[92.6175,24.5239],[92.6076,24.5114],[92.6091,24.5046],[92.5962,24.495],[92.5924,24.4787],[92.5867,24.4762],[92.5816,24.4824],[92.5773,24.4787],[92.5824,24.4645],[92.5748,24.4599],[92.5703,24.4694],[92.5629,24.4708],[92.5594,24.4672],[92.5693,24.4583],[92.5568,24.4557],[92.5499,24.4485],[92.5482,24.4329],[92.5603,24.4301],[92.5663,24.4161],[92.5611,24.411],[92.5693,24.4047],[92.5616,24.384],[92.5515,24.3812],[92.5548,24.3713],[92.5441,24.3621],[92.5475,24.3559],[92.5302,24.3401],[92.5413,24.3336],[92.5404,24.3141],[92.5179,24.294],[92.5152,24.2788],[92.5058,24.2794],[92.5055,24.2883],[92.5021,24.2884],[92.4988,24.2701],[92.5081,24.2652],[92.4968,24.2544],[92.5076,24.2449],[92.5135,24.246],[92.5144,24.225],[92.5293,24.2175],[92.5255,24.2115],[92.5176,24.2124],[92.5208,24.1901],[92.5376,24.2002],[92.5312,24.1852],[92.5348,24.1805]]]}},{"type":"Feature","properties":{"name":"Krishnai River","major":true},"geometry":{"type":"MultiLineString","coordinates":[[[90.6003,25.8528],[90.6143,25.8682],[90.6172,25.8813],[90.6227,25.8822],[90.6211,25.8918],[90.6156,25.8953],[90.6305,25.9222],[90.6281,25.9312],[90.6328,25.9471],[90.6279,25.9598],[90.6336,25.9693],[90.6348,25.9926],[90.6598,26.0089],[90.6537,26.0109],[90.6574,26.0188],[90.668,26.0197],[90.6756,26.044]],[[90.7253,26.0695],[90.7329,26.0664],[90.7386,26.074],[90.748,26.0709],[90.7531,26.0761]]]}},{"type":"Feature","properties":{"name":"Kujia Nadi","major":false},"geometry":{"type":"LineString","coordinates":[[90.4927,26.493],[90.4952,26.4843],[90.487,26.4791],[90.489,26.4716],[90.4721,26.4513],[90.4701,26.4417],[90.4647,26.4397],[90.46,26.4281],[90.4631,26.4235],[90.457,26.4214],[90.4616,26.4196],[90.4616,26.4058],[90.4494,26.4065],[90.4447,26.4136],[90.442,26.4112]]}},{"type":"Feature","properties":{"name":"Gouranga","major":false},"geometry":{"type":"MultiLineString","coordinates":[[[90.3305,26.5716],[90.3233,26.5576],[90.3287,26.5566],[90.3342,26.5448],[90.3265,26.5305],[90.3104,26.5217],[90.3147,26.5026],[90.307,26.4971],[90.3023,26.4991],[90.3044,26.4924],[90.2951,26.4886],[90.2967,26.4803],[90.2873,26.4728],[90.2886,26.4695],[90.2673,26.4552],[90.2628,26.4598],[90.2645,26.4492],[90.2582,26.4375],[90.2655,26.424],[90.2537,26.4017],[90.2557,26.3849],[90.2224,26.3601],[90.2263,26.3445],[90.217,26.3306],[90.2323,26.3253],[90.2276,26.3161],[90.2399,26.3075]],[[90.2311,26.8115],[90.2261,26.7646],[90.2354,26.7339],[90.237,26.7056],[90.2335,26.6781],[90.2179,26.6483],[90.2182,26.6164],[90.2083,26.5771],[90.2128,26.5702],[90.2067,26.5601],[90.2108,26.5568],[90.2077,26.5502],[90.211,26.5418],[90.207,26.5361],[90.2227,26.5146],[90.2234,26.5036],[90.2162,26.4977],[90.2139,26.4861],[90.2246,26.4784],[90.2297,26.4679],[90.2451,26.46],[90.2467,26.449],[90.2566,26.4481],[90.258,26.4415]],[[90.238,26.8194],[90.2311,26.8115]],[[90.244,26.8392],[90.2434,26.8253],[90.238,26.8194]],[[90.2567,26.8597],[90.2448,26.8407]],[[90.2448,26.8407],[90.2304,26.82],[90.2311,26.8115]],[[90.2444,26.8437],[90.244,26.8424]],[[90.244,26.8424],[90.2412,26.8358]],[[90.2566,26.4481],[90.2645,26.4492]]]}},{"type":"Feature","properties":{"name":"Rupasi Nadi","major":false},"geometry":{"type":"LineString","coordinates":[[91.0297,26.7608],[91.0402,26.7609],[91.0396,26.7537],[91.0516,26.7486],[91.0571,26.7187],[91.0548,26.7092],[91.0639,26.6947],[91.0852,26.6822],[91.085,26.6752],[91.0925,26.6675],[91.1323,26.6601],[91.1263,26.6317],[91.1311,26.6299],[91.1275,26.6269],[91.1451,26.6235]]}},{"type":"Feature","properties":{"name":"Bakra Nadi","major":false},"geometry":{"type":"LineString","coordinates":[[90.4512,26.5629],[90.4489,26.5595],[90.4527,26.5571],[90.4452,26.5481],[90.4509,26.5346],[90.4494,26.5217],[90.4444,26.5207],[90.4488,26.5146],[90.4384,26.4958],[90.4467,26.4927],[90.4479,26.4863],[90.4421,26.4778],[90.4468,26.4741],[90.4366,26.4622],[90.4395,26.4567],[90.4465,26.4564],[90.4395,26.4429],[90.4446,26.4382],[90.439,26.4304],[90.4441,26.4266],[90.4377,26.425],[90.4445,26.4217],[90.4398,26.4054]]}},{"type":"Feature","properties":{"name":"Manās River","major":false},"geometry":{"type":"LineString","coordinates":[[90.8285,26.5847],[90.8186,26.5783],[90.8128,26.5854],[90.8043,26.5858],[90.7977,26.5715],[90.8042,26.5559],[90.7947,26.5478],[90.7791,26.544],[90.7818,26.5374],[90.7974,26.5325],[90.7959,26.523],[90.7696,26.5238],[90.7584,26.5154],[90.758,26.5087],[90.7935,26.483],[90.7903,26.4754],[90.7793,26.4721],[90.7712,26.4869],[90.7479,26.4684],[90.764,26.4386],[90.7571,26.4218],[90.7688,26.4074],[90.7949,26.4082],[90.7933,26.3968],[90.7969,26.3944],[90.8037,26.4045],[90.8111,26.4037],[90.8113,26.3954]]}},{"type":"Feature","properties":{"name":"Bhelengi River","major":false},"geometry":{"type":"LineString","coordinates":[[91.1614,26.6616],[91.1539,26.6639],[91.1484,26.6588],[91.1498,26.6522],[91.1406,26.6534],[91.1411,26.6471],[91.1484,26.645],[91.1484,26.6355],[91.1426,26.6299],[91.148,26.6197],[91.1389,26.6075],[91.1395,26.5905],[91.1472,26.5792],[91.1436,26.5635],[91.1582,26.5485],[91.1565,26.5336],[91.1601,26.5283],[91.1498,26.5301],[91.1498,26.5205],[91.1397,26.5089],[91.13,26.5162],[91.1203,26.5035],[91.1121,26.5033],[91.1157,26.4967],[91.1116,26.4884],[91.1162,26.4852],[91.1132,26.4752],[91.1028,26.475],[91.1055,26.4669],[91.1001,26.4677],[91.0964,26.4614],[91.0911,26.4657],[91.0864,26.4592],[91.0821,26.4612],[91.0802,26.4501],[91.0853,26.4488],[91.0826,26.4431],[91.0863,26.4391],[91.0798,26.4349],[91.0916,26.4337],[91.0916,26.4253],[91.1022,26.4198],[91.0975,26.42],[91.0913,26.4086],[91.0847,26.4089],[91.0937,26.4025],[91.0884,26.4006],[91.0902,26.3951],[91.0783,26.39],[91.0745,26.3845],[91.0777,26.3822],[91.0691,26.3781],[91.0626,26.3536],[91.0471,26.3498],[91.0522,26.3449],[91.0426,26.3448],[91.0444,26.3345],[91.0335,26.3364],[91.0306,26.3313],[91.0203,26.3299],[91.0271,26.3286],[91.0191,26.3122],[91.0269,26.3041],[91.011,26.2956],[91.0028,26.2971],[91.0043,26.2784],[90.9962,26.2814],[90.9982,26.2754],[90.9921,26.2735],[90.9851,26.2793],[90.9692,26.2673],[90.9482,26.2808],[90.9517,26.2854],[90.9461,26.2867],[90.9386,26.2812],[90.9393,26.2749],[90.9328,26.2756],[90.9357,26.2668],[90.9285,26.2653],[90.9186,26.2506],[90.9175,26.2565],[90.9076,26.2616],[90.8997,26.2575],[90.8692,26.2635]]}},{"type":"Feature","properties":{"name":"Pagladia","major":false},"geometry":{"type":"MultiLineString","coordinates":[[[91.4606,26.4757],[91.4657,26.4681],[91.4544,26.4648],[91.4533,26.4558],[91.4761,26.441],[91.474,26.424],[91.481,26.4089],[91.4709,26.3997],[91.4744,26.3875],[91.4648,26.3845],[91.4552,26.3737],[91.47,26.3551],[91.4772,26.3526],[91.4754,26.3437],[91.4819,26.321],[91.4652,26.3172],[91.4553,26.3214],[91.444,26.3129],[91.4422,26.3007],[91.4252,26.2757],[91.4322,26.2628],[91.4255,26.2627],[91.4301,26.2558]],[[91.5088,26.6454],[91.5064,26.6403],[91.5127,26.6338],[91.5073,26.6186],[91.4985,26.6154],[91.4947,26.602],[91.5064,26.5949],[91.5095,26.5756],[91.5154,26.5679],[91.5294,26.5685],[91.5315,26.5566],[91.5223,26.5547],[91.5252,26.543],[91.5119,26.5427],[91.5102,26.5362],[91.5161,26.5339],[91.5079,26.5186],[91.4811,26.5134],[91.4692,26.4859],[91.4734,26.4808],[91.4614,26.4799],[91.4606,26.4757]],[[91.4146,26.8219],[91.4305,26.7961],[91.4615,26.7739]],[[91.408,26.8389],[91.4146,26.8219]],[[91.3884,26.8675],[91.3937,26.8471],[91.408,26.8389]],[[91.4615,26.7739],[91.4689,26.7582],[91.4713,26.7363],[91.466,26.7207],[91.4875,26.6842]],[[91.4875,26.6842],[91.5072,26.6624],[91.5088,26.6454]],[[91.4301,26.2558],[91.3979,26.2588],[91.384,26.2535],[91.3652,26.2607],[91.3498,26.2607],[91.3029,26.2483],[91.281,26.2357],[91.265,26.2383],[91.1529,26.209]]]}},{"type":"Feature","properties":{"name":"Kaldiya Nadi","major":false},"geometry":{"type":"LineString","coordinates":[[91.2817,26.7271],[91.2529,26.7241],[91.2369,26.7068],[91.2339,26.6981],[91.2418,26.6936],[91.2387,26.6895],[91.2428,26.6806],[91.232,26.6692],[91.2332,26.6625],[91.229,26.6612],[91.2328,26.6511],[91.2244,26.6414],[91.2331,26.6367],[91.2316,26.625],[91.2388,26.6219],[91.2329,26.6135],[91.2217,26.6133],[91.2092,26.602],[91.2193,26.591],[91.2213,26.5962],[91.2249,26.5745],[91.2144,26.5726],[91.2166,26.5657],[91.2095,26.5595],[91.2146,26.5595],[91.2157,26.5481],[91.2215,26.5466],[91.2204,26.5376],[91.2313,26.5241],[91.2303,26.5112],[91.2373,26.5079],[91.2373,26.4943],[91.2455,26.4915],[91.2444,26.486],[91.237,26.4773],[91.2285,26.4777],[91.2265,26.4726],[91.2206,26.4749],[91.2164,26.4646],[91.212,26.4663],[91.2046,26.4598],[91.2038,26.4537],[91.1968,26.4505],[91.1935,26.4353],[91.1789,26.4373],[91.1626,26.4302],[91.1533,26.4341],[91.1464,26.4175],[91.1289,26.4058],[91.136,26.3782],[91.106,26.3772],[91.1012,26.3708]]}},{"type":"Feature","properties":{"name":"Tangla","major":false},"geometry":{"type":"LineString","coordinates":[[92.1404,26.6444],[92.1383,26.6217],[92.1242,26.6132],[92.13,26.599],[92.1278,26.5901],[92.1327,26.5849],[92.1281,26.5753],[92.1209,26.574],[92.1162,26.5586],[92.1221,26.5544],[92.12,26.5494],[92.1278,26.537],[92.1209,26.5291],[92.1141,26.5285],[92.1193,26.5205],[92.1129,26.5176],[92.1179,26.5125],[92.112,26.4969],[92.1181,26.4889],[92.1325,26.4961],[92.1377,26.4857],[92.1436,26.4844],[92.1374,26.4838],[92.1324,26.4732],[92.1271,26.4748],[92.1279,26.4692],[92.1169,26.4664],[92.0998,26.4438],[92.0816,26.4485],[92.0738,26.4367],[92.0588,26.4388],[92.0555,26.4147],[92.0309,26.3978],[92.0357,26.3838],[91.995,26.3712],[91.9943,26.3405],[91.9771,26.3414],[91.9672,26.3265],[91.9658,26.3103],[91.9711,26.2976]]}},{"type":"Feature","properties":{"name":"Nanoi","major":false},"geometry":{"type":"LineString","coordinates":[[91.8978,26.67],[91.8984,26.6493],[91.9081,26.643],[91.9064,26.6362],[91.9108,26.6338],[91.9005,26.6229],[91.9093,26.6212],[91.9065,26.6111],[91.9015,26.6092],[91.9111,26.601],[91.9057,26.596],[91.9077,26.5899],[91.901,26.5881],[91.9048,26.5786],[91.8982,26.5801],[91.9024,26.5736],[91.8998,26.5557],[91.8874,26.5484],[91.8868,26.5376],[91.881,26.5352],[91.8836,26.5299],[91.8757,26.5309],[91.8682,26.5257],[91.8574,26.5108],[91.8565,26.4985],[91.8636,26.4906],[91.8595,26.4767],[91.8631,26.469],[91.8744,26.4689],[91.8716,26.4621],[91.8752,26.4587],[91.8694,26.4505],[91.8717,26.4449],[91.865,26.4387],[91.8709,26.4304],[91.8607,26.4234],[91.8494,26.3866],[91.8574,26.3476],[91.8541,26.3308],[91.849,26.3262],[91.8557,26.3134],[91.8472,26.3072],[91.8514,26.3067],[91.8476,26.2993],[91.8532,26.2875],[91.8452,26.2784],[91.8552,26.2657]]}},{"type":"Feature","properties":{"name":"Gopla River","major":false},"geometry":{"type":"LineString","coordinates":[[91.6466,24.4094],[91.637,24.4242],[91.641,24.4323],[91.6304,24.441],[91.6343,24.4502],[91.6391,24.4507],[91.633,24.4604],[91.6328,24.4728],[91.6407,24.4788],[91.6344,24.485],[91.6273,24.4822],[91.6191,24.5068],[91.6245,24.5145],[91.6204,24.5178],[91.6228,24.5212],[91.6102,24.5281],[91.6098,24.554],[91.5987,24.5544],[91.5866,24.5337],[91.5927,24.5315],[91.5779,24.5251],[91.5879,24.5236],[91.5883,24.5199],[91.5694,24.5126],[91.5809,24.5055],[91.5772,24.4942],[91.5739,24.4969],[91.5645,24.4926],[91.5637,24.485],[91.5536,24.4835],[91.5498,24.4781],[91.5341,24.4789]]}},{"type":"Feature","properties":{"name":"Kuri Chu","major":false},"geometry":{"type":"MultiLineString","coordinates":[[[91.1372,27.9457],[91.1387,27.919],[91.1448,27.9066],[91.1191,27.8599],[91.0993,27.8354],[91.1005,27.8279],[91.08,27.809]],[[91.2084,27.6637],[91.2192,27.6425],[91.2117,27.6176],[91.215,27.5876],[91.2047,27.5683],[91.2028,27.5479],[91.1814,27.5326],[91.1757,27.5234],[91.1832,27.4817],[91.1765,27.4637],[91.17,27.4615],[91.1694,27.4528],[91.1782,27.4161],[91.1993,27.3909],[91.2068,27.3668],[91.2032,27.3554],[91.2064,27.3515]],[[91.127,27.7369],[91.162,27.7106],[91.1747,27.687],[91.1737,27.6809],[91.1819,27.6799],[91.1916,27.6665],[91.2084,27.6637]],[[91.08,27.809],[91.0779,27.7955],[91.0839,27.7673]],[[91.0839,27.7673],[91.0863,27.7653]],[[91.0863,27.7653],[91.1217,27.7415]],[[91.1217,27.7415],[91.127,27.7369]]]}},{"type":"Feature","properties":{"name":"Mynriang River","major":false},"geometry":{"type":"MultiLineString","coordinates":[[[92.4794,25.6517],[92.4989,25.6692],[92.5222,25.6806],[92.5378,25.6858],[92.5389,25.6789],[92.5506,25.6778],[92.5811,25.6886],[92.6072,25.6911],[92.6178,25.7022],[92.6275,25.7006],[92.6483,25.7092],[92.6539,25.7186],[92.6772,25.7142],[92.6847,25.7197],[92.7022,25.7144],[92.7139,25.7178],[92.7314,25.7153],[92.7442,25.7258],[92.7469,25.7389],[92.7424,25.7518]],[[92.2552,25.5967],[92.2565,25.6099],[92.277,25.6172],[92.2862,25.6148],[92.2998,25.6206],[92.3096,25.6164],[92.3216,25.6258],[92.3311,25.6271],[92.3796,25.6235],[92.3826,25.6313],[92.4012,25.6255],[92.4085,25.6346],[92.419,25.6244],[92.4453,25.6509],[92.4526,25.6459],[92.4562,25.649],[92.4609,25.6411],[92.4669,25.653],[92.471,25.6443],[92.4794,25.6517]]]}},{"type":"Feature","properties":{"name":"Um Khen","major":false},"geometry":{"type":"MultiLineString","coordinates":[[[92.1508,25.6705],[92.1565,25.6732],[92.1712,25.6678],[92.1728,25.6744],[92.209,25.6959],[92.2255,25.716],[92.2324,25.7154],[92.2352,25.7071],[92.249,25.713],[92.2646,25.7094],[92.2815,25.7175],[92.2924,25.7175],[92.3098,25.7283],[92.3186,25.7231],[92.3458,25.73],[92.3503,25.7436],[92.3378,25.7636],[92.33,25.7647],[92.33,25.7744],[92.3164,25.7775],[92.3206,25.7911],[92.3286,25.8028],[92.3481,25.8103],[92.3469,25.8181],[92.4086,25.855],[92.4406,25.8831],[92.4892,25.9047],[92.5142,25.9242],[92.5219,25.9339],[92.5186,25.9572],[92.5233,25.9689],[92.5153,25.9809]],[[92.0476,25.5857],[92.0676,25.5964],[92.0718,25.6057],[92.0966,25.6012],[92.1148,25.6073],[92.1213,25.6044],[92.1381,25.6244],[92.1318,25.6451],[92.1374,25.6415],[92.1484,25.646],[92.1498,25.6543],[92.153,25.6454],[92.1563,25.6493],[92.1508,25.6705]]]}},{"type":"Feature","properties":{"name":"Manipur River","major":false},"geometry":{"type":"MultiLineString","coordinates":[[[93.8389,24.4286],[93.8479,24.415],[93.8392,24.4101],[93.8411,24.4011],[93.8472,24.3975],[93.8463,24.3847],[93.852,24.379],[93.846,24.3749],[93.8538,24.3596],[93.8494,24.3533],[93.8636,24.3541]],[[93.8636,24.3541],[93.8514,24.3427],[93.8647,24.3337],[93.8592,24.3249],[93.8542,24.3282],[93.8573,24.316],[93.8539,24.3129],[93.8653,24.3127],[93.8715,24.2964],[93.8669,24.2906],[93.8791,24.2816]],[[93.8509,24.2137],[93.8441,24.1979],[93.8388,24.1981],[93.8369,24.1869],[93.8106,24.168],[93.8003,24.1494],[93.7813,24.1419],[93.771,24.1167]],[[93.8791,24.2816],[93.8629,24.2651],[93.8622,24.2454],[93.8687,24.2429],[93.8594,24.234],[93.8796,24.2293],[93.8805,24.2252],[93.8686,24.22],[93.8683,24.2129],[93.8619,24.2074],[93.8509,24.2137]],[[93.771,24.1167],[93.7759,24.1053],[93.7713,24.084],[93.7395,24.0143],[93.744,24.0022],[93.7388,23.9926],[93.7481,23.9813],[93.745,23.9646],[93.7504,23.9438],[93.7426,23.9188],[93.7393,23.8826],[93.7268,23.8538],[93.7076,23.8365],[93.7074,23.8174],[93.7156,23.8091],[93.7146,23.7951],[93.691,23.7776]]]}},{"type":"Feature","properties":{"name":"RIVER1","major":false},"geometry":{"type":"MultiLineString","coordinates":[[[94.3147,27.1627],[94.3002,27.1529],[94.3084,27.1413],[94.2989,27.1304],[94.3016,27.122],[94.287,27.112],[94.2887,27.1052],[94.3093,27.0904]],[[94.4144,27.2667],[94.4092,27.258],[94.4177,27.2496],[94.4236,27.2539],[94.4258,27.249],[94.4193,27.2446],[94.4089,27.2493],[94.4057,27.235],[94.3907,27.2357],[94.3892,27.2425],[94.3851,27.2367],[94.3974,27.2255],[94.3885,27.2192],[94.3824,27.2289],[94.3763,27.2243],[94.3773,27.2162],[94.3644,27.2141],[94.358,27.2023],[94.3699,27.1977],[94.3646,27.1884],[94.358,27.1888],[94.3566,27.1993],[94.349,27.1982],[94.3481,27.1853],[94.3424,27.1886],[94.3425,27.1977],[94.3228,27.1926],[94.3227,27.1845],[94.3122,27.1807],[94.3085,27.1685],[94.314,27.168],[94.3147,27.1627]],[[94.1763,27.1],[94.1726,27.1025]],[[94.5808,27.3845],[94.5659,27.385],[94.5536,27.3776],[94.5274,27.3745],[94.5291,27.3698],[94.5213,27.3612],[94.5261,27.3542],[94.5121,27.3506],[94.5027,27.3342],[94.4833,27.3302]],[[94.4469,27.3171],[94.436,27.3087],[94.4251,27.2825]],[[94.4586,27.33],[94.4554,27.3256]]]}},{"type":"Feature","properties":{"name":"Diroi Nadi","major":false},"geometry":{"type":"LineString","coordinates":[[94.9849,27.168],[94.9805,27.1683],[94.973,27.1573],[94.9679,27.158],[94.9679,27.149],[94.9527,27.1437],[94.9502,27.1399],[94.9538,27.1376],[94.9479,27.1374],[94.9479,27.1329],[94.9416,27.1344],[94.9413,27.1263],[94.9329,27.1291],[94.9289,27.1261],[94.9312,27.1227],[94.9167,27.1208],[94.9108,27.1083],[94.8923,27.1145],[94.888,27.104],[94.8849,27.1069],[94.8722,27.0992],[94.8707,27.1027],[94.8687,27.0966],[94.8531,27.1028],[94.8516,27.0913],[94.8347,27.0919],[94.8235,27.1001],[94.8123,27.1005],[94.7879,27.0858],[94.7929,27.0786],[94.7912,27.0678],[94.7845,27.072],[94.7829,27.0672],[94.7773,27.0676],[94.7769,27.0713],[94.7648,27.0738],[94.7601,27.0723],[94.7645,27.0708],[94.7635,27.0646],[94.7547,27.067],[94.7561,27.0629],[94.7501,27.0632],[94.7509,27.0578],[94.7424,27.0537],[94.7315,27.0609],[94.7115,27.0541],[94.7025,27.058],[94.6867,27.0471]]}},{"type":"Feature","properties":{"name":"Baralia","major":false},"geometry":{"type":"LineString","coordinates":[[91.682,26.7126],[91.6744,26.7091],[91.6667,26.6834],[91.6612,26.6816],[91.6647,26.6711],[91.6581,26.6668],[91.6626,26.6627],[91.6538,26.6564],[91.6577,26.6526],[91.6332,26.6486],[91.6379,26.6443],[91.6339,26.6383],[91.64,26.6246],[91.634,26.6188],[91.6435,26.6048],[91.6386,26.6022],[91.6444,26.5922],[91.6398,26.587],[91.6462,26.574],[91.6317,26.5726],[91.618,26.56],[91.6135,26.5611],[91.6191,26.5558],[91.6143,26.5543],[91.6186,26.5473],[91.6129,26.5437],[91.6122,26.5309],[91.6177,26.5255],[91.6143,26.5185],[91.6211,26.5156],[91.6114,26.5118],[91.6127,26.5038],[91.6048,26.504],[91.6066,26.4938],[91.6231,26.4888],[91.6143,26.4828],[91.6199,26.4728],[91.617,26.4643],[91.6217,26.4676],[91.626,26.4642],[91.6211,26.4614],[91.6257,26.4605],[91.6284,26.4515],[91.6221,26.4475],[91.6261,26.4448],[91.6226,26.4426],[91.6245,26.4364],[91.6188,26.4333],[91.6003,26.4389],[91.5881,26.4253],[91.5735,26.4227],[91.575,26.4169],[91.5581,26.3969],[91.5378,26.3893],[91.5343,26.3823],[91.5372,26.3764],[91.5249,26.3713],[91.5243,26.3553],[91.519,26.355],[91.5217,26.3455],[91.5257,26.345],[91.5207,26.3412],[91.5251,26.3395],[91.5283,26.3169],[91.5152,26.3113],[91.5134,26.3007],[91.4966,26.2983],[91.4817,26.2902],[91.4809,26.2816],[91.4699,26.2722],[91.4658,26.2584],[91.4435,26.2569],[91.4484,26.2465],[91.4389,26.2477],[91.4301,26.2558]]}},{"type":"Feature","properties":{"name":"Borpani River","major":false},"geometry":{"type":"LineString","coordinates":[[92.6142,25.9813],[92.6333,25.9898],[92.6369,25.9988],[92.6564,26.0003],[92.6577,26.0084],[92.6552,26.0191],[92.6473,26.0169],[92.6497,26.0256],[92.6396,26.0402],[92.6438,26.0448],[92.6228,26.0576],[92.6212,26.0665],[92.6151,26.0704],[92.6228,26.0923],[92.6183,26.1043],[92.6253,26.1105],[92.6223,26.1283],[92.6154,26.1327],[92.6191,26.1422],[92.5865,26.1569],[92.5835,26.1529],[92.5698,26.1555],[92.5717,26.1519],[92.559,26.1463],[92.5585,26.138],[92.5473,26.1371],[92.5148,26.1567],[92.5209,26.1744],[92.517,26.1808],[92.5104,26.1799],[92.5078,26.1881]]}},{"type":"Feature","properties":{"name":"Laska Nadi","major":false},"geometry":{"type":"LineString","coordinates":[[90.1805,26.4765],[90.1737,26.4714],[90.1677,26.4512],[90.1617,26.4518],[90.1577,26.4403],[90.1488,26.4388],[90.1516,26.4261],[90.146,26.4219],[90.1492,26.4072],[90.146,26.4042],[90.1513,26.384],[90.142,26.3726],[90.1431,26.3619],[90.1385,26.3593],[90.145,26.3538],[90.1444,26.3454],[90.1328,26.3464],[90.1258,26.3355],[90.1268,26.3285],[90.1175,26.3285],[90.1185,26.3239]]}},{"type":"Feature","properties":{"name":"Kokila Nadi","major":false},"geometry":{"type":"LineString","coordinates":[[90.8763,26.4027],[90.8814,26.3786],[90.8709,26.3691],[90.8608,26.3695],[90.8533,26.3627],[90.8465,26.3652],[90.8415,26.3566],[90.8236,26.3661],[90.8122,26.3595],[90.809,26.3493],[90.8124,26.3409],[90.7957,26.3466],[90.7856,26.3427],[90.7812,26.3379],[90.7869,26.3311],[90.7827,26.3263],[90.7709,26.3338]]}},{"type":"Feature","properties":{"name":"Kākadanga Nadi","major":false},"geometry":{"type":"MultiLineString","coordinates":[[[94.1048,26.5199],[94.1127,26.5274],[94.1085,26.5333],[94.1134,26.5378],[94.1102,26.5417],[94.1173,26.5446],[94.1063,26.5492],[94.1138,26.5498],[94.1155,26.5546],[94.1078,26.5589],[94.1071,26.5699],[94.097,26.5686],[94.1003,26.5766],[94.0873,26.5808],[94.0889,26.5772],[94.0784,26.5745],[94.0779,26.5836]],[[94.1152,26.4581],[94.1028,26.4625],[94.0993,26.4707],[94.0959,26.4915],[94.1059,26.5065],[94.1048,26.5199]]]}},{"type":"Feature","properties":{"name":"Burhi Dihing","major":true},"geometry":{"type":"LineString","coordinates":[[95.9334,27.4217],[95.9258,27.4174],[95.9187,27.4236],[95.9187,27.4296],[95.9066,27.431],[95.8988,27.4173],[95.8981,27.4033],[95.8831,27.3947],[95.8771,27.3966],[95.8734,27.414],[95.8591,27.4077],[95.835,27.4069],[95.8313,27.3932],[95.8123,27.4],[95.8007,27.3988],[95.7823,27.3792],[95.7903,27.3546],[95.7822,27.352],[95.7704,27.3585],[95.7584,27.3562],[95.7597,27.339],[95.731,27.3257],[95.713,27.3341],[95.7112,27.3129],[95.7006,27.2993],[95.6823,27.3005],[95.6582,27.2846],[95.6313,27.2998],[95.6055,27.2832],[95.5793,27.2843],[95.571,27.2677],[95.5621,27.2803],[95.5622,27.2951],[95.5544,27.297],[95.5387,27.2721],[95.5197,27.2572],[95.5091,27.2607],[95.5026,27.2468],[95.4851,27.2423],[95.4817,27.2533],[95.4714,27.2526],[95.4719,27.2619],[95.4659,27.2626],[95.4536,27.2496],[95.4562,27.2397],[95.4507,27.2316],[95.4469,27.2471],[95.4384,27.2558],[95.4204,27.249],[95.4096,27.2552],[95.3835,27.2955],[95.3707,27.2952],[95.3633,27.2841],[95.3469,27.3019],[95.3312,27.2964],[95.3326,27.3174],[95.3197,27.3246],[95.2845,27.3023],[95.2637,27.3261],[95.2376,27.3346],[95.2233,27.3485],[95.1936,27.3603],[95.1829,27.3351],[95.1721,27.3362],[95.1591,27.3478],[95.1481,27.3299],[95.0995,27.3268],[95.0878,27.3178],[95.0751,27.3189],[95.0626,27.3056],[95.0542,27.3263],[95.0366,27.3268],[95.0405,27.3419],[95.035,27.3454],[95.0244,27.3431],[95.024,27.3547],[95.0114,27.3572],[95.0024,27.3496],[94.9944,27.3508],[94.9939,27.3646],[95.0063,27.3743],[94.9999,27.381],[94.9755,27.349],[94.9617,27.3481],[94.9546,27.3358],[94.942,27.3352],[94.9377,27.323],[94.923,27.3187],[94.9154,27.3082],[94.9089,27.3096],[94.9056,27.3204],[94.8841,27.3154],[94.8707,27.2943],[94.8645,27.2933],[94.8566,27.2993],[94.8444,27.2952],[94.8426,27.2774],[94.8309,27.2713],[94.8033,27.2901],[94.7977,27.2519],[94.7807,27.2488],[94.7756,27.2344],[94.7697,27.2368],[94.768,27.2455],[94.7388,27.2504],[94.7421,27.2627],[94.7518,27.2719],[94.7498,27.2764],[94.7199,27.2688],[94.7156,27.2587],[94.7211,27.2441],[94.711,27.2485],[94.7042,27.2635],[94.6934,27.2608],[94.6736,27.2489],[94.6572,27.2309],[94.6608,27.2257],[94.6553,27.2191],[94.6591,27.2113],[94.6454,27.1837],[94.6081,27.1725]]}},{"type":"Feature","properties":{"name":"16","major":false},"geometry":{"type":"LineString","coordinates":[[93.3106,26.8871],[93.309,26.8758],[93.3188,26.8693],[93.322,26.8562],[93.3278,26.854],[93.3273,26.8363],[93.3362,26.825],[93.3311,26.8156],[93.335,26.8112],[93.3315,26.8081],[93.3334,26.7983],[93.3371,26.7903],[93.3481,26.7839],[93.3431,26.7802],[93.3456,26.7764],[93.3394,26.7776],[93.3275,26.7546],[93.313,26.7454]]}},{"type":"Feature","properties":{"name":"ঝিনাই নদী ও বংশী নদী","major":false},"geometry":{"type":"MultiLineString","coordinates":[[[90.0767,24.4387],[90.0876,24.4323],[90.0842,24.4257],[90.0904,24.4219],[90.0857,24.4162],[90.0956,24.4096],[90.0772,24.3797],[90.0822,24.3721],[90.0776,24.3654],[90.0691,24.3648],[90.0711,24.3478],[90.0605,24.3449],[90.0678,24.3399],[90.0566,24.3378],[90.0574,24.3312],[90.0739,24.3229],[90.0647,24.3096]],[[90.0647,24.3096],[90.0666,24.3038],[90.0586,24.2988],[90.0635,24.2992],[90.0612,24.29],[90.0656,24.2933],[90.0739,24.2907],[90.0679,24.2871],[90.0692,24.2799],[90.0812,24.2877],[90.0853,24.2835],[90.0823,24.2788],[90.0888,24.2802],[90.0798,24.2668],[90.09,24.2682],[90.0759,24.2632],[90.087,24.2603],[90.0858,24.2514],[90.099,24.2586],[90.0961,24.2502],[90.1011,24.2537],[90.1062,24.2482],[90.0989,24.2463],[90.1059,24.2434],[90.1043,24.2395],[90.1014,24.2372],[90.0979,24.2426],[90.1,24.2353],[90.0903,24.2314],[90.0944,24.2286],[90.0914,24.2214],[90.0978,24.2208],[90.0917,24.215],[90.0993,24.2178],[90.099,24.2119],[90.1019,24.2147],[90.1103,24.2069],[90.1059,24.1952],[90.1111,24.1972],[90.1183,24.1918],[90.1141,24.1821],[90.1184,24.1757],[90.0953,24.1561],[90.0984,24.1517],[90.0896,24.1435],[90.0929,24.1325],[90.1016,24.1263],[90.0891,24.123]]]}},{"type":"Feature","properties":{"name":"Singra","major":false},"geometry":{"type":"LineString","coordinates":[[91.1541,25.8563],[91.1607,25.8623],[91.1565,25.8717],[91.1664,25.8793],[91.1721,25.9023],[91.1631,25.9122],[91.1611,25.9281],[91.1531,25.9339],[91.157,25.9384],[91.1493,25.9418],[91.1462,25.958],[91.1356,25.9601],[91.1357,25.9647],[91.1286,25.9681],[91.1276,26.0034],[91.1425,26.0148],[91.1391,26.0262],[91.1444,26.0357],[91.1415,26.0429],[91.1328,26.046],[91.1298,26.0594]]}},{"type":"Feature","properties":{"name":"যমুনা নদী","major":false},"geometry":{"type":"MultiLineString","coordinates":[[[89.6809,25.1995],[89.7177,25.175],[89.7347,25.1483],[89.7329,25.135],[89.7027,25.122],[89.6942,25.1059],[89.6977,25.0941],[89.7174,25.0786],[89.7289,25.0655],[89.7294,25.0587],[89.7248,25.0533],[89.7237,25.0379],[89.7114,25.0315],[89.7037,25.0202],[89.7049,25.006],[89.7002,24.9973],[89.6691,24.9962],[89.6491,24.962],[89.6336,24.9678],[89.6279,24.9635],[89.6125,24.9293],[89.6104,24.9059],[89.5957,24.864],[89.5959,24.8119],[89.6218,24.7718],[89.6316,24.7448],[89.6245,24.7235],[89.6311,24.6977],[89.66,24.6592],[89.6652,24.6335],[89.6585,24.6086],[89.6645,24.5998],[89.6629,24.5886],[89.67,24.5604],[89.7318,24.4917],[89.7453,24.4253],[89.7685,24.4177],[89.7962,24.3854],[89.7999,24.3745],[89.8003,24.3349],[89.7719,24.3074],[89.7716,24.2783],[89.756,24.2458],[89.7387,24.2224],[89.7146,24.2163],[89.7026,24.2068],[89.6977,24.1879],[89.715,24.1645],[89.7097,24.1559],[89.6717,24.1279],[89.6704,24.1147],[89.6783,24.0861],[89.6578,24.0653],[89.6554,24.0375],[89.6702,23.9756],[89.6579,23.9379],[89.6592,23.9045],[89.6872,23.866],[89.7255,23.8537],[89.743,23.8417],[89.7583,23.8267],[89.7743,23.7918]],[[89.6316,24.7448],[89.669,24.7269],[89.6728,24.7036],[89.6934,24.6832],[89.7095,24.6407],[89.7167,24.636],[89.7195,24.6113],[89.7305,24.6104],[89.7348,24.6029],[89.7425,24.6076],[89.7484,24.6036],[89.7523,24.5895],[89.7375,24.5866],[89.7363,24.5724],[89.7489,24.562],[89.7623,24.5591],[89.7635,24.5521],[89.7582,24.5379],[89.7508,24.5319],[89.7581,24.5164],[89.7415,24.5104],[89.7401,24.5057],[89.7458,24.4967],[89.7591,24.4954],[89.7629,24.4899],[89.7633,24.4804],[89.7555,24.4642],[89.7685,24.4177]],[[89.7479,24.3155],[89.7285,24.3051],[89.7227,24.2781],[89.705,24.2577]],[[89.7575,24.3945],[89.7465,24.3785],[89.7218,24.3799],[89.7277,24.3444],[89.7155,24.3328],[89.7204,24.3],[89.7077,24.2851],[89.7049,24.2741],[89.7057,24.2539],[89.7144,24.2486],[89.7155,24.2292]],[[89.7531,24.4202],[89.7601,24.3896],[89.7555,24.3788],[89.7614,24.3697],[89.7801,24.3627],[89.7839,24.3544],[89.7766,24.3115]],[[89.7482,24.3112],[89.7311,24.3076]],[[89.76,24.3079],[89.7561,24.3155],[89.7482,24.3112],[89.7424,24.314]]]}},{"type":"Feature","properties":{"name":"Safrai Nadi","major":false},"geometry":{"type":"LineString","coordinates":[[94.88,26.7778],[94.901,26.8144],[94.9109,26.8385],[94.9106,26.8514],[94.925,26.8589],[94.924,26.8644],[94.9315,26.8644],[94.9415,26.8844],[94.9336,26.8885],[94.9367,26.8938],[94.9336,26.8976],[94.9384,26.9],[94.9382,26.9102],[94.9433,26.9105],[94.9427,26.9183],[94.9226,26.9505],[94.927,26.9504],[94.9327,26.9604],[94.9387,26.9591],[94.9426,26.9709],[94.9341,26.9772],[94.9402,26.9805],[94.9357,26.9834],[94.9374,26.9928],[94.9254,26.9954],[94.9273,27.0045],[94.9236,27.003],[94.9198,27.0178],[94.9122,27.0224],[94.9179,27.0327],[94.9088,27.034],[94.9118,27.0372],[94.9049,27.0406]]}},{"type":"Feature","properties":{"name":"Nam Taik","major":false},"geometry":{"type":"MultiLineString","coordinates":[[[95.5056,26.4627],[95.5115,26.461],[95.5066,26.4659],[95.5133,26.4738],[95.5196,26.4691],[95.5345,26.4731],[95.5408,26.4844],[95.5458,26.4781],[95.5603,26.4794],[95.564,26.4724],[95.5681,26.4745],[95.5733,26.47],[95.5752,26.4769],[95.5821,26.4759],[95.592,26.4849],[95.6027,26.4825],[95.6034,26.4867],[95.6327,26.4992],[95.6429,26.4862],[95.6685,26.4883],[95.6696,26.4749],[95.6588,26.4482],[95.6634,26.4223],[95.6268,26.3808],[95.6304,26.3625],[95.6268,26.3495],[95.5948,26.3215]],[[95.2858,26.4005],[95.3026,26.4092]],[[95.3976,26.4413],[95.4047,26.4338],[95.4061,26.4396],[95.4208,26.4366],[95.4299,26.442],[95.4285,26.4459],[95.4344,26.4463],[95.4365,26.4406],[95.4452,26.4418],[95.4509,26.4489],[95.4565,26.4482],[95.4524,26.4429],[95.472,26.4444],[95.4736,26.4408],[95.475,26.4466],[95.4818,26.4471],[95.4851,26.4577],[95.489,26.4543],[95.5056,26.4627]],[[95.3026,26.4092],[95.32,26.4119],[95.3214,26.4187],[95.3501,26.4247],[95.3536,26.43],[95.3662,26.4315],[95.3677,26.4362],[95.3976,26.4413]]]}},{"type":"Feature","properties":{"name":"Magra River","major":false},"geometry":{"type":"MultiLineString","coordinates":[[[90.8277,24.9094],[90.8405,24.8902],[90.842,24.8795],[90.837,24.8716],[90.8498,24.8626],[90.861,24.8446],[90.8652,24.8487],[90.8669,24.8402],[90.8748,24.8397],[90.878,24.8287],[90.891,24.829],[90.8961,24.8171],[90.8857,24.8147],[90.8858,24.8183],[90.8803,24.8093],[90.8751,24.815],[90.8672,24.8145],[90.8666,24.8081]],[[90.83,24.8468],[90.8298,24.8362],[90.8434,24.8169]],[[90.8666,24.8081],[90.8703,24.7935],[90.884,24.7922],[90.8895,24.7976],[90.9051,24.7941],[90.9102,24.7979],[90.9117,24.7764],[90.9201,24.7762],[90.9246,24.7696]],[[90.8625,24.8134],[90.8659,24.8102]],[[90.8434,24.8169],[90.8435,24.8167]],[[90.8435,24.8167],[90.8508,24.808],[90.8625,24.8134]]]}},{"type":"Feature","properties":{"name":"Bhogai River","major":false},"geometry":{"type":"LineString","coordinates":[[90.2283,25.2027],[90.2165,25.1896],[90.2206,25.1844],[90.2103,25.1826],[90.2102,25.166],[90.2042,25.1628],[90.2108,25.16],[90.2034,25.1573],[90.2089,25.152],[90.2012,25.1498],[90.2032,25.1428],[90.1921,25.1318],[90.1982,25.1157],[90.1911,25.1116],[90.1963,25.1043],[90.1904,25.1024],[90.192,25.0889],[90.2064,25.076],[90.2039,25.0683],[90.2124,25.068],[90.1937,25.0516],[90.2036,25.0402],[90.1987,25.0325],[90.2056,25.0327],[90.2047,25.0258],[90.2095,25.0279],[90.2124,25.024],[90.2246,25.0255],[90.2276,25.0343],[90.2308,25.0218],[90.2352,25.0253],[90.2397,25.0193],[90.2727,25.0102],[90.2778,24.9864],[90.2848,24.9825],[90.2957,24.9824],[90.3024,24.9899],[90.3066,24.9863],[90.3136,24.9892],[90.3139,24.9838],[90.3225,24.9941],[90.3274,24.9918],[90.332,24.9958],[90.3326,24.9906],[90.3386,24.9935],[90.3444,24.987],[90.3453,24.992],[90.3498,24.9919]]}},{"type":"Feature","properties":{"name":"Kharia River","major":false},"geometry":{"type":"LineString","coordinates":[[90.4114,24.9927],[90.403,24.9779],[90.4056,24.9603],[90.3808,24.9564],[90.3758,24.9456],[90.3705,24.9589],[90.3593,24.9492],[90.3474,24.9514],[90.3454,24.9486],[90.353,24.9411],[90.3506,24.9362],[90.3254,24.9409],[90.3233,24.9327],[90.3338,24.9339],[90.3365,24.9281],[90.329,24.9197],[90.3195,24.9227]]}},{"type":"Feature","properties":{"name":"Louhajang River","major":false},"geometry":{"type":"MultiLineString","coordinates":[[[89.9713,24.2174],[89.9697,24.2237],[89.9618,24.2248],[89.9512,24.2371],[89.9389,24.236],[89.9354,24.2254],[89.9283,24.2203],[89.9255,24.226],[89.9194,24.2242],[89.9222,24.2174],[89.9342,24.2144],[89.9355,24.2096],[89.9127,24.2201],[89.9051,24.228],[89.9036,24.2469],[89.9146,24.2638]],[[89.9146,24.2638],[89.8759,24.2677],[89.8758,24.2885],[89.8623,24.2993],[89.8509,24.2883],[89.841,24.2867],[89.8422,24.2834]],[[89.9147,24.2648],[89.9174,24.2721]],[[89.9146,24.2638],[89.9147,24.2647]]]}},{"type":"Feature","properties":{"name":"মগরা নদী","major":false},"geometry":{"type":"MultiLineString","coordinates":[[[90.9515,24.7166],[90.9594,24.7156],[90.9604,24.6947],[90.9473,24.6928],[90.9535,24.6852],[90.9431,24.6839],[90.9485,24.676],[90.9555,24.6771],[90.959,24.6682],[90.954,24.6658],[90.9597,24.6568],[90.9552,24.6489],[90.9702,24.6459],[90.9695,24.6417],[90.9592,24.6388],[90.9646,24.6345],[90.9634,24.6277],[90.953,24.6247],[90.9596,24.6178],[90.9661,24.618],[90.9663,24.6063],[90.9787,24.5976],[90.9762,24.5906],[90.9638,24.5863]],[[90.9474,24.7268],[90.9563,24.7231],[90.9514,24.7168]]]}},{"type":"Feature","properties":{"name":"Louhojong","major":false},"geometry":{"type":"MultiLineString","coordinates":[[[89.8003,24.3349],[89.8131,24.3227],[89.8136,24.3038],[89.8449,24.2821],[89.8404,24.2716],[89.8468,24.2669],[89.8485,24.2715],[89.8519,24.2505],[89.8415,24.2325],[89.8533,24.2267],[89.864,24.2301],[89.8882,24.1861],[89.8836,24.1751],[89.8909,24.17],[89.892,24.1617],[89.9057,24.1593],[89.912,24.1669],[89.9201,24.1628],[89.9258,24.1661],[89.9231,24.1602],[89.9291,24.1371],[89.9548,24.1303],[89.9635,24.1262],[89.9646,24.121],[90.0006,24.1314]],[[89.9711,24.2167],[89.9713,24.2174]],[[89.9711,24.2167],[89.9696,24.2098],[89.9788,24.2083],[89.9743,24.1988],[89.9803,24.1931],[89.9773,24.172],[89.9853,24.1704],[89.985,24.1604],[89.9903,24.16],[89.992,24.1543],[89.9848,24.1526],[89.9857,24.1408],[89.9917,24.1428],[89.9918,24.1375],[90.0006,24.1314]]]}},{"type":"Feature","properties":{"name":"Lohit River","major":false},"geometry":{"type":"LineString","coordinates":[[96.4208,27.9262],[96.4129,27.9246],[96.4127,27.9169],[96.4025,27.91],[96.3996,27.8984],[96.384,27.894],[96.3691,27.8742],[96.3465,27.8911],[96.3021,27.8954],[96.2928,27.8824],[96.2589,27.8729],[96.2325,27.857],[96.2036,27.8564],[96.1628,27.8425],[96.0904,27.8539],[96.0525,27.8437],[96.0321,27.8506],[96.0191,27.8486],[95.9861,27.8357],[95.977,27.827],[95.9532,27.8226],[95.922,27.8006],[95.8818,27.802],[95.8495,27.7972],[95.8393,27.7882],[95.8205,27.783],[95.7897,27.7797],[95.7542,27.7895],[95.7209,27.7847],[95.6633,27.8025],[95.6145,27.7931],[95.5845,27.7925]]}},{"type":"Feature","properties":{"name":"Lohit","major":false},"geometry":{"type":"MultiLineString","coordinates":[[[96.0358,27.8658],[96.0167,27.8509],[95.9958,27.851],[95.9715,27.8331],[95.9353,27.8249],[95.911,27.8303],[95.8967,27.8208],[95.8665,27.825],[95.8408,27.8162],[95.8132,27.8268],[95.7346,27.8],[95.6844,27.8062],[95.6705,27.8017]],[[95.5845,27.7925],[95.5222,27.7669],[95.513,27.7462],[95.4884,27.7351],[95.4763,27.7203],[95.4638,27.6734],[95.4423,27.6457],[95.3729,27.6064],[95.3572,27.5879],[95.3035,27.5752],[95.2578,27.5856],[95.229,27.5686],[95.222,27.57],[95.2118,27.5833],[95.1905,27.5726],[95.1855,27.5756],[95.1786,27.5708],[95.1515,27.5724],[95.1443,27.5588],[95.1002,27.5525]]]}},{"type":"Feature","properties":{"name":"Banar River","major":false},"geometry":{"type":"LineString","coordinates":[[90.6444,24.2108],[90.6693,24.1725],[90.6624,24.1586],[90.6704,24.133],[90.6832,24.1287],[90.6787,24.1178]]}},{"type":"Feature","properties":{"name":"Nam Zawu","major":false},"geometry":{"type":"LineString","coordinates":[[95.4209,25.9145],[95.4462,25.9048],[95.4725,25.9021],[95.4919,25.9153],[95.4993,25.9141],[95.5118,25.904],[95.5461,25.8954],[95.5465,25.888],[95.5656,25.8842],[95.5604,25.8707],[95.5679,25.8651],[95.5797,25.8623],[95.5812,25.8664]]}},{"type":"Feature","properties":{"name":"Sakteng","major":false},"geometry":{"type":"LineString","coordinates":[[91.9942,27.4412],[91.9635,27.4236],[91.9545,27.4229],[91.9407,27.4064],[91.9272,27.4006],[91.9172,27.4006],[91.9032,27.4158],[91.8811,27.4185],[91.8761,27.4131]]}},{"type":"Feature","properties":{"name":"မူးမြစ်","major":false},"geometry":{"type":"MultiLineString","coordinates":[[[95.3834,24.1159],[95.3592,24.0919],[95.3719,24.0901],[95.3733,24.0843],[95.357,24.0829],[95.345,24.0682],[95.3579,24.0502],[95.3536,24.043],[95.3559,24.0309],[95.3488,24.0173],[95.3538,24.0036],[95.3335,23.9968],[95.3409,23.9849],[95.3385,23.9799],[95.3206,23.9858],[95.3106,23.9825],[95.309,23.9658],[95.2924,23.9495],[95.2867,23.9344],[95.2939,23.9053],[95.2864,23.8997],[95.3047,23.8938],[95.2983,23.8846],[95.3006,23.8787],[95.3256,23.8679],[95.321,23.8491],[95.3269,23.8296],[95.3074,23.7988],[95.2907,23.7899],[95.2851,23.778],[95.2908,23.7653],[95.3028,23.7592],[95.2932,23.7344],[95.2814,23.7232],[95.2808,23.7197],[95.2898,23.7162],[95.2815,23.7071],[95.2931,23.7046],[95.2932,23.6866],[95.2995,23.6795],[95.3147,23.6804],[95.317,23.6629],[95.3292,23.6464],[95.364,23.6366],[95.3609,23.6304],[95.3403,23.6253],[95.3425,23.6224],[95.3505,23.6272],[95.3589,23.6191],[95.3547,23.6083],[95.3671,23.6032],[95.3468,23.583],[95.3497,23.565],[95.3698,23.5261],[95.3551,23.5174]],[[95.3789,24.1767],[95.3846,24.1761],[95.3867,24.1667],[95.3988,24.1667],[95.4029,24.1584],[95.4007,24.1512],[95.3788,24.1311],[95.3671,24.1293],[95.3834,24.1159]],[[95.3856,24.1998],[95.3894,24.1914],[95.379,24.1828],[95.3789,24.1767]],[[95.3881,24.2795],[95.3775,24.2709],[95.3881,24.2728],[95.3789,24.2581],[95.3858,24.2549],[95.3833,24.2501],[95.3651,24.2488],[95.3737,24.2419],[95.3777,24.2448],[95.3809,24.2393],[95.3738,24.2287],[95.3807,24.2145],[95.3738,24.2097],[95.3852,24.2123],[95.3803,24.2032],[95.3856,24.1998]],[[95.3804,24.2841],[95.3841,24.2795],[95.391,24.2844],[95.3881,24.2795]],[[95.3833,24.2963],[95.3804,24.2841]]]}},{"type":"Feature","properties":{"name":"库曲","major":false},"geometry":{"type":"MultiLineString","coordinates":[[[91.7681,28.0617],[91.8005,28.0642]],[[91.5544,28.0733],[91.5789,28.0682],[91.5946,28.0546],[91.612,28.0497],[91.6492,28.0579],[91.6822,28.0735],[91.7327,28.0625],[91.7522,28.0647]],[[91.7599,28.0638],[91.7681,28.0617]],[[91.7522,28.0647],[91.7599,28.0638]]]}},{"type":"Feature","properties":{"name":"松多荣","major":false},"geometry":{"type":"LineString","coordinates":[[91.7192,27.918],[91.7429,27.9024],[91.7496,27.8844],[91.7482,27.8717],[91.7622,27.8529],[91.7637,27.8379]]}},{"type":"Feature","properties":{"name":"Malijhi River","major":false},"geometry":{"type":"MultiLineString","coordinates":[[[90.1193,25.0718],[90.1225,25.0615],[90.1381,25.0554],[90.1335,25.0334],[90.1403,25.024],[90.1519,25.0222],[90.1518,25.0259],[90.1579,25.025],[90.1584,25.0319],[90.1793,25.0401],[90.1866,25.0382],[90.1911,25.0206],[90.2111,25.0246]],[[90.1218,25.309],[90.1206,25.2942],[90.1258,25.293],[90.1191,25.2838],[90.1273,25.2664],[90.1184,25.254],[90.1209,25.2452],[90.112,25.2451],[90.116,25.2398],[90.1125,25.2382],[90.1239,25.2309],[90.1159,25.2157],[90.1181,25.2089],[90.0996,25.204],[90.0931,25.2072],[90.0816,25.2008],[90.0777,25.1911],[90.0718,25.1904],[90.0684,25.1799],[90.0824,25.1611],[90.0772,25.151],[90.0631,25.1458],[90.0613,25.1399]]]}},{"type":"Feature","properties":{"name":"မဲဇာချောင်း","major":false},"geometry":{"type":"LineString","coordinates":[[95.958,24.6555],[95.9591,24.6285],[95.9544,24.6175],[95.9609,24.6058],[95.9506,24.5882],[95.953,24.5797],[95.9447,24.5721],[95.9465,24.5656],[95.9413,24.5646],[95.9431,24.5567],[95.9391,24.5587],[95.9361,24.5547],[95.9492,24.5451],[95.9413,24.5327],[95.9439,24.5065],[95.9403,24.5029],[95.9499,24.4832],[95.946,24.4655],[95.9395,24.4578],[95.9297,24.4609],[95.9177,24.446],[95.9277,24.4472],[95.9311,24.4423],[95.9228,24.4379],[95.9323,24.4343],[95.9241,24.426],[95.9294,24.4106],[95.9231,24.4087],[95.9251,24.4029],[95.9194,24.4045],[95.9124,24.3829],[95.9223,24.3741],[95.9332,24.3756],[95.9544,24.3546],[95.9608,24.3598],[95.9614,24.3545],[95.9783,24.3471],[95.9817,24.3327],[95.9975,24.3132],[96.0124,24.317],[96.0353,24.3055],[96.0442,24.315],[96.0506,24.3115],[96.0396,24.2632],[96.054,24.2314],[96.0439,24.2207],[96.0273,24.2292],[96.0265,24.2175],[96.0346,24.2115],[96.03,24.2028],[96.0383,24.1991],[96.042,24.1913],[96.0554,24.1928],[96.0643,24.1833],[96.0582,24.1701],[96.0463,24.1775],[96.0434,24.1661],[96.0357,24.1603],[96.0413,24.1538],[96.0291,24.1531],[96.0358,24.1461],[96.0243,24.144],[96.0213,24.1391],[96.0245,24.1312],[96.0165,24.127],[96.0193,24.1175],[96.0136,24.1092],[96.0191,24.0968],[96.0125,24.0744],[96.0141,24.0444],[96.0223,24.0271],[96.0219,24.0141],[96.0384,24.0069],[96.0262,24.0016],[96.033,23.9917],[96.0271,23.9817],[96.0397,23.9775],[96.0369,23.9697],[96.0462,23.9692],[96.0314,23.9534],[96.0286,23.9433],[96.0376,23.9407],[96.0358,23.932],[96.0411,23.9324],[96.0545,23.9193],[96.0528,23.8847],[96.067,23.8612],[96.0505,23.8636],[96.0521,23.8521],[96.0437,23.851],[96.0572,23.8247],[96.056,23.8146],[96.0626,23.8131],[96.0447,23.804],[96.048,23.7957],[96.0435,23.7912],[96.0471,23.7847],[96.044,23.7792],[96.0607,23.7692],[96.0578,23.7612],[96.0689,23.7582],[96.0718,23.7382],[96.0883,23.7327],[96.0814,23.7278],[96.0875,23.7232],[96.0852,23.7177],[96.0975,23.7141],[96.0839,23.7072],[96.0981,23.6895],[96.0981,23.6718],[96.1104,23.6638],[96.1168,23.6514]]}},{"type":"Feature","properties":{"name":"Ariāl Khan River","major":false},"geometry":{"type":"LineString","coordinates":[[90.6418,24.2636],[90.6611,24.2509],[90.7129,24.2351],[90.7206,24.2405],[90.7395,24.2424],[90.7549,24.254],[90.7701,24.2523],[90.7808,24.2455],[90.784,24.2405],[90.7801,24.2288],[90.7934,24.22],[90.7857,24.199],[90.8076,24.1869],[90.8033,24.1777],[90.8175,24.1421],[90.8384,24.1163],[90.8569,24.1051]]}},{"type":"Feature","properties":{"name":"Surma branch river","major":false},"geometry":{"type":"LineString","coordinates":[[91.3669,24.8263],[91.354,24.834],[91.3451,24.8257],[91.3318,24.8327],[91.3243,24.8119],[91.3038,24.8168],[91.2931,24.8067],[91.297,24.8001],[91.291,24.795],[91.2852,24.7766],[91.2608,24.7774],[91.2784,24.7713],[91.261,24.7621],[91.2643,24.7569],[91.2607,24.7472],[91.2564,24.75],[91.2543,24.7645],[91.2301,24.7457],[91.2324,24.7396],[91.2208,24.7373],[91.2197,24.7268],[91.2297,24.7242],[91.227,24.7062],[91.2212,24.7014],[91.2258,24.6942],[91.2115,24.6881],[91.2087,24.6929],[91.1929,24.6794],[91.1903,24.6894],[91.1854,24.6898],[91.1725,24.6843],[91.167,24.6761],[91.1674,24.6696],[91.1795,24.6807],[91.1815,24.6643],[91.1905,24.6666],[91.1913,24.6549],[91.1838,24.6567],[91.1963,24.6468],[91.1932,24.6384]]}},{"type":"Feature","properties":{"name":"Jinjiram River","major":true},"geometry":{"type":"MultiLineString","coordinates":[[[89.8564,25.5299],[89.8482,25.5164],[89.841,25.5245],[89.8343,25.5226],[89.8348,25.5066],[89.8426,25.5039],[89.8395,25.4942],[89.843,25.4893],[89.8371,25.4892],[89.8281,25.4988],[89.8217,25.494],[89.8303,25.4834],[89.8419,25.4783],[89.8402,25.471]],[[89.8573,25.5298],[89.8564,25.5299]],[[89.9005,25.5613],[89.8956,25.5622],[89.8947,25.556],[89.8835,25.5566],[89.8751,25.5495],[89.8763,25.5441],[89.8706,25.5425],[89.88,25.5394],[89.8649,25.5292],[89.8573,25.5298]]]}},{"type":"Feature","properties":{"name":"পুরাতন ব্রহ্মপুত্র","major":false},"geometry":{"type":"LineString","coordinates":[[90.6854,24.2433],[90.6864,24.2342],[90.6742,24.224],[90.6733,24.2056],[90.6896,24.1898],[90.6867,24.1495],[90.6966,24.1379],[90.6871,24.1308],[90.6778,24.1138],[90.6867,24.1104],[90.6974,24.1144],[90.7045,24.1038],[90.6969,24.099],[90.67,24.0988],[90.6562,24.0933],[90.6428,24.1075],[90.6413,24.0816],[90.6353,24.0689]]}},{"type":"Feature","properties":{"name":"নরসুন্দা নদী","major":false},"geometry":{"type":"MultiLineString","coordinates":[[[90.8672,24.4653],[90.8727,24.4801],[90.8771,24.4781],[90.8882,24.4859],[90.9058,24.4824],[90.9163,24.4861],[90.9151,24.4713],[90.919,24.4706],[90.9243,24.4795],[90.9328,24.4817],[90.93,24.4938],[90.9377,24.4947],[90.9329,24.5243],[90.9403,24.5192],[90.9547,24.527]],[[90.8112,24.5026],[90.8011,24.5039],[90.7951,24.4955],[90.7992,24.4704],[90.8065,24.4655],[90.8089,24.4532],[90.8074,24.4429],[90.8002,24.4367],[90.7844,24.432],[90.7724,24.4441],[90.7411,24.4406],[90.735,24.4268],[90.7167,24.4122],[90.7208,24.3965],[90.7146,24.3881],[90.6846,24.3943],[90.6702,24.3824],[90.6588,24.3882],[90.6537,24.3968]],[[90.8673,24.4647],[90.8672,24.4653]],[[90.807,24.4427],[90.8171,24.4414],[90.8158,24.4529],[90.8238,24.4555],[90.8297,24.4548],[90.8295,24.4492],[90.8395,24.4506],[90.8472,24.4461],[90.8554,24.4514],[90.8557,24.4596],[90.8662,24.4594],[90.8673,24.4647]],[[90.5994,24.6867],[90.6299,24.691],[90.6386,24.6835],[90.6456,24.6881],[90.6516,24.6862],[90.6561,24.6769],[90.6444,24.6683],[90.6629,24.6412],[90.6831,24.6411],[90.7027,24.6338],[90.6921,24.6271],[90.6951,24.6164],[90.6879,24.6107],[90.6942,24.5937],[90.6896,24.5707],[90.6972,24.5754],[90.707,24.5639],[90.7045,24.5582],[90.7116,24.5559],[90.7088,24.5484],[90.7133,24.5478],[90.7127,24.5427],[90.7236,24.5516],[90.7421,24.5259],[90.7524,24.5327],[90.7695,24.5351]]]}},{"type":"Feature","properties":{"name":"Nan Ton Tun","major":false},"geometry":{"type":"MultiLineString","coordinates":[[[95.9728,25.794],[95.9548,25.8069],[95.9523,25.8012],[95.939,25.8019],[95.9279,25.814],[95.9214,25.815],[95.9195,25.822],[95.9135,25.8219],[95.9159,25.8253],[95.9112,25.8229],[95.8987,25.8313],[95.8872,25.8476],[95.8724,25.8496],[95.8705,25.8583],[95.8587,25.8637]],[[95.8297,25.8846],[95.8378,25.8844],[95.8409,25.8903],[95.834,25.8944],[95.8429,25.896],[95.8456,25.9013],[95.8269,25.9149],[95.8338,25.9222],[95.8253,25.9226],[95.8221,25.9282],[95.808,25.9236],[95.8035,25.9321],[95.8036,25.9363],[95.8136,25.9406],[95.8034,25.9439],[95.7993,25.9524],[95.8097,25.9501],[95.8187,25.9576],[95.8115,25.9591],[95.8108,25.9714],[95.7898,25.968],[95.7844,25.9629],[95.781,25.9681],[95.7651,25.9728],[95.7536,25.9638],[95.7425,25.9629],[95.7361,25.9659],[95.7381,25.9714],[95.7005,25.9461],[95.7058,25.9581],[95.7239,25.9687],[95.7227,25.9852],[95.7187,25.9867],[95.712,25.9804],[95.7083,25.9831]],[[95.8587,25.8638],[95.8613,25.8727],[95.8505,25.8728],[95.8532,25.8796],[95.8452,25.8778],[95.8447,25.883],[95.8365,25.8786],[95.8309,25.8808],[95.8318,25.8847]],[[95.8587,25.8637],[95.8587,25.8638]]]}},{"type":"Feature","properties":{"name":"saldo river","major":false},"geometry":{"type":"MultiLineString","coordinates":[[[90.3239,24.2069],[90.3321,24.1984],[90.3282,24.1921],[90.3348,24.1852],[90.3363,24.1742],[90.342,24.174],[90.3552,24.1588],[90.3468,24.1282]],[[90.3468,24.1282],[90.3468,24.1281]],[[90.3468,24.1281],[90.3371,24.1013]]]}},{"type":"Feature","properties":{"name":"Melak-Jhanji","major":false},"geometry":{"type":"LineString","coordinates":[[94.5145,26.3368],[94.5169,26.3672],[94.5048,26.3768],[94.5041,26.3837],[94.4826,26.3878],[94.4806,26.3959],[94.469,26.4022],[94.4687,26.4161],[94.461,26.4222],[94.4648,26.4232],[94.4625,26.4288],[94.4732,26.4398],[94.4848,26.4406],[94.4894,26.4507],[94.4992,26.4462],[94.4927,26.4564],[94.4979,26.4587],[94.4949,26.4666],[94.5037,26.4664],[94.5133,26.4842],[94.5191,26.4814],[94.5195,26.4889],[94.5297,26.4901],[94.5291,26.497],[94.5424,26.5066],[94.5418,26.5028],[94.5507,26.5024],[94.548,26.5094],[94.5517,26.5115],[94.5471,26.5141],[94.5506,26.5151],[94.5494,26.5216],[94.5549,26.5204],[94.5536,26.5336],[94.5588,26.5386],[94.5555,26.5405],[94.5724,26.5575],[94.568,26.5566],[94.566,26.5633],[94.5956,26.5824],[94.5988,26.5995],[94.6167,26.6119],[94.6158,26.6164],[94.6406,26.6304],[94.6429,26.6361],[94.6385,26.6432],[94.6495,26.6582],[94.6394,26.6694],[94.6301,26.7116],[94.6255,26.7128],[94.6265,26.7065],[94.6185,26.7049],[94.6206,26.7224],[94.6075,26.7285],[94.6091,26.7371],[94.596,26.7344],[94.5947,26.7259],[94.5883,26.7247],[94.5799,26.7298],[94.5843,26.7331],[94.5794,26.7383]]}},{"type":"Feature","properties":{"name":"Tzula Tributary","major":false},"geometry":{"type":"LineString","coordinates":[[94.703,26.2816],[94.6982,26.3054],[94.7003,26.3207],[94.6926,26.3278],[94.6951,26.3449],[94.6795,26.3476],[94.6749,26.3551],[94.6672,26.3507],[94.6566,26.3624]]}},{"type":"Feature","properties":{"name":"Tzula-Dikhu","major":false},"geometry":{"type":"LineString","coordinates":[[94.5474,26.1469],[94.548,26.1536],[94.5417,26.161],[94.5322,26.1629],[94.5287,26.172],[94.5098,26.1856],[94.5136,26.1963],[94.5038,26.2012],[94.5073,26.2113],[94.499,26.2144],[94.4973,26.224],[94.5023,26.2266],[94.4982,26.2289],[94.5144,26.236],[94.514,26.2427],[94.5235,26.2467],[94.5271,26.2568],[94.5314,26.2526],[94.5312,26.257],[94.5334,26.253],[94.5408,26.2582],[94.5471,26.2516],[94.5631,26.2874],[94.5724,26.2925],[94.5756,26.2876],[94.5814,26.2896],[94.5786,26.2949],[94.5834,26.2957],[94.5824,26.301],[94.5892,26.3006],[94.5929,26.2949],[94.5907,26.3014],[94.5965,26.2997],[94.5954,26.306],[94.5999,26.3101],[94.5968,26.3123],[94.6139,26.3216],[94.6142,26.3262],[94.6226,26.3263],[94.6279,26.3351],[94.6365,26.3296],[94.6381,26.3365],[94.651,26.3384],[94.6503,26.3474],[94.6575,26.3473],[94.6513,26.3513],[94.6555,26.3582],[94.6529,26.3617],[94.6618,26.3655],[94.6637,26.3719],[94.6587,26.3715],[94.6569,26.3764],[94.6628,26.3811],[94.6705,26.3768],[94.6704,26.3825],[94.6782,26.3816],[94.6791,26.3897],[94.6885,26.3958],[94.6856,26.4028],[94.6899,26.4032],[94.6869,26.4072],[94.6929,26.4133],[94.7024,26.4086],[94.6995,26.4189],[94.7049,26.4259],[94.7012,26.4317],[94.7115,26.4372],[94.7107,26.4453],[94.7046,26.4476],[94.7033,26.4518],[94.7082,26.4539],[94.688,26.4794],[94.6944,26.4972],[94.6853,26.5164],[94.6867,26.5247],[94.7272,26.5674],[94.7252,26.5822],[94.7309,26.5822],[94.7336,26.6003],[94.7317,26.6061],[94.7199,26.6108],[94.7193,26.6247],[94.7282,26.6251],[94.7365,26.6347],[94.7329,26.6379],[94.7392,26.6378],[94.743,26.644],[94.7795,26.6582]]}},{"type":"Feature","properties":{"name":"Tsutsung","major":false},"geometry":{"type":"LineString","coordinates":[[94.5786,26.2149],[94.5868,26.2235],[94.585,26.2348],[94.5598,26.2563],[94.5656,26.268],[94.5603,26.2723],[94.5636,26.2731],[94.5615,26.2771]]}},{"type":"Feature","properties":{"name":"Mening","major":false},"geometry":{"type":"LineString","coordinates":[[94.5697,26.4127],[94.5623,26.4327],[94.566,26.4417],[94.562,26.4434],[94.5682,26.4471],[94.5678,26.4554],[94.5736,26.4632],[94.5847,26.4714],[94.5779,26.4775],[94.5809,26.4819],[94.5758,26.4862],[94.58,26.493],[94.5768,26.5008],[94.5849,26.5037],[94.5805,26.5114],[94.5908,26.5144],[94.5823,26.5275],[94.5884,26.5353],[94.576,26.545],[94.5635,26.5459]]}},{"type":"Feature","properties":{"name":"মৃগী নদী","major":false},"geometry":{"type":"LineString","coordinates":[[89.9708,25.0854],[89.972,25.0772],[89.9792,25.0752],[90.0089,25.0409],[89.9847,25.0177],[89.985,25.0109],[90.0037,25.0023],[90.019,24.982]]}},{"type":"Feature","properties":{"name":"Tihu Nadi","major":false},"geometry":{"type":"LineString","coordinates":[[91.2995,26.4123],[91.2908,26.4106],[91.275,26.4175],[91.2547,26.411],[91.2479,26.4017],[91.2243,26.3979],[91.2104,26.4091],[91.1847,26.393],[91.1798,26.3844],[91.1675,26.3815],[91.165,26.3757],[91.1526,26.3791],[91.144,26.3667],[91.125,26.3653],[91.1012,26.3708]]}},{"type":"Feature","properties":{"name":"Tuni River","major":false},"geometry":{"type":"MultiLineString","coordinates":[[[94.3583,27.0634],[94.3475,27.0542],[94.3364,27.0591],[94.3322,27.0451],[94.3219,27.0481],[94.3204,27.0313],[94.3063,27.0303],[94.3117,27.0188],[94.2847,26.9953],[94.2792,26.9792],[94.2685,26.9744],[94.2609,26.9773],[94.2517,26.9685],[94.2381,26.9675],[94.2345,26.953],[94.2299,26.9519],[94.2209,26.9593],[94.2205,26.9661],[94.2121,26.9662],[94.2097,26.953],[94.2202,26.9479],[94.2201,26.9429]],[[94.2201,26.9429],[94.2198,26.9426]],[[94.1679,26.9226],[94.1664,26.9215]],[[94.2198,26.9426],[94.2198,26.9426]],[[94.2198,26.9426],[94.218,26.9407]]]}},{"type":"Feature","properties":{"name":"Togtserkhagi Chhu","major":false},"geometry":{"type":"LineString","coordinates":[[89.8069,28.2086],[89.8192,28.1958],[89.8229,28.1788],[89.8094,28.17],[89.8049,28.1549],[89.7817,28.1183],[89.7496,28.0965],[89.7146,28.0545]]}},{"type":"Feature","properties":{"name":"虾曲","major":false},"geometry":{"type":"MultiLineString","coordinates":[[[91.1962,28.1948],[91.1937,28.177],[91.1543,28.1493],[91.1509,28.1358],[91.1396,28.1256],[91.1067,28.1104]],[[91.2043,28.2553],[91.1998,28.2446],[91.1962,28.1948]]]}},{"type":"Feature","properties":{"name":"洛扎雄曲","major":false},"geometry":{"type":"MultiLineString","coordinates":[[[91.1062,28.1098],[91.1048,28.0965],[91.0959,28.0811],[91.0792,28.0714],[91.077,28.0647],[91.0954,28.0488],[91.1134,28.0439],[91.1498,28.0186],[91.1639,27.9944]],[[91.027,28.1943],[91.0434,28.1725],[91.0696,28.1597],[91.0726,28.15],[91.0976,28.126],[91.1067,28.1104]],[[90.9903,28.2273],[91.0082,28.2208]],[[90.9098,28.371],[90.9253,28.3597],[90.9492,28.3553],[90.9529,28.3213],[90.9689,28.2933],[90.9704,28.2795],[90.9885,28.2655],[90.9829,28.2394],[90.9903,28.2273]],[[91.1639,27.9944],[91.1651,27.9803],[91.1594,27.9735]],[[91.1063,28.11],[91.1062,28.1098]],[[91.1067,28.1104],[91.1063,28.11]],[[91.0082,28.2208],[91.027,28.1943]]]}},{"type":"Feature","properties":{"name":"多曲","major":false},"geometry":{"type":"MultiLineString","coordinates":[[[92.5067,28.2275],[92.5366,28.2323],[92.5454,28.2275],[92.5726,28.2266],[92.5948,28.2304],[92.605,28.2397],[92.6454,28.2577],[92.6494,28.2691],[92.6705,28.2773],[92.6912,28.2977],[92.7088,28.2924],[92.744,28.2971]],[[92.4507,28.2348],[92.4802,28.2371],[92.4919,28.2283],[92.5067,28.2275]],[[92.4467,28.2223],[92.446,28.2302],[92.4507,28.2348]]]}},{"type":"Feature","properties":{"name":"Taktsang Chu","major":false},"geometry":{"type":"MultiLineString","coordinates":[[[91.846,27.7534],[91.8517,27.743],[91.8458,27.7259],[91.8271,27.7221]],[[91.822,27.7209],[91.774,27.7046],[91.7606,27.6867],[91.7367,27.6793],[91.7334,27.6563],[91.7259,27.6509]]]}},{"type":"Feature","properties":{"name":"东章曲","major":false},"geometry":{"type":"MultiLineString","coordinates":[[[92.0116,27.859],[91.9999,27.845],[92.0008,27.825],[91.9845,27.8006]],[[91.9845,27.8006],[91.9783,27.7781]]]}},{"type":"Feature","properties":{"name":"Tsona Chu","major":false},"geometry":{"type":"MultiLineString","coordinates":[[[91.9905,27.762],[91.9905,27.7482],[92.0051,27.7257],[92.0179,27.7215],[92.0337,27.7269],[92.0404,27.7223]],[[91.9812,27.7761],[91.9908,27.7592]],[[91.9783,27.7781],[91.9812,27.7761]]]}},{"type":"Feature","properties":{"name":"Meidum Lui","major":false},"geometry":{"type":"LineString","coordinates":[[92.6498,24.0927],[92.6445,24.1135],[92.6236,24.1127],[92.618,24.1325],[92.6103,24.1357],[92.6011,24.1509],[92.6006,24.1613],[92.5873,24.1773],[92.5783,24.177],[92.5629,24.1589],[92.5538,24.1629],[92.5455,24.1418]]}},{"type":"Feature","properties":{"name":"桑多洛河","major":false},"geometry":{"type":"MultiLineString","coordinates":[[[91.8218,27.7958],[91.8173,27.7866]],[[91.8067,27.7877],[91.7825,27.7855],[91.7445,27.8]],[[91.8289,27.7902],[91.8145,27.7842],[91.8067,27.7877]]]}},{"type":"Feature","properties":{"name":"Sangti Chu","major":false},"geometry":{"type":"MultiLineString","coordinates":[[[92.273,27.3854],[92.2688,27.3733],[92.2706,27.3567],[92.2658,27.3481]],[[92.3171,27.4542],[92.3123,27.4441],[92.317,27.4308],[92.3136,27.424],[92.3003,27.4229],[92.2928,27.4092],[92.2784,27.4043],[92.273,27.3854]],[[92.3053,27.5629],[92.3075,27.5503],[92.3226,27.5375],[92.3293,27.525],[92.3183,27.5018],[92.3226,27.4699],[92.3171,27.4542]],[[92.4048,27.6339],[92.3813,27.6138],[92.3729,27.5907],[92.3735,27.5761],[92.3581,27.5705],[92.3575,27.5611],[92.3505,27.5565],[92.3298,27.5504]]]}},{"type":"Feature","properties":{"name":"恩久曲","major":false},"geometry":{"type":"MultiLineString","coordinates":[[[92.0302,27.9972],[92.0207,27.9743],[92.0094,27.9676]],[[92.0445,28.0517],[92.0315,28.0308],[92.0302,27.9972]],[[92.0591,28.0899],[92.0587,28.0837],[92.0455,28.0687],[92.0489,28.0599],[92.0445,28.0517]]]}},{"type":"Feature","properties":{"name":"广柏若水","major":false},"geometry":{"type":"MultiLineString","coordinates":[[[91.9925,27.902],[92.0061,27.8834]],[[92.0094,27.9676],[91.9898,27.9521],[91.9777,27.9326]],[[92.0061,27.8834],[92.0067,27.8682]],[[92.0066,27.8681],[92.0116,27.859]],[[92.0067,27.8682],[92.0066,27.8681]],[[91.9777,27.9326],[91.9787,27.9213],[91.9925,27.902]]]}},{"type":"Feature","properties":{"name":"Chamkhar River","major":false},"geometry":{"type":"LineString","coordinates":[[90.7183,27.7707],[90.7375,27.729],[90.7358,27.7085],[90.7241,27.6815],[90.7433,27.6707],[90.752,27.6584],[90.7199,27.6295],[90.7143,27.6195],[90.7148,27.6014],[90.7391,27.5833],[90.7386,27.5723],[90.7576,27.5507],[90.762,27.5328],[90.7892,27.5198],[90.7918,27.514],[90.803,27.5119]]}},{"type":"Feature","properties":{"name":"Tang Chhu","major":false},"geometry":{"type":"MultiLineString","coordinates":[[[90.8851,27.6219],[90.8815,27.6138],[90.8867,27.5982],[90.8829,27.5801],[90.8752,27.5705],[90.8626,27.5677],[90.8465,27.555],[90.8121,27.5428],[90.8036,27.5338],[90.803,27.5119]],[[90.8675,27.7186],[90.8819,27.6798],[90.9029,27.6596],[90.8851,27.6219]]]}},{"type":"Feature","properties":{"name":"Bumthang Chhu","major":false},"geometry":{"type":"MultiLineString","coordinates":[[[90.8109,27.4802],[90.8192,27.4647],[90.8291,27.4613],[90.8324,27.4475],[90.8377,27.4487],[90.8497,27.4359],[90.8611,27.4325],[90.8747,27.4087],[90.8926,27.3979],[90.9007,27.3872]],[[90.9439,27.0644],[90.919,27.0544],[90.9094,27.0413],[90.8924,27.041],[90.8671,27.0182],[90.8397,27.0188]],[[90.9007,27.3872],[90.9123,27.3634],[90.9089,27.352],[90.9202,27.3418],[90.9323,27.2781]],[[90.803,27.5119],[90.8119,27.4946],[90.8109,27.4802]],[[90.9323,27.2781],[90.9285,27.2678],[90.9384,27.2413]],[[90.9384,27.2413],[90.9434,27.1774],[90.9385,27.1668],[90.94,27.1512],[90.926,27.1405],[90.9391,27.1143],[90.941,27.097],[90.9453,27.0953],[90.9431,27.0878],[90.9482,27.0844],[90.9439,27.0644]]]}},{"type":"Feature","properties":{"name":"Tuirial River","major":false},"geometry":{"type":"LineString","coordinates":[[92.8468,24.0441],[92.8463,24.0647],[92.8546,24.0733],[92.858,24.0864],[92.8558,24.1008],[92.8594,24.0997],[92.8594,24.1083],[92.8686,24.1104],[92.867,24.1196],[92.8767,24.1297],[92.8719,24.1394],[92.8852,24.1636],[92.8822,24.1701],[92.8914,24.174],[92.8929,24.2045],[92.8974,24.2054],[92.8985,24.2119],[92.8948,24.2121],[92.9003,24.2257],[92.8965,24.2386],[92.8878,24.2453],[92.8795,24.2328],[92.8706,24.243],[92.8591,24.2437],[92.859,24.2503],[92.8643,24.2522],[92.8584,24.2586],[92.8648,24.2621],[92.8598,24.2682],[92.8719,24.2783],[92.8686,24.2832],[92.8722,24.2868],[92.8627,24.308],[92.8533,24.3079]]}},{"type":"Feature","properties":{"name":"Sonai River","major":false},"geometry":{"type":"MultiLineString","coordinates":[[[92.8533,24.3079],[92.8551,24.3134],[92.8665,24.3183],[92.8576,24.3276],[92.8685,24.3295],[92.8891,24.3556],[92.8813,24.3627],[92.885,24.3651],[92.8829,24.3695],[92.8894,24.3689],[92.8915,24.3782],[92.8817,24.3804],[92.8862,24.3908],[92.8898,24.3853],[92.8928,24.3875],[92.8923,24.3933]],[[92.8923,24.3933],[92.9035,24.392],[92.9067,24.4121],[92.9198,24.4313]],[[92.9198,24.4313],[92.9206,24.4406],[92.9271,24.4383],[92.9285,24.451],[92.9555,24.5021]]]}},{"type":"Feature","properties":{"name":"Hache Lui","major":false},"geometry":{"type":"LineString","coordinates":[[92.8427,24.2351],[92.8467,24.2583],[92.8362,24.2674],[92.8411,24.2708],[92.8399,24.2768],[92.8487,24.2812],[92.8493,24.3042],[92.8533,24.3079]]}},{"type":"Feature","properties":{"name":"Bali Chara","major":false},"geometry":{"type":"MultiLineString","coordinates":[[[92.7244,24.7094],[92.7315,24.7118],[92.7306,24.7161],[92.7414,24.7254],[92.7413,24.7325],[92.7565,24.7418],[92.7516,24.7506],[92.7565,24.7658],[92.7489,24.7717],[92.7521,24.7755],[92.7458,24.7849],[92.7388,24.7849],[92.729,24.7758],[92.721,24.7813],[92.7269,24.783],[92.7285,24.7949],[92.7338,24.7994],[92.7298,24.8087],[92.7322,24.8279],[92.7276,24.8371],[92.7185,24.8421],[92.7201,24.8509],[92.7037,24.8365],[92.6953,24.8328],[92.6878,24.8364]],[[92.7507,24.6726],[92.7289,24.6812],[92.7244,24.7094]],[[92.7477,24.6244],[92.7515,24.6308],[92.7469,24.6395],[92.751,24.6448],[92.7507,24.6726]]]}},{"type":"Feature","properties":{"name":"Madhura Nāla","major":false},"geometry":{"type":"MultiLineString","coordinates":[[[92.9727,25.0468],[92.9398,25.0307],[92.9355,25.0211],[92.9136,25.0047],[92.9091,24.9945],[92.8878,24.9787],[92.8875,24.9576],[92.9145,24.9613],[92.9162,24.9485],[92.9235,24.9427],[92.9064,24.9169],[92.9106,24.9074],[92.9039,24.8903],[92.8992,24.8895],[92.9015,24.8832],[92.8864,24.8848],[92.8752,24.8674],[92.8651,24.8649],[92.8647,24.8581],[92.8596,24.8641],[92.8555,24.855],[92.8439,24.8523],[92.8417,24.8405],[92.8294,24.8423],[92.8331,24.8455],[92.8281,24.85],[92.8252,24.8458],[92.8136,24.846]],[[92.9932,25.0726],[92.9861,25.0695],[92.9826,25.0728],[92.9821,25.0602],[92.9727,25.0468]]]}},{"type":"Feature","properties":{"name":"Labak Nadi","major":false},"geometry":{"type":"LineString","coordinates":[[93.0225,24.979],[93.0166,24.9625],[93.0088,24.9597],[93.0076,24.9554],[93.0168,24.9503],[93.0178,24.9441],[93.0156,24.939],[93.009,24.9418],[93.0064,24.9346],[93.0028,24.9359],[93.0063,24.9315],[93.0032,24.9263],[93.0077,24.9239],[93.0014,24.916],[93.014,24.9071],[93.0095,24.8918],[93.0188,24.8885],[93.0235,24.8798],[93.0142,24.8737],[93.0113,24.8599],[93.0183,24.8486],[93.0273,24.8481],[93.0328,24.8297]]}},{"type":"Feature","properties":{"name":"Ranga Nadi","major":false},"geometry":{"type":"MultiLineString","coordinates":[[[94.0371,27.2911],[94.0481,27.2821],[94.049,27.2658],[94.0547,27.2569],[94.0471,27.2416],[94.052,27.2375],[94.0528,27.2275]],[[94.0192,27.298],[94.0371,27.2911]],[[94.0192,27.298],[94.0301,27.2832],[94.03,27.2496],[94.0379,27.245],[94.0433,27.2298],[94.0528,27.2275],[94.0541,27.2101],[94.0687,27.1939],[94.0602,27.1732],[94.0641,27.1681],[94.0732,27.1689],[94.0729,27.1654],[94.0582,27.144],[94.0683,27.1404],[94.0763,27.1278],[94.0878,27.1259],[94.085,27.1141],[94.0917,27.0951],[94.0989,27.0934],[94.0988,27.0854],[94.104,27.0831],[94.092,27.0785],[94.1057,27.0754],[94.0921,27.0687],[94.1001,27.0653],[94.0947,27.0583],[94.1065,27.0401],[94.1035,27.032],[94.0916,27.033],[94.0759,27.0259]],[[94.0286,27.2658],[94.0295,27.2605]]]}},{"type":"Feature","properties":{"name":"Padma Nadi","major":false},"geometry":{"type":"MultiLineString","coordinates":[[[94.0014,27.1619],[94.0185,27.1522],[94.0226,27.1336],[94.0321,27.123],[94.0471,27.1165],[94.0418,27.107],[94.047,27.1018],[94.0469,27.0839],[94.0359,27.0826],[94.0419,27.0775],[94.0331,27.0712],[94.0364,27.0655],[94.0322,27.0609],[94.0397,27.0629],[94.0308,27.0554],[94.0379,27.0508],[94.0329,27.0471],[94.0451,27.0419],[94.0413,27.0351],[94.0503,27.0203]],[[93.892,27.2777],[93.8963,27.274],[93.8925,27.2693],[93.899,27.2653],[93.8995,27.2695],[93.9093,27.2699],[93.9233,27.2601],[93.9217,27.2547],[93.9385,27.2536],[93.9458,27.2476],[93.9693,27.2159],[93.9671,27.2083],[93.977,27.1827],[93.9875,27.178],[94.0014,27.1619]]]}},{"type":"Feature","properties":{"name":"Tan Gāni Nadi","major":false},"geometry":{"type":"MultiLineString","coordinates":[[[94.6985,27.4677],[94.6939,27.4589],[94.6811,27.4557],[94.6679,27.438],[94.6553,27.4348]],[[94.7927,27.5556],[94.7513,27.5234],[94.7545,27.5196],[94.7499,27.5125],[94.7189,27.5073],[94.7223,27.4892],[94.7141,27.4846],[94.7141,27.4762],[94.6985,27.4677]],[[94.8035,27.5637],[94.7927,27.5556]]]}},{"type":"Feature","properties":{"name":"STR3","major":false},"geometry":{"type":"MultiLineString","coordinates":[[[95.0269,27.7705],[95.0036,27.7341]],[[94.9611,27.6619],[94.9603,27.6561],[94.9677,27.6478],[94.9658,27.6381]],[[94.9828,27.6948],[94.9833,27.6855],[94.9611,27.6619]],[[95.0036,27.7341],[94.9907,27.7107],[94.9984,27.6991],[94.9846,27.6897]]]}},{"type":"Feature","properties":{"name":"Lali","major":false},"geometry":{"type":"LineString","coordinates":[[95.1413,27.8526],[95.1452,27.8334],[95.1616,27.8259],[95.1643,27.8204],[95.1695,27.8213],[95.1688,27.8164],[95.1877,27.7915],[95.1876,27.7611],[95.2012,27.7447],[95.19,27.7387],[95.1585,27.7378],[95.1504,27.7298],[95.1305,27.7285],[95.1005,27.7116],[95.0869,27.6935],[95.0518,27.6866],[95.0343,27.6648],[95.0074,27.6616],[95.0012,27.6453],[94.9876,27.6479],[94.9629,27.6374],[94.9529,27.6259],[94.9442,27.6232],[94.9349,27.605],[94.9194,27.6049],[94.9157,27.5956],[94.899,27.5827],[94.8739,27.5722],[94.8533,27.5513],[94.8199,27.5293],[94.8097,27.519],[94.8061,27.4956]]}},{"type":"Feature","properties":{"name":"西棱河","major":false},"geometry":{"type":"LineString","coordinates":[[95.1042,28.0228],[95.0961,28.0063],[95.1141,27.9773],[95.1147,27.9621],[95.1092,27.9582],[95.1123,27.9475],[95.1255,27.9351],[95.1771,27.9258],[95.1835,27.9153],[95.203,27.9078],[95.2288,27.9096],[95.2678,27.8867],[95.2743,27.8707],[95.2728,27.8649],[95.2615,27.8625],[95.2592,27.8423],[95.2665,27.8402],[95.2709,27.8299],[95.2795,27.8249],[95.2779,27.8182],[95.2835,27.8129],[95.2753,27.8003],[95.2752,27.7851],[95.2682,27.7792],[95.2615,27.7819],[95.2488,27.7634],[95.2201,27.7586],[95.2191,27.7492],[95.2012,27.7447]]}},{"type":"Feature","properties":{"name":"Tāukok River","major":false},"geometry":{"type":"LineString","coordinates":[[95.1437,26.8646],[95.1366,26.8618],[95.1315,26.8708],[95.1247,26.8697],[95.1218,26.8737],[95.1065,26.8705],[95.1017,26.8755],[95.0945,26.8719],[95.0976,26.8776],[95.0837,26.8782],[95.0644,26.8929],[95.0686,26.9055],[95.06,26.9147],[95.0461,26.9171],[95.0605,26.9347],[95.0553,26.9312],[95.0523,26.9398],[95.0446,26.9415],[95.0424,26.9465],[95.0462,26.948],[95.0422,26.9487],[95.0485,26.9529],[95.0441,26.9557],[95.0467,26.9622],[95.0429,26.9609],[95.0442,26.9668],[95.0316,26.9736],[95.0358,26.9764],[95.0314,26.9788],[95.0327,26.984],[95.0425,26.9846],[95.0352,26.9902],[95.0436,26.9989],[95.0318,26.9976],[95.0403,27.0115],[95.0361,27.015],[95.0398,27.0158],[95.0377,27.0216],[95.0347,27.0177],[95.029,27.0236],[95.0261,27.017],[95.0144,27.0153],[95.014,27.0196],[95.0057,27.0183],[95.0045,27.0265],[94.9982,27.0275],[95.0006,27.0307],[94.9937,27.0325],[94.9872,27.0255],[94.9752,27.0395]]}},{"type":"Feature","properties":{"name":"Diyung","major":false},"geometry":{"type":"LineString","coordinates":[[94.2761,25.79],[94.273,25.795],[94.278,25.7969],[94.2766,25.8006],[94.2966,25.8097],[94.2923,25.8153],[94.2999,25.8205],[94.2974,25.8298],[94.3075,25.8356],[94.3047,25.8392],[94.3091,25.8531],[94.3213,25.868],[94.3182,25.8753],[94.3264,25.9057],[94.322,25.9102],[94.3258,25.9118],[94.3258,25.9219],[94.3176,25.9325],[94.3267,25.936],[94.3304,25.9444],[94.3364,25.9441],[94.3323,25.9504],[94.3396,25.9541],[94.3488,25.9777],[94.3609,25.9896],[94.3592,26.0067],[94.3625,26.0091],[94.3555,26.0102],[94.3596,26.0163],[94.3574,26.0222],[94.3777,26.0675],[94.3902,26.0842],[94.383,26.0871],[94.3839,26.0957],[94.3797,26.0944],[94.3819,26.1081],[94.387,26.1101],[94.3851,26.1249],[94.363,26.1348],[94.3611,26.1477],[94.3472,26.1555],[94.3482,26.1709],[94.3349,26.1722],[94.3303,26.191],[94.3186,26.199],[94.3191,26.2052],[94.285,26.2307],[94.262,26.2324]]}},{"type":"Feature","properties":{"name":"Tsutha","major":false},"geometry":{"type":"LineString","coordinates":[[94.6785,26.0292],[94.594,25.9134],[94.5718,25.8937],[94.5665,25.8824],[94.548,25.8765],[94.5251,25.8537]]}},{"type":"Feature","properties":{"name":"Ther River","major":false},"geometry":{"type":"LineString","coordinates":[[94.5282,25.1736],[94.5248,25.1858],[94.53,25.2176],[94.5256,25.2289],[94.5293,25.2454],[94.5336,25.2459],[94.5292,25.2486],[94.5353,25.2523],[94.5311,25.2692],[94.5375,25.269],[94.5382,25.2742],[94.5341,25.2831],[94.5216,25.2875],[94.523,25.2931],[94.5185,25.295],[94.5223,25.2963],[94.5233,25.3115],[94.5297,25.3154],[94.5274,25.3192],[94.5326,25.3207],[94.5299,25.3287],[94.5375,25.3446],[94.5459,25.3467],[94.5506,25.3614],[94.5564,25.3607],[94.553,25.3665],[94.557,25.3739],[94.5551,25.3836],[94.5467,25.3913],[94.5411,25.4156],[94.5455,25.4163],[94.5466,25.4225],[94.5369,25.4297],[94.5414,25.4373],[94.5373,25.4371],[94.5383,25.4475],[94.5331,25.4578],[94.5386,25.4633],[94.5355,25.4704],[94.5442,25.4802],[94.5386,25.4867],[94.5503,25.4948],[94.5491,25.505],[94.5597,25.5208],[94.5548,25.5255],[94.561,25.5343],[94.5575,25.5395],[94.5669,25.5484],[94.5559,25.5546],[94.5641,25.5648],[94.559,25.5649],[94.5615,25.5734],[94.551,25.5803],[94.558,25.5831],[94.5594,25.5984],[94.5662,25.5971],[94.5643,25.6026],[94.5722,25.6058],[94.5754,25.6237],[94.5843,25.6308],[94.583,25.6347],[94.5934,25.638]]}},{"type":"Feature","properties":{"name":"Lainyi River","major":false},"geometry":{"type":"LineString","coordinates":[[94.3738,25.3551],[94.3778,25.3582],[94.3755,25.3623],[94.3807,25.3637],[94.3761,25.3705],[94.3762,25.3848],[94.3848,25.4049],[94.3796,25.4076],[94.3899,25.4201],[94.3834,25.4226],[94.3942,25.4239],[94.4124,25.4636],[94.4221,25.4667],[94.4135,25.476],[94.4198,25.4758],[94.4252,25.4838],[94.424,25.4981],[94.4322,25.501],[94.4301,25.511],[94.4384,25.5146],[94.4399,25.5289],[94.4465,25.5394],[94.4604,25.5494],[94.4673,25.582],[94.4873,25.5974],[94.4946,25.6131],[94.5067,25.6144],[94.507,25.6235],[94.5177,25.6293],[94.5211,25.6394],[94.5287,25.6372],[94.5297,25.643],[94.5435,25.6503],[94.5554,25.6717]]}},{"type":"Feature","properties":{"name":"Haria","major":false},"geometry":{"type":"LineString","coordinates":[[92.8624,26.0984],[92.86,26.0945],[92.8541,26.1017],[92.8334,26.0943],[92.8117,26.1108],[92.7883,26.1072],[92.7787,26.1221],[92.7694,26.1252],[92.7688,26.1356],[92.7489,26.1453],[92.7229,26.1506],[92.7154,26.1648],[92.6912,26.1627],[92.6834,26.1714],[92.6845,26.1794],[92.6689,26.2099],[92.6477,26.2105],[92.6375,26.2174],[92.6306,26.2119],[92.6117,26.2193],[92.6104,26.2139],[92.5952,26.2162],[92.5971,26.2228],[92.5917,26.2263],[92.5824,26.2201],[92.5754,26.2218],[92.5733,26.2162],[92.563,26.2199],[92.543,26.2087],[92.5447,26.2159],[92.5403,26.2167]]}},{"type":"Feature","properties":{"name":"Dikharu Nadi","major":false},"geometry":{"type":"LineString","coordinates":[[93.0987,26.3157],[93.0771,26.2941],[93.0699,26.2932],[93.054,26.2731],[93.0603,26.2619],[93.0543,26.2503],[93.048,26.2476],[93.0425,26.2316],[93.0476,26.2271],[93.0467,26.2163],[93.0514,26.2151],[93.0497,26.2078],[93.0411,26.2058],[93.0406,26.2017],[93.0255,26.2022],[93.0212,26.1916]]}},{"type":"Feature","properties":{"name":"Langhit Nadi","major":false},"geometry":{"type":"LineString","coordinates":[[93.4042,26.148],[93.3942,26.1371],[93.4051,26.1171],[93.4016,26.1083],[93.3804,26.0977],[93.3681,26.0853],[93.3873,26.0815],[93.3883,26.0654],[93.3952,26.0619],[93.3949,26.0655],[93.4004,26.065],[93.3981,26.0576],[93.4118,26.048],[93.4091,26.0388],[93.3909,26.0273],[93.389,26.0088],[93.3839,26.0013],[93.3807,26.0038],[93.3746,25.9989],[93.3766,25.9954]]}},{"type":"Feature","properties":{"name":"Diphu River","major":false},"geometry":{"type":"MultiLineString","coordinates":[[[93.4453,25.9439],[93.4372,25.9474],[93.4412,25.9535],[93.4303,25.9751]],[[93.4494,25.9253],[93.442,25.9384],[93.4465,25.94],[93.4453,25.9439]],[[93.4471,25.9139],[93.4578,25.9145],[93.4526,25.9264],[93.4494,25.9253]],[[93.4337,25.8229],[93.4385,25.8439],[93.4493,25.8535],[93.4529,25.8641],[93.4443,25.8788],[93.4522,25.8865],[93.4427,25.8995],[93.4425,25.9115],[93.4471,25.9139]]]}},{"type":"Feature","properties":{"name":"een mogool","major":false},"geometry":{"type":"MultiLineString","coordinates":[[[92.7908,26.4633],[92.7742,26.4626],[92.7747,26.4526],[92.7644,26.4496],[92.766,26.4443],[92.7759,26.446],[92.7791,26.4409],[92.7591,26.4361],[92.7582,26.4196],[92.7477,26.4137],[92.7447,26.4172],[92.7335,26.4154],[92.7248,26.402],[92.712,26.41],[92.7086,26.4054],[92.7149,26.4035],[92.7169,26.3945],[92.7093,26.4002],[92.6907,26.3926],[92.6915,26.4048],[92.6874,26.4061],[92.6597,26.3904],[92.6536,26.3948],[92.6639,26.3958],[92.6627,26.4038],[92.6453,26.4077],[92.6407,26.4017],[92.6452,26.3886],[92.6396,26.3847],[92.6476,26.3593],[92.635,26.3551],[92.6325,26.3634],[92.6308,26.3536],[92.6233,26.3596],[92.6182,26.3574],[92.62,26.353],[92.6117,26.3548],[92.6094,26.3485],[92.5872,26.3444],[92.572,26.3529],[92.5623,26.3516],[92.5631,26.3458],[92.5578,26.3436],[92.5562,26.3495]],[[92.8183,26.499],[92.8108,26.4939],[92.8235,26.4768],[92.8218,26.472],[92.816,26.4693],[92.7968,26.4769],[92.7997,26.4688],[92.7909,26.4633]],[[92.7909,26.4633],[92.7908,26.4633]]]}},{"type":"Feature","properties":{"name":"Kaliyani","major":false},"geometry":{"type":"MultiLineString","coordinates":[[[93.7107,26.4234],[93.723,26.4272],[93.7172,26.448],[93.7293,26.4588],[93.7459,26.4571],[93.7616,26.4618],[93.7673,26.4574],[93.7722,26.4601],[93.7703,26.4666],[93.777,26.4691],[93.7703,26.4755],[93.7741,26.4877],[93.7697,26.4991],[93.7549,26.5094],[93.7577,26.5151],[93.7507,26.5183],[93.7526,26.528],[93.7425,26.5276],[93.7421,26.5338],[93.7318,26.537],[93.7392,26.5399],[93.7396,26.5479],[93.733,26.5495],[93.7398,26.5671],[93.7554,26.5842],[93.7552,26.5916],[93.7601,26.5934],[93.7571,26.5979],[93.7616,26.5972],[93.7613,26.6089],[93.7527,26.6107],[93.7526,26.6321]],[[93.4935,26.3831],[93.5204,26.3924],[93.5246,26.3881],[93.528,26.3947],[93.536,26.3904],[93.5611,26.3985],[93.5686,26.3928],[93.5826,26.4025],[93.5983,26.4002],[93.6255,26.4055],[93.6231,26.4014],[93.6294,26.3976],[93.6654,26.4169],[93.6804,26.4114],[93.6894,26.4179],[93.6989,26.4175],[93.6965,26.4219],[93.7009,26.4272],[93.7107,26.4234]]]}},{"type":"Feature","properties":{"name":"Gamri Chhu","major":false},"geometry":{"type":"LineString","coordinates":[[91.7789,27.3999],[91.7478,27.3855],[91.7078,27.3866],[91.6595,27.3579],[91.6458,27.357],[91.6283,27.3485],[91.6215,27.3509],[91.6175,27.3461],[91.6023,27.3449],[91.5938,27.3528],[91.5764,27.3454],[91.5515,27.3491]]}},{"type":"Feature","properties":{"name":"Mahur River","major":false},"geometry":{"type":"MultiLineString","coordinates":[[[93.1541,25.2227],[93.1682,25.2362],[93.1775,25.2657],[93.1533,25.276],[93.1417,25.2903],[93.1409,25.3019],[93.1277,25.3203],[93.1373,25.3269],[93.1366,25.3351],[93.1158,25.3347],[93.109,25.3517],[93.0961,25.3544],[93.0923,25.3627],[93.0867,25.3577],[93.0839,25.3617],[93.0822,25.3527],[93.0744,25.351],[93.0723,25.3614],[93.0764,25.3639],[93.0679,25.3705],[93.0567,25.3626],[93.0438,25.3744],[93.0385,25.3717],[93.0403,25.381],[93.0256,25.3832],[93.0305,25.4048],[93.0235,25.4106],[93.0208,25.4258],[93.0265,25.4315],[93.0189,25.4359],[93.0211,25.4425],[93.0154,25.4433],[93.0156,25.448],[93.0075,25.4472]],[[93.1679,25.1783],[93.1578,25.193],[93.1648,25.2178],[93.1541,25.2227]],[[93.1533,25.276],[93.1519,25.2783]]]}},{"type":"Feature","properties":{"name":"Lumding River","major":false},"geometry":{"type":"LineString","coordinates":[[93.189,25.623],[93.1924,25.632],[93.1875,25.6309],[93.1819,25.641],[93.1781,25.6393],[93.1704,25.6616],[93.1543,25.6659],[93.143,25.6606],[93.1356,25.671],[93.1377,25.6755],[93.1315,25.6876],[93.1365,25.6922],[93.1337,25.7061],[93.1438,25.7176],[93.1487,25.7341],[93.138,25.7453],[93.1261,25.7487],[93.1295,25.7614],[93.118,25.761],[93.1143,25.7675],[93.1105,25.7652],[93.1046,25.7696],[93.1047,25.7743],[93.0985,25.7734],[93.0988,25.7774],[93.0965,25.77],[93.0805,25.7713],[93.0751,25.7665],[93.0745,25.7701],[93.0686,25.7676],[93.0634,25.7771]]}},{"type":"Feature","properties":{"name":"পুরাতন ব্রহ্মপুত্র নদী","major":false},"geometry":{"type":"MultiLineString","coordinates":[[[90.7978,24.2416],[90.8221,24.2403],[90.826,24.2198],[90.8436,24.214],[90.844,24.2039],[90.8256,24.1856],[90.8213,24.1705],[90.8245,24.1618],[90.8473,24.1438],[90.8667,24.1452],[90.8723,24.141],[90.8693,24.1295],[90.8484,24.1207],[90.8463,24.1127]],[[90.8569,24.1051],[90.8903,24.0968],[90.9138,24.0782],[90.9451,24.0856],[90.9525,24.0695],[90.965,24.0628],[90.9595,24.0385],[90.9862,24.036]],[[90.8463,24.1127],[90.8462,24.1119]]]}},{"type":"Feature","properties":{"name":"Tenga River","major":false},"geometry":{"type":"MultiLineString","coordinates":[[[92.1252,27.2818],[92.1504,27.27],[92.1691,27.2513],[92.1895,27.2408],[92.1999,27.2482],[92.2191,27.2512],[92.2167,27.2443],[92.221,27.2372],[92.2408,27.2325],[92.2496,27.2209],[92.2621,27.2247],[92.2675,27.2106],[92.2765,27.2141],[92.2792,27.2104]],[[92.4529,27.2144],[92.4865,27.2069],[92.4913,27.2012],[92.4965,27.2191],[92.5157,27.2026],[92.524,27.2084],[92.533,27.2003],[92.5389,27.206],[92.5492,27.2029],[92.5566,27.2065],[92.5622,27.2013],[92.5688,27.2052],[92.5692,27.1945],[92.5891,27.1937],[92.5883,27.1885],[92.5954,27.1981],[92.6035,27.2004],[92.6022,27.2093],[92.6257,27.2033],[92.631,27.2141],[92.6363,27.2118],[92.6364,27.2217],[92.6444,27.2222],[92.6479,27.2137],[92.6585,27.219],[92.6561,27.2226],[92.6643,27.223],[92.6648,27.2298],[92.6691,27.2309],[92.6667,27.2394],[92.6705,27.2467],[92.6806,27.2488],[92.6823,27.256],[92.7006,27.2529],[92.7164,27.2668],[92.715,27.2759],[92.7217,27.2803]],[[92.2792,27.2104],[92.2841,27.2089],[92.2958,27.2182],[92.3148,27.2163],[92.3217,27.2229],[92.3252,27.2197],[92.3308,27.2236],[92.3562,27.221],[92.3737,27.2054],[92.3922,27.2034],[92.4026,27.21],[92.4096,27.207],[92.4217,27.2172],[92.4529,27.2144]]]}},{"type":"Feature","properties":{"name":"河流1","major":false},"geometry":{"type":"LineString","coordinates":[[92.2633,27.1304],[92.298,27.1778],[92.3296,27.186],[92.3512,27.2047],[92.3621,27.202],[92.3703,27.1935],[92.3854,27.2049]]}},{"type":"Feature","properties":{"name":"Bhairabi River","major":false},"geometry":{"type":"MultiLineString","coordinates":[[[92.1058,27.0876],[92.1361,27.0651],[92.1439,27.0446],[92.1542,27.0383],[92.1504,27.0156],[92.1636,27.0051],[92.1541,26.9903],[92.1581,26.9845],[92.1553,26.9799],[92.1593,26.9788],[92.1538,26.9764],[92.1523,26.9552],[92.1388,26.9444],[92.1366,26.9356],[92.1308,26.9359],[92.1263,26.9226]],[[92.097,27.2192],[92.0825,27.2088],[92.0861,27.2034],[92.0834,27.1998],[92.0913,27.1919],[92.0895,27.1807],[92.099,27.1686],[92.0977,27.1562],[92.12,27.1439],[92.115,27.1214],[92.1198,27.1169],[92.1058,27.0876]],[[92.1263,26.9226],[92.116,26.8938]]]}},{"type":"Feature","properties":{"name":"River Umiam","major":false},"geometry":{"type":"MultiLineString","coordinates":[[[91.7701,25.5178],[91.7721,25.5238],[91.7793,25.5238],[91.7926,25.5342],[91.7906,25.5436],[91.7947,25.549],[91.8062,25.5521],[91.8065,25.5573],[91.832,25.5792],[91.8411,25.5799],[91.8396,25.5918],[91.8494,25.5958],[91.8519,25.607],[91.8619,25.613],[91.8584,25.6189],[91.8734,25.6262],[91.8734,25.6324],[91.8676,25.6282],[91.8586,25.63],[91.8581,25.6343],[91.8667,25.6411],[91.8778,25.6413],[91.8998,25.6595]],[[91.7627,25.5032],[91.7632,25.5074]],[[91.7526,25.5159],[91.7535,25.5111],[91.7632,25.5074]],[[91.7632,25.5074],[91.7709,25.5099],[91.7701,25.5178]]]}},{"type":"Feature","properties":{"name":"STN3","major":false},"geometry":{"type":"LineString","coordinates":[[91.7305,27.3215],[91.7095,27.3229],[91.6955,27.3186],[91.6816,27.327],[91.6746,27.3367],[91.6715,27.3583]]}},{"type":"Feature","properties":{"name":"Chilachi Chaung","major":false},"geometry":{"type":"LineString","coordinates":[[95.004,25.6381],[95.0101,25.6338],[95.0116,25.6226],[95.0003,25.6153],[95.002,25.6025],[94.9954,25.5992],[95.0008,25.5953],[95.0002,25.5713]]}},{"type":"Feature","properties":{"name":"吉格弄曲","major":false},"geometry":{"type":"MultiLineString","coordinates":[[[90.8953,27.9793],[90.944,27.9724],[91.0111,27.9906],[91.0151,27.9718],[91.0344,27.9463],[91.0462,27.9206],[91.0766,27.8954]],[[90.8413,27.9958],[90.8473,27.9864],[90.8671,27.9798],[90.8953,27.9793]],[[91.0833,27.8886],[91.0901,27.8754],[91.0905,27.8525],[91.1046,27.8406]],[[91.0766,27.8954],[91.0833,27.8886]]]}},{"type":"Feature","properties":{"name":"Mangdue Chu","major":false},"geometry":{"type":"MultiLineString","coordinates":[[[90.5018,27.4959],[90.4918,27.4844],[90.4824,27.4558],[90.4653,27.4488],[90.4637,27.4333]],[[90.5902,27.2679],[90.5915,27.2593],[90.6073,27.2432],[90.6251,27.2093],[90.6434,27.1864],[90.6488,27.1867],[90.6586,27.172],[90.6567,27.1664],[90.6649,27.163]],[[90.5342,27.3665],[90.5348,27.3627],[90.554,27.3624],[90.5791,27.3415],[90.581,27.3272],[90.5962,27.297],[90.5954,27.2767],[90.5902,27.2679]],[[90.4637,27.4333],[90.4791,27.4164],[90.4811,27.4081],[90.4905,27.4095],[90.5024,27.4025],[90.5123,27.3936],[90.5111,27.3827],[90.5244,27.3714],[90.5331,27.3711],[90.5342,27.3665]]]}},{"type":"Feature","properties":{"name":"Jorai Nadi","major":false},"geometry":{"type":"LineString","coordinates":[[89.8486,26.5224],[89.8531,26.518],[89.8487,26.505],[89.8363,26.4908],[89.8404,26.4904],[89.8411,26.4793],[89.8329,26.4793],[89.8301,26.4841],[89.8231,26.4685],[89.8254,26.4655],[89.8287,26.4686],[89.8264,26.4607],[89.8338,26.4546],[89.8278,26.4471],[89.8181,26.451],[89.8082,26.4368],[89.8111,26.4337],[89.8136,26.4376],[89.8209,26.4248],[89.8123,26.4237],[89.8127,26.4187],[89.8046,26.4163],[89.8148,26.4143]]}},{"type":"Feature","properties":{"name":"Bhola River","major":false},"geometry":{"type":"MultiLineString","coordinates":[[[91.9851,26.7053],[91.9874,26.6933],[91.978,26.6853],[91.9769,26.6699],[91.972,26.6653],[91.9785,26.657],[91.9661,26.6526],[91.9704,26.6464],[91.9659,26.6413],[91.9718,26.6353],[91.9712,26.6262],[91.9782,26.6222],[91.974,26.6212],[91.9768,26.6172],[91.9732,26.6106],[91.9811,26.5886],[91.9752,26.5664],[91.9956,26.5278],[91.9842,26.5172],[91.9868,26.5047],[91.9832,26.5018],[91.9885,26.5015],[91.989,26.493],[91.9809,26.4935],[91.9857,26.4811],[91.9804,26.4727],[91.9888,26.4616],[91.9836,26.4617],[91.9823,26.4571],[91.9931,26.4543],[91.9967,26.4465],[91.9885,26.4372],[91.9933,26.4352],[91.9906,26.4291],[91.9949,26.4119],[92.0004,26.4042],[92.0099,26.4073],[92.0056,26.4042],[92.0085,26.401],[92.0025,26.3998],[92.0071,26.3941],[92.0121,26.3971],[92.0079,26.3922],[92.0001,26.3925],[92.002,26.3873],[91.9972,26.3925],[91.993,26.3902],[91.9946,26.3837],[91.9878,26.3826],[91.9848,26.3762],[91.9901,26.3736],[91.9854,26.3654],[91.9849,26.3702],[91.9767,26.3691],[91.9739,26.3757],[91.9667,26.3751],[91.9505,26.3572],[91.9452,26.3543],[91.9398,26.3587],[91.9221,26.348],[91.902,26.3049],[91.8686,26.2989],[91.8581,26.2681]],[[91.9653,26.8738],[91.9472,26.8367],[91.9584,26.8045],[91.9663,26.7951],[91.9642,26.772],[91.9832,26.7434],[91.9781,26.7267],[91.9848,26.7187],[91.9818,26.708],[91.9851,26.7053]],[[91.9712,26.8837],[91.9653,26.8738]]]}},{"type":"Feature","properties":{"name":"Khaiara","major":false},"geometry":{"type":"LineString","coordinates":[[91.8635,26.7538],[91.8663,26.7374],[91.8813,26.712],[91.8813,26.6996],[91.8884,26.6944],[91.8891,26.6854],[91.8994,26.6778],[91.8978,26.67]]}},{"type":"Feature","properties":{"name":"Khuga River","major":false},"geometry":{"type":"MultiLineString","coordinates":[[[93.648,24.0822],[93.6355,24.0899],[93.6395,24.0928],[93.6413,24.104],[93.6364,24.1056],[93.6419,24.1156]],[[93.6419,24.1156],[93.6433,24.1231],[93.6317,24.126],[93.6409,24.1329],[93.6347,24.1395],[93.6443,24.1398],[93.6431,24.1511],[93.6466,24.1509],[93.6409,24.1569],[93.6474,24.1577],[93.643,24.163],[93.6489,24.1622],[93.6432,24.1659],[93.6437,24.1713],[93.6493,24.1744],[93.647,24.1772],[93.6521,24.175],[93.6538,24.1832],[93.6486,24.1911],[93.6551,24.1917],[93.6524,24.202],[93.6637,24.2044],[93.6646,24.2082],[93.6597,24.2088],[93.6656,24.2215],[93.6636,24.231],[93.6738,24.2576],[93.6702,24.2682],[93.6778,24.2709],[93.6832,24.2817]],[[93.6832,24.2818],[93.6851,24.3018],[93.6994,24.3089],[93.7123,24.3063],[93.7121,24.3128],[93.7272,24.3271],[93.7185,24.3398],[93.7091,24.3388],[93.7053,24.3473],[93.7146,24.3512],[93.7102,24.3562],[93.7139,24.3587],[93.709,24.3612],[93.715,24.3694]],[[93.715,24.3694],[93.7114,24.3738],[93.7175,24.3804],[93.7133,24.3948],[93.7071,24.3977],[93.7261,24.4263],[93.7448,24.4279],[93.7489,24.4188],[93.7536,24.4193],[93.7502,24.4128],[93.7614,24.4101],[93.7728,24.4199],[93.7774,24.4161],[93.7843,24.4183],[93.7801,24.4303],[93.7908,24.4292],[93.8005,24.4365],[93.8097,24.4312],[93.8233,24.4314],[93.8275,24.4356],[93.8389,24.4286]],[[93.6832,24.2817],[93.6832,24.2818]]]}},{"type":"Feature","properties":{"name":"Tuivel","major":false},"geometry":{"type":"MultiLineString","coordinates":[[[93.5205,24.0083],[93.5207,24.0146],[93.5147,24.0146],[93.5195,24.0227],[93.5145,24.026],[93.5174,24.0288],[93.514,24.0364],[93.52,24.0424],[93.5176,24.0525],[93.5227,24.0627],[93.5169,24.066],[93.5158,24.0886],[93.5233,24.0947],[93.5257,24.1106],[93.5373,24.1325]],[[93.5373,24.1325],[93.541,24.1347],[93.5329,24.1406],[93.5366,24.1464],[93.5316,24.1498],[93.538,24.1581],[93.5323,24.1626]]]}},{"type":"Feature","properties":{"name":"Nijala Nadi","major":false},"geometry":{"type":"LineString","coordinates":[[90.3966,26.9254],[90.4162,26.9099],[90.4175,26.9023],[90.43,26.8894],[90.4238,26.8148],[90.4475,26.7929],[90.4532,26.77],[90.4626,26.7562],[90.4597,26.73],[90.4716,26.7203],[90.4748,26.6991],[90.484,26.6877]]}},{"type":"Feature","properties":{"name":"Nan Maw Chaung","major":false},"geometry":{"type":"LineString","coordinates":[[95.523,24.3273],[95.5132,24.3093],[95.4981,24.3063],[95.4811,24.2787],[95.4736,24.2782],[95.4745,24.271],[95.4632,24.2626],[95.4613,24.2409],[95.4646,24.2356],[95.4701,24.2368],[95.4706,24.2319],[95.4592,24.2294],[95.4541,24.2374],[95.4521,24.2265],[95.459,24.2165],[95.4528,24.213],[95.4525,24.2008],[95.4427,24.1981],[95.4422,24.1901],[95.4281,24.1868],[95.431,24.167],[95.4187,24.1569],[95.4165,24.1426],[95.4027,24.1312],[95.4001,24.1361],[95.3929,24.1328],[95.3919,24.1241],[95.3834,24.1159]]}},{"type":"Feature","properties":{"name":"မမောချောင်း","major":false},"geometry":{"type":"LineString","coordinates":[[95.2525,24.2155],[95.2531,24.2208],[95.2572,24.2175],[95.2693,24.2227],[95.2729,24.2197],[95.2756,24.2236],[95.272,24.2265],[95.2773,24.2298],[95.2787,24.2243],[95.2855,24.2235],[95.286,24.2292],[95.2883,24.2242],[95.3022,24.2251],[95.3058,24.2187],[95.3093,24.2238],[95.313,24.2211],[95.3121,24.2312],[95.3162,24.2173],[95.3235,24.2202],[95.3267,24.2087],[95.3303,24.212],[95.3324,24.2047],[95.3343,24.2083],[95.3405,24.2064],[95.3424,24.1974],[95.3553,24.2073],[95.3635,24.1989],[95.3688,24.2011],[95.3673,24.192],[95.3856,24.1998]]}},{"type":"Feature","properties":{"name":"Dholai River","major":false},"geometry":{"type":"MultiLineString","coordinates":[[[90.4251,24.8586],[90.4847,24.8398],[90.4657,24.864],[90.4889,24.8645],[90.5006,24.8754],[90.5002,24.882],[90.5093,24.8852],[90.5137,24.8995],[90.5056,24.9144],[90.5119,24.9148],[90.5165,24.934],[90.5301,24.9367],[90.5316,24.9427],[90.5437,24.9404],[90.5468,24.9351],[90.5537,24.9411],[90.5534,24.9353],[90.558,24.9334],[90.565,24.9442],[90.5724,24.9448],[90.5824,24.9372],[90.598,24.9407],[90.6117,24.9332],[90.6054,24.928],[90.6107,24.923],[90.6191,24.9195],[90.627,24.9227],[90.6416,24.909],[90.6542,24.9112]],[[90.6493,24.903],[90.6492,24.9029]],[[90.6542,24.9112],[90.6493,24.903]]]}},{"type":"Feature","properties":{"name":"Lomu","major":false},"geometry":{"type":"LineString","coordinates":[[95.1388,26.0711],[95.1307,26.0639],[95.109,26.0654],[95.084,26.0563],[95.0788,26.0502],[95.048,26.0483],[95.026,26.0395],[95.0039,26.0235],[95.0019,26.0123],[94.9868,25.9993],[94.9731,25.9626],[94.9551,25.9681],[94.9412,25.9471],[94.9252,25.9497],[94.9207,25.9443],[94.8897,25.9408],[94.8696,25.9449],[94.8427,25.9296]]}},{"type":"Feature","properties":{"name":"Zunki","major":false},"geometry":{"type":"MultiLineString","coordinates":[[[94.8092,25.8779],[94.8007,25.8595],[94.8064,25.8601],[94.8084,25.8557],[94.8072,25.8459],[94.8114,25.8428],[94.8048,25.8373],[94.8102,25.8362],[94.8065,25.8292],[94.8106,25.8241],[94.7954,25.8244],[94.7933,25.828],[94.787,25.8242],[94.7852,25.8213],[94.7908,25.8181],[94.7799,25.8137],[94.7756,25.8034],[94.7668,25.8013],[94.7556,25.7828]],[[94.9311,26.048],[94.9177,26.0439],[94.9097,26.0359],[94.9088,26.0264],[94.8976,26.0228],[94.8856,26.0115],[94.8884,26.0042],[94.8785,26.0014],[94.8817,25.9962],[94.8601,25.9641],[94.8579,25.9511],[94.8505,25.9381],[94.8446,25.9387],[94.8432,25.9247],[94.8382,25.925],[94.8271,25.9081],[94.829,25.8957],[94.8207,25.8964],[94.8225,25.8921],[94.8088,25.8823],[94.8134,25.8823],[94.8092,25.8779]],[[94.9262,26.0568],[94.9311,26.048]]]}},{"type":"Feature","properties":{"name":"Joklo","major":false},"geometry":{"type":"LineString","coordinates":[[94.782,26.0963],[94.7958,26.0932],[94.7995,26.0847],[94.8131,26.0799],[94.8137,26.0745],[94.8231,26.0746],[94.8246,26.061],[94.8297,26.0603],[94.8268,26.0546],[94.8369,26.0515],[94.8309,26.0384],[94.8415,26.0391],[94.8564,26.0189],[94.8637,26.0154],[94.8699,26.0183],[94.887,26.0056]]}},{"type":"Feature","properties":{"name":"River Dhalai","major":false},"geometry":{"type":"LineString","coordinates":[[91.8836,23.8507],[91.8852,23.8599],[91.8741,23.8815],[91.8756,23.8896],[91.8704,23.8917],[91.8722,23.899],[91.8637,23.9127],[91.852,23.9165],[91.851,23.93],[91.8411,23.9312],[91.8353,23.9449],[91.8444,23.9562],[91.8426,23.9645],[91.8356,23.9696],[91.841,23.9734],[91.8341,23.9767],[91.8404,23.9824],[91.8408,23.9941],[91.8309,24.004],[91.8439,24.0148],[91.8456,24.0313],[91.8335,24.0457],[91.8332,24.0561],[91.8407,24.0616],[91.8377,24.0703],[91.8416,24.0771],[91.8273,24.0842],[91.8243,24.1004],[91.8328,24.1141],[91.8235,24.1143],[91.8223,24.1311]]}},{"type":"Feature","properties":{"name":"Teirei","major":false},"geometry":{"type":"LineString","coordinates":[[92.44,23.7778],[92.44,23.7841],[92.4303,23.7791],[92.4205,23.7848],[92.4064,23.8042],[92.4076,23.8136],[92.3986,23.821],[92.4238,23.8295],[92.4249,23.8484],[92.4164,23.8659],[92.4211,23.8732],[92.4158,23.8727],[92.4115,23.8801],[92.4247,23.8856],[92.4292,23.9012],[92.4154,23.9099],[92.4171,23.9169],[92.424,23.9177],[92.4226,23.9241],[92.413,23.9299],[92.4217,23.9387],[92.4145,23.9476],[92.4288,23.9602],[92.4278,23.9741],[92.433,23.9771],[92.425,23.9835],[92.4377,23.9872],[92.4499,24],[92.4526,24.006],[92.4455,24.0159],[92.4588,24.025],[92.463,24.0415],[92.4702,24.0436],[92.4697,24.0605],[92.4645,24.0629],[92.4704,24.0684],[92.4671,24.077],[92.4789,24.0989],[92.4704,24.1016],[92.4853,24.1227],[92.4897,24.1343],[92.4865,24.1373],[92.4947,24.1421],[92.4977,24.152],[92.4995,24.1477],[92.5041,24.1526],[92.5006,24.1578],[92.5069,24.1644],[92.5035,24.1679],[92.5123,24.1704],[92.5167,24.1793],[92.5253,24.1715],[92.5348,24.1805]]}},{"type":"Feature","properties":{"name":"Chakpi River","major":false},"geometry":{"type":"LineString","coordinates":[[94.1191,24.3489],[94.1138,24.3483],[94.1068,24.3366],[94.0857,24.3349],[94.0843,24.3247],[94.0676,24.3228],[94.0681,24.3258],[94.0568,24.3176],[94.0446,24.319],[94.0407,24.3129],[94.0372,24.3184],[94.017,24.3206],[94.0176,24.3268],[94.0132,24.3283],[93.9993,24.3294],[93.9997,24.3241],[93.9911,24.3252],[93.9918,24.3159],[93.98,24.3145],[93.9709,24.2995],[93.9755,24.2944],[93.9695,24.2901],[93.9602,24.2926],[93.9635,24.2916],[93.9603,24.2868],[93.9392,24.2688],[93.9439,24.266],[93.9342,24.265],[93.9386,24.2552],[93.9264,24.2468],[93.9305,24.2424],[93.926,24.238],[93.9297,24.2329],[93.9267,24.2248],[93.9332,24.2237],[93.9291,24.2185],[93.937,24.2159],[93.9365,24.2088],[93.9472,24.2044],[93.9421,24.1925],[93.9301,24.1961],[93.9154,24.1912],[93.915,24.2008],[93.8904,24.2111],[93.8951,24.2198],[93.8928,24.2276],[93.9025,24.2402],[93.8935,24.243],[93.8881,24.2625],[93.8808,24.2603],[93.8815,24.2682],[93.8719,24.2729]]}},{"type":"Feature","properties":{"name":"Sangu Lok","major":false},"geometry":{"type":"LineString","coordinates":[[94.2193,25.4528],[94.2186,25.4467],[94.2083,25.4405],[94.1736,25.4363],[94.1688,25.4126],[94.1649,25.4158],[94.1583,25.4063],[94.1507,25.4102],[94.1543,25.4043],[94.1422,25.3961],[94.1095,25.3904],[94.1077,25.3836],[94.0943,25.3739],[94.098,25.3673],[94.0956,25.3478],[94.0902,25.3484],[94.0881,25.34],[94.0823,25.3422],[94.0853,25.3362],[94.074,25.3271],[94.0642,25.3284],[94.0654,25.3159],[94.0402,25.3046]]}},{"type":"Feature","properties":{"name":"Nukhi Lok","major":false},"geometry":{"type":"MultiLineString","coordinates":[[[94.0127,25.2408],[94.018,25.2633],[94.0277,25.271],[94.0301,25.2832],[94.0412,25.296],[94.0402,25.3046]],[[94.0015,25.2218],[94.0127,25.2408]]]}},{"type":"Feature","properties":{"name":"Thoubal River","major":false},"geometry":{"type":"LineString","coordinates":[[94.097,24.6911],[94.0922,24.6936],[94.087,24.6862],[94.0859,24.6926],[94.0749,24.6834],[94.0628,24.686],[94.0603,24.6815],[94.049,24.6818],[94.0388,24.6775],[94.0379,24.6701],[94.0335,24.6744],[94.0326,24.6685],[94.026,24.6757],[94.0246,24.6672],[94.0188,24.6694],[94.0208,24.658],[94.012,24.6567],[94.0111,24.6513],[93.9922,24.6416],[93.9847,24.6459],[93.9843,24.6525],[93.9773,24.6501],[93.9827,24.6599],[93.9726,24.6614],[93.9677,24.6596],[93.9659,24.6508],[93.9463,24.6471],[93.9445,24.6359],[93.9388,24.638],[93.932,24.6317],[93.9254,24.6362],[93.93,24.6392],[93.9258,24.645],[93.9188,24.6398]]}},{"type":"Feature","properties":{"name":"Umtru River","major":false},"geometry":{"type":"LineString","coordinates":[[91.8129,25.7038],[91.8155,25.7207],[91.8084,25.7337],[91.7819,25.7322],[91.7826,25.7378],[91.7719,25.7388],[91.7713,25.7445],[91.7657,25.7428],[91.766,25.7555],[91.78,25.7638],[91.7894,25.7862],[91.7766,25.7954],[91.7688,25.8116],[91.7499,25.8251],[91.7386,25.8424],[91.7364,25.8606],[91.7896,25.8863],[91.7698,25.9075],[91.7761,25.931],[91.7567,25.9487],[91.7574,25.9552],[91.7829,25.9891],[91.7978,25.9942],[91.7966,26.0012],[91.8191,26.0082],[91.8416,26.0222]]}},{"type":"Feature","properties":{"name":"Um Lew","major":false},"geometry":{"type":"MultiLineString","coordinates":[[[92.0478,25.6792],[92.0568,25.6762],[92.0566,25.656],[92.0821,25.6379],[92.1147,25.6471],[92.1396,25.6737],[92.1508,25.6705]],[[91.9989,25.4873],[92.0338,25.4947],[92.0521,25.49],[92.0589,25.4969]]]}},{"type":"Feature","properties":{"name":"Ijai River","major":false},"geometry":{"type":"LineString","coordinates":[[93.7331,24.8582],[93.7204,24.8444],[93.7205,24.8251],[93.7029,24.8183],[93.6992,24.8211],[93.6982,24.8157],[93.6902,24.8155],[93.6854,24.8073],[93.6611,24.7916],[93.653,24.7982],[93.6284,24.8433],[93.6263,24.8604]]}},{"type":"Feature","properties":{"name":"Tupul River","major":false},"geometry":{"type":"LineString","coordinates":[[93.6905,24.6727],[93.6791,24.7003],[93.6779,24.7164],[93.6711,24.7249],[93.6668,24.7449],[93.6699,24.7674],[93.6609,24.7917]]}},{"type":"Feature","properties":{"name":"Selin River","major":false},"geometry":{"type":"LineString","coordinates":[[94.2493,28.2544],[94.2306,28.2459],[94.2236,28.2365],[94.2121,28.2432],[94.2081,28.2418],[94.2092,28.237],[94.2052,28.2409],[94.1956,28.239],[94.1792,28.2271],[94.164,28.2258],[94.158,28.2314]]}},{"type":"Feature","properties":{"name":"Kamla River","major":false},"geometry":{"type":"LineString","coordinates":[[93.9256,27.8196],[93.9504,27.7938],[93.9635,27.793],[93.9927,27.7644],[94.0375,27.7487],[94.0471,27.7537],[94.0684,27.7503],[94.1056,27.7539],[94.1332,27.7622],[94.1465,27.7744],[94.1987,27.7667],[94.2125,27.7726],[94.2562,27.7666],[94.3041,27.7827],[94.3166,27.7742]]}},{"type":"Feature","properties":{"name":"塔帕河","major":false},"geometry":{"type":"LineString","coordinates":[[93.1392,28.3156],[93.1479,28.2981],[93.1618,28.2862],[93.1593,28.2712],[93.1729,28.2556],[93.1759,28.2448],[93.2023,28.2275],[93.2019,28.2092],[93.208,28.203],[93.2093,28.1858],[93.2016,28.1646]]}},{"type":"Feature","properties":{"name":"Par Nadi River","major":false},"geometry":{"type":"MultiLineString","coordinates":[[[93.3456,27.2304],[93.3593,27.2219],[93.3565,27.2172],[93.3629,27.2192],[93.3679,27.213],[93.3898,27.2178],[93.3993,27.2124],[93.4206,27.2264]],[[93.3091,27.2316],[93.3404,27.2262],[93.3456,27.2304]]]}},{"type":"Feature","properties":{"name":"Umiam River","major":false},"geometry":{"type":"MultiLineString","coordinates":[[[92.1675,25.837],[92.1806,25.8578],[92.178,25.8731],[92.1995,25.8902],[92.212,25.8941],[92.2258,25.9099],[92.2197,25.9125],[92.2018,25.9073],[92.1942,25.9119],[92.195,25.9192],[92.1759,25.9078],[92.1541,25.9117],[92.1603,25.9291],[92.152,25.9452],[92.1637,25.9583],[92.1632,25.9697],[92.1797,25.9788],[92.181,25.9854],[92.1996,25.9891],[92.1975,25.995],[92.2042,26.0015],[92.2092,25.998],[92.2124,26.0047],[92.2343,26.0094],[92.2434,26.0213],[92.2645,26.0345],[92.2611,26.0419],[92.2687,26.043],[92.2697,26.0489],[92.2628,26.0562],[92.2842,26.0713],[92.2855,26.0817],[92.2816,26.085],[92.2876,26.098],[92.2781,26.1106],[92.2701,26.1078],[92.2658,26.1131],[92.2763,26.1204],[92.2848,26.1189],[92.2825,26.1339],[92.3013,26.1507]],[[92.0154,25.7443],[92.0213,25.7547],[92.0389,25.7609],[92.039,25.7668],[92.0507,25.77],[92.073,25.7867],[92.0773,25.7847],[92.097,25.7999],[92.1171,25.8002],[92.1187,25.8059],[92.1307,25.8083],[92.1435,25.8071],[92.1497,25.8012],[92.1507,25.8173],[92.1618,25.8211],[92.1622,25.8365],[92.1675,25.837]],[[91.8998,25.6595],[91.9079,25.6581],[91.9204,25.6644],[91.9206,25.6693],[91.9403,25.6745],[91.9536,25.6873],[91.9505,25.6818],[91.9567,25.6801],[91.9592,25.6879],[91.975,25.6876],[91.9897,25.7101],[92.0057,25.7201],[92.0113,25.735],[91.9977,25.7347],[92.002,25.7429],[92.0154,25.7443]]]}},{"type":"Feature","properties":{"name":"Tengapani River","major":false},"geometry":{"type":"LineString","coordinates":[[95.9834,27.7743],[95.957,27.7802],[95.9438,27.7739],[95.9518,27.7668],[95.9395,27.7683],[95.9121,27.7525],[95.882,27.759],[95.8771,27.7714],[95.8696,27.774],[95.8127,27.756],[95.8017,27.7485],[95.7714,27.7462],[95.7365,27.7531],[95.704,27.7702],[95.6933,27.7821],[95.647,27.796],[95.6268,27.7949]]}},{"type":"Feature","properties":{"name":"Merakhong River","major":false},"geometry":{"type":"LineString","coordinates":[[93.8353,24.8256],[93.8334,24.8121],[93.8503,24.8081],[93.8625,24.7963],[93.8619,24.7621],[93.8785,24.7502],[93.8719,24.7397],[93.875,24.7268],[93.8688,24.7164],[93.8498,24.7164],[93.8435,24.6884],[93.8505,24.688],[93.844,24.6694],[93.8018,24.6465]]}},{"type":"Feature","properties":{"name":"Leimakhong river","major":false},"geometry":{"type":"LineString","coordinates":[[93.8027,25.0009],[93.8121,24.978],[93.8352,24.9594],[93.8353,24.9512],[93.8625,24.9327],[93.8843,24.902],[93.8928,24.9012],[93.9029,24.8877]]}},{"type":"Feature","properties":{"name":"Daga Chhu","major":false},"geometry":{"type":"MultiLineString","coordinates":[[[89.8415,27.1445],[89.8508,27.132],[89.8545,27.1172],[89.872,27.1066],[89.8754,27.0845],[89.8978,27.0723],[89.8969,27.0654]],[[89.9201,27.0366],[89.9313,27.0261],[89.931,27.0079],[89.9418,26.9993],[89.9515,26.9651],[89.9716,26.9604],[89.9895,26.9487],[89.9952,26.9518],[90.0138,26.9486],[90.0416,26.9276]],[[89.8969,27.0654],[89.9194,27.0423],[89.9199,27.0367]]]}},{"type":"Feature","properties":{"name":"河流G2","major":false},"geometry":{"type":"LineString","coordinates":[[93.2557,27.8582],[93.2654,27.8631],[93.2723,27.8757],[93.2962,27.8872],[93.2963,27.8921],[93.3197,27.899],[93.3191,27.9049]]}},{"type":"Feature","properties":{"name":"Kurung River","major":false},"geometry":{"type":"MultiLineString","coordinates":[[[93.1867,27.9528],[93.1995,27.952],[93.221,27.96],[93.2534,27.9476],[93.2687,27.9484],[93.2854,27.9299],[93.2978,27.9236],[93.3049,27.9114],[93.3191,27.9049]],[[93.5543,27.8068],[93.564,27.8038],[93.5878,27.8096],[93.5957,27.8059],[93.6041,27.7931],[93.6063,27.7742],[93.6155,27.7624],[93.6331,27.7481],[93.6504,27.7465],[93.6962,27.758],[93.721,27.7547],[93.7353,27.7664],[93.7731,27.7678],[93.8156,27.7825],[93.8447,27.7806],[93.8786,27.7935],[93.8807,27.7999],[93.9013,27.7987],[93.9183,27.8086],[93.9256,27.8196]],[[93.1371,27.946],[93.142,27.9497],[93.1616,27.9443],[93.1867,27.9528]],[[93.0367,27.9632],[93.0614,27.958],[93.068,27.9467],[93.101,27.9539],[93.1371,27.946]],[[93.3191,27.9049],[93.3277,27.8993],[93.3425,27.8999],[93.3439,27.8949],[93.3691,27.9006],[93.3788,27.8956],[93.3882,27.9],[93.4199,27.8916],[93.4318,27.8942],[93.4615,27.8712],[93.4837,27.864],[93.5037,27.8459],[93.5049,27.8399],[93.5191,27.8354],[93.5254,27.8233],[93.5543,27.8068]]]}},{"type":"Feature","properties":{"name":"Siku River","major":false},"geometry":{"type":"LineString","coordinates":[[95.4244,28.2893],[95.4292,28.2835],[95.4212,28.2635],[95.4324,28.2456],[95.4364,28.2269],[95.432,28.2095],[95.4028,28.1751],[95.3818,28.1609],[95.3785,28.1371],[95.3707,28.1323],[95.3618,28.1154],[95.3315,28.0942],[95.3316,28.0887]]}},{"type":"Feature","properties":{"name":"Dibang River","major":false},"geometry":{"type":"LineString","coordinates":[[95.7732,28.3576],[95.7765,28.326],[95.7556,28.3286],[95.7416,28.3098],[95.7007,28.281],[95.6998,28.2332],[95.6879,28.2096],[95.6794,28.1712],[95.6882,28.1621],[95.6763,28.1413],[95.6782,28.1222],[95.6719,28.1104],[95.6784,28.0849],[95.6623,28.0464],[95.6681,28.018],[95.6612,28.008],[95.6525,27.9615],[95.635,27.9448],[95.6372,27.9042],[95.6105,27.8823],[95.5839,27.8272],[95.5686,27.8124],[95.5571,27.8077],[95.5114,27.814],[95.4862,27.796],[95.4728,27.7925]]}},{"type":"Feature","properties":{"name":"西巴霞曲","major":false},"geometry":{"type":"MultiLineString","coordinates":[[[92.7384,28.3649],[92.7269,28.334],[92.744,28.2971]],[[92.744,28.2971],[92.7578,28.3004],[92.7757,28.2904],[92.7883,28.2903],[92.8019,28.2967],[92.8209,28.295],[92.8251,28.3016],[92.8601,28.2928],[92.8681,28.2967],[92.8797,28.3143],[92.9389,28.34],[92.9632,28.3403],[93.0041,28.3696],[93.02,28.3679]]]}},{"type":"Feature","properties":{"name":"Kurung","major":false},"geometry":{"type":"MultiLineString","coordinates":[[[92.8607,28.026],[92.8678,28.0125],[92.8997,28.0081],[92.9118,27.9957],[92.92,27.9954],[92.928,27.988],[92.9503,27.9937]],[[92.9503,27.9937],[92.9788,27.9791],[93.0026,27.977],[93.0367,27.9632]]]}},{"type":"Feature","properties":{"name":"Para River","major":false},"geometry":{"type":"LineString","coordinates":[[93.1421,27.7293],[93.14,27.7101],[93.135,27.7115],[93.1325,27.7028],[93.1115,27.6905],[93.1152,27.6834],[93.1038,27.6871],[93.092,27.6673],[93.0839,27.6641],[93.0806,27.6487],[93.0684,27.6457],[93.0547,27.6505],[93.043,27.639]]}},{"type":"Feature","properties":{"name":"Tsona Chu / Nyukcherong","major":false},"geometry":{"type":"LineString","coordinates":[[92.0404,27.7223],[92.0242,27.6706],[92.0092,27.6546],[92.0055,27.6434],[92.0054,27.6289],[92.0128,27.621]]}},{"type":"Feature","properties":{"name":"Mangde Chhu","major":false},"geometry":{"type":"MultiLineString","coordinates":[[[90.4719,27.9603],[90.4576,27.9286],[90.4599,27.8904],[90.4745,27.8584],[90.4939,27.8402],[90.4927,27.8156],[90.5042,27.8067],[90.4997,27.7939]],[[90.4997,27.7939],[90.5036,27.7835],[90.4993,27.7543],[90.4927,27.7443],[90.4905,27.7193],[90.4808,27.6886],[90.4822,27.6812],[90.4947,27.6683],[90.4893,27.6534],[90.4936,27.6487],[90.4895,27.631],[90.5045,27.6232],[90.4972,27.6127],[90.5013,27.5897],[90.4887,27.5816],[90.4885,27.5747],[90.4673,27.5654],[90.4524,27.566],[90.4437,27.5552],[90.4481,27.5367],[90.4658,27.512],[90.4788,27.5017],[90.5018,27.4959]]]}},{"type":"Feature","properties":{"name":"বৈরান নদী","major":false},"geometry":{"type":"LineString","coordinates":[[89.8979,24.6789],[89.9031,24.6724],[89.9026,24.677],[89.9131,24.6771],[89.9185,24.6841],[89.9231,24.6778],[89.919,24.674],[89.9288,24.6712],[89.9344,24.6637],[89.9323,24.6517],[89.9145,24.6321],[89.9268,24.6215],[89.93,24.6125],[89.9433,24.6125],[89.9446,24.6064],[89.9404,24.6081],[89.9399,24.6032],[89.9494,24.5927],[89.9374,24.5786],[89.9426,24.5734],[89.9268,24.5687],[89.9289,24.5526],[89.9237,24.5465],[89.9176,24.5474],[89.9102,24.5366],[89.9187,24.5238],[89.8997,24.4892]]}},{"type":"Feature","properties":{"name":"Pho Chu","major":false},"geometry":{"type":"LineString","coordinates":[[90.0085,27.9089],[90.0155,27.8896],[90.0313,27.8745],[90.0441,27.853],[90.0354,27.8394],[90.0377,27.7732],[89.9919,27.7354],[89.987,27.7038],[89.9668,27.6799],[89.9406,27.6751],[89.9298,27.6842],[89.9189,27.6863],[89.9066,27.678],[89.9006,27.6671],[89.8682,27.6503],[89.8639,27.6334],[89.8691,27.6091],[89.8746,27.6029],[89.866,27.5781]]}},{"type":"Feature","properties":{"name":"Ngera Ama Chu","major":false},"geometry":{"type":"MultiLineString","coordinates":[[[91.7144,27.1347],[91.702,27.1268],[91.6963,27.1311],[91.6845,27.1274],[91.639,27.0965],[91.621,27.0998],[91.6074,27.0892],[91.5917,27.1049]],[[91.5917,27.1049],[91.5838,27.1024],[91.5807,27.0922],[91.5731,27.0928],[91.5665,27.087],[91.5653,27.0781],[91.5436,27.0547],[91.5639,27.0413],[91.5684,27.0298],[91.5636,27.0169],[91.5524,27.0061],[91.5514,26.9894],[91.5931,26.9677],[91.5968,26.9595],[91.6109,26.9603],[91.6163,26.9511],[91.6139,26.94],[91.6181,26.9389],[91.6292,26.905],[91.6476,26.9093],[91.6529,26.9046],[91.673,26.9165],[91.671,26.9232],[91.681,26.9211],[91.6789,26.9077],[91.6929,26.8956],[91.6924,26.881],[91.7026,26.8602]]]}},{"type":"Feature","properties":{"name":"Shangri Chu","major":false},"geometry":{"type":"LineString","coordinates":[[91.9055,27.2837],[91.8822,27.2986],[91.8666,27.3021],[91.8494,27.2943],[91.8348,27.2966],[91.8255,27.3052],[91.7863,27.3129],[91.7428,27.2935],[91.7264,27.2718],[91.7261,27.2521],[91.7333,27.2269],[91.7273,27.1965],[91.7146,27.1918],[91.7007,27.1689],[91.7024,27.1516],[91.7112,27.1446],[91.7144,27.1347]]}},{"type":"Feature","properties":{"name":"Dem Ri","major":false},"geometry":{"type":"LineString","coordinates":[[91.4205,27.1147],[91.4025,27.0969],[91.3995,27.1027],[91.3841,27.1081],[91.3736,27.104],[91.3726,27.0918],[91.3765,27.0903],[91.3696,27.0825],[91.3652,27.085],[91.3526,27.0789],[91.3419,27.0825]]}},{"type":"Feature","properties":{"name":"ঝিনাই নদী","major":false},"geometry":{"type":"LineString","coordinates":[[90.0566,24.3334],[90.054,24.3362],[90.0529,24.3312],[90.0424,24.332],[90.0383,24.3267],[90.0348,24.3296],[90.0324,24.3626],[90.0179,24.3643],[90.0161,24.3827],[90.0055,24.3934],[89.9709,24.3902],[89.9601,24.3967],[89.9603,24.4103],[89.9556,24.4099],[89.9535,24.4207],[89.9357,24.4314],[89.9187,24.451],[89.9206,24.4589],[89.9142,24.4727],[89.9237,24.4793],[89.9181,24.4855],[89.9206,24.4912],[89.9098,24.487],[89.8988,24.4893],[89.886,24.4815],[89.8806,24.4841],[89.8864,24.497],[89.8923,24.4972],[89.8943,24.5083],[89.8844,24.5112],[89.8884,24.5184],[89.8835,24.5204],[89.8874,24.5344],[89.9083,24.548],[89.8962,24.5485],[89.8795,24.5592],[89.8855,24.562],[89.892,24.558],[89.8804,24.57],[89.8933,24.5765],[89.88,24.5884],[89.8762,24.5835],[89.8704,24.587],[89.8736,24.6032],[89.8801,24.604],[89.8794,24.6083],[89.8701,24.6103],[89.8568,24.6253],[89.8632,24.634],[89.843,24.641],[89.8461,24.6458],[89.8602,24.6444],[89.8697,24.6492],[89.8652,24.6625],[89.8778,24.6799],[89.8894,24.6743],[89.8985,24.6814],[89.8919,24.6998],[89.8739,24.7117],[89.8792,24.7244],[89.8774,24.7324],[89.8598,24.7356],[89.8468,24.7533],[89.8506,24.7598],[89.8636,24.7565],[89.8659,24.7615],[89.8578,24.7647],[89.8525,24.7799],[89.8424,24.7771]]}},{"type":"Feature","properties":{"name":"查莫河","major":false},"geometry":{"type":"LineString","coordinates":[[92.0383,26.9748],[92.039,26.968],[92.0622,26.9619],[92.0639,26.956],[92.0864,26.943],[92.0932,26.946],[92.109,26.9391],[92.1051,26.9227],[92.116,26.8938]]}},{"type":"Feature","properties":{"name":"Chumo Chu","major":false},"geometry":{"type":"LineString","coordinates":[[91.9434,27.1005],[91.9544,27.0894],[91.9491,27.0776],[91.9611,27.0682],[91.9627,27.0593],[91.9688,27.0567],[91.983,27.0648],[91.9914,27.0603],[91.9978,27.0484],[91.9979,27.0148],[92.0137,27.0059],[92.0213,26.9873],[92.0383,26.9748]]}},{"type":"Feature","properties":{"name":"Nampuk Hka","major":false},"geometry":{"type":"LineString","coordinates":[[95.7573,26.5977],[95.7518,26.5932],[95.7574,26.5856],[95.7519,26.563],[95.7547,26.5588],[95.7273,26.5366],[95.7022,26.5028],[95.6902,26.5079],[95.682,26.4908],[95.6744,26.4918],[95.6704,26.4833]]}},{"type":"Feature","properties":{"name":"Taga Hka","major":false},"geometry":{"type":"LineString","coordinates":[[96.145,26.7762],[96.1447,26.7652],[96.1186,26.7632],[96.1004,26.7566],[96.0933,26.7491],[96.0694,26.7392],[96.0581,26.7178],[96.039,26.7158]]}},{"type":"Feature","properties":{"name":"Tsiwang Yü","major":false},"geometry":{"type":"MultiLineString","coordinates":[[[96.039,26.7158],[96.0307,26.6994],[96.0325,26.6883],[96.0161,26.6731],[96.0137,26.6601],[96.0223,26.6546]],[[96.0223,26.6546],[96.0342,26.6478],[96.0349,26.6358],[96.025,26.6207],[96.0026,26.6054],[95.9976,26.5893],[95.9809,26.5819],[95.9877,26.5654],[95.979,26.5659],[95.9746,26.5559],[95.9812,26.5548],[95.9825,26.5447],[95.9786,26.5447],[95.9842,26.5418],[95.9842,26.5301],[95.9941,26.5319],[95.9975,26.5189],[96.0053,26.52],[96.0056,26.503],[96.015,26.505],[96.0095,26.4984],[96.0135,26.4916],[96.0271,26.4923],[96.0329,26.4857],[96.0373,26.4876],[96.0376,26.4823],[96.0443,26.4844],[96.0459,26.4794],[96.0583,26.4784],[96.058,26.4847],[96.0711,26.4872],[96.0774,26.4835],[96.0728,26.4784],[96.0871,26.4683],[96.0794,26.4644],[96.0848,26.4599],[96.0765,26.4627],[96.0735,26.4578],[96.0869,26.4534],[96.0852,26.4504]]]}},{"type":"Feature","properties":{"name":"Takyem Hka","major":false},"geometry":{"type":"LineString","coordinates":[[96.0372,27.1267],[96.0455,27.1409],[96.0834,27.1482],[96.0818,27.1531],[96.088,27.1531],[96.0873,27.1591],[96.0994,27.1661],[96.0972,27.1696],[96.105,27.1735],[96.1039,27.178],[96.1155,27.1789],[96.1173,27.1834],[96.1203,27.1801],[96.128,27.1888],[96.1328,27.1857],[96.1376,27.1991],[96.1423,27.1973],[96.1468,27.2064],[96.1546,27.2061]]}},{"type":"Feature","properties":{"name":"Zangthi Ri","major":false},"geometry":{"type":"LineString","coordinates":[[92.0161,27.1562],[91.9984,27.142],[91.9895,27.1441],[91.9869,27.1407],[91.9768,27.1459],[91.9725,27.1335],[91.9677,27.1347],[91.9658,27.1287],[91.9604,27.1278],[91.9615,27.1202],[91.953,27.1041],[91.9434,27.1005]]}},{"type":"Feature","properties":{"name":"Tai Yong Yu","major":false},"geometry":{"type":"MultiLineString","coordinates":[[[96.0342,27.0555],[96.0296,27.041],[96.0389,27.0295],[96.0405,26.9963],[96.0455,26.9878],[96.0558,26.9892]],[[96.0558,26.9892],[96.0737,26.9884],[96.0758,26.9921],[96.0803,26.9888],[96.0862,26.9948],[96.1036,26.9944]]]}},{"type":"Feature","properties":{"name":"Ta Hkam Hka","major":false},"geometry":{"type":"LineString","coordinates":[[96.0979,26.9126],[96.1481,26.9425],[96.1675,26.9385],[96.1868,26.956]]}},{"type":"Feature","properties":{"name":"Jyonkhar","major":false},"geometry":{"type":"LineString","coordinates":[[91.9513,27.3008],[91.939,27.3036],[91.9332,27.3108],[91.9268,27.3348],[91.9279,27.3735],[91.9196,27.3844],[91.9016,27.3919],[91.8941,27.4037],[91.8844,27.4053],[91.8761,27.4131]]}},{"type":"Feature","properties":{"name":"Namchik River","major":false},"geometry":{"type":"LineString","coordinates":[[95.9084,27.1018],[95.9161,27.1037],[95.9213,27.1151],[95.9268,27.1172],[95.9267,27.1411],[95.9167,27.1479],[95.9198,27.1527],[95.9089,27.1658],[95.9074,27.1762],[95.913,27.2044],[95.9245,27.2101],[95.926,27.2183],[95.9344,27.2235],[95.9283,27.2292],[95.9387,27.2283],[95.9377,27.2393],[95.9521,27.2565],[95.9555,27.2548],[95.9632,27.2631],[95.9645,27.2562],[95.9709,27.2572],[95.9926,27.279],[95.9874,27.2803],[95.9921,27.2875],[96.0009,27.287],[96.0032,27.2934],[96.0116,27.2925],[96.0147,27.2851],[96.0244,27.2873],[96.0275,27.2936],[96.0352,27.2881],[96.0486,27.2997],[96.0474,27.3091],[96.0577,27.3144],[96.0569,27.3218],[96.0485,27.3266],[96.0514,27.3325],[96.044,27.3445],[96.0344,27.3439],[96.0334,27.3491],[96.0164,27.3537],[96.0134,27.3602],[96.0184,27.3637],[96.0038,27.3742],[95.9975,27.395],[95.9845,27.4063],[95.9843,27.412]]}},{"type":"Feature","properties":{"name":"Nampuk","major":false},"geometry":{"type":"LineString","coordinates":[[95.7592,26.6903],[95.7522,26.6797],[95.7649,26.6734],[95.7637,26.6663],[95.7738,26.6592],[95.7698,26.6262],[95.7578,26.6082],[95.7573,26.5977]]}},{"type":"Feature","properties":{"name":"Jili Hka","major":false},"geometry":{"type":"MultiLineString","coordinates":[[[95.8189,26.7837],[95.81,26.7713],[95.8113,26.7642],[95.8002,26.7502],[95.7945,26.7505],[95.7964,26.7445],[95.7856,26.7343],[95.7811,26.7105],[95.7642,26.7004],[95.7592,26.6903]],[[95.9181,26.917],[95.8983,26.9022],[95.8603,26.8481],[95.8514,26.8454],[95.8384,26.8121],[95.8259,26.8027],[95.8189,26.7837]]]}},{"type":"Feature","properties":{"name":"Jichal Hka","major":false},"geometry":{"type":"MultiLineString","coordinates":[[[95.8755,26.9397],[95.8664,26.9237],[95.8685,26.9135],[95.8546,26.9009],[95.8328,26.898],[95.8253,26.8851],[95.8278,26.8808]],[[95.8278,26.8808],[95.832,26.8688],[95.846,26.8632],[95.8423,26.8562]]]}},{"type":"Feature","properties":{"name":"Khasan River","major":false},"geometry":{"type":"MultiLineString","coordinates":[[[96.0909,27.459],[96.0879,27.4553],[96.0781,27.4571],[96.0564,27.4421],[96.045,27.4471],[96.0393,27.4417],[96.0334,27.444],[96.0348,27.439],[96.0252,27.443],[96.0211,27.4389],[96.0116,27.4413],[96.0094,27.4354],[96.0039,27.4408],[95.9892,27.4393],[95.9755,27.4246],[95.9699,27.4282]],[[96.0979,27.46],[96.0909,27.459]]]}},{"type":"Feature","properties":{"name":"Titas River","major":false},"geometry":{"type":"MultiLineString","coordinates":[[[91.165,24.0939],[91.1477,24.1128],[91.1493,24.1209],[91.1425,24.1246],[91.1416,24.1397],[91.0907,24.1492],[91.0775,24.1582],[91.0738,24.1512],[91.0733,24.1621],[91.0625,24.1673],[91.0449,24.1644],[91.0425,24.1566],[91.0559,24.1379],[91.049,24.1097]],[[91.1559,24.0975],[91.1925,24.0847],[91.2041,24.0961],[91.1977,24.0992],[91.1982,24.1083],[91.2268,24.1096],[91.2456,24.1161],[91.2555,24.1125],[91.2479,24.0751],[91.231,24.0615],[91.2086,24.054]]]}},{"type":"Feature","properties":{"name":"Kalia Chara","major":false},"geometry":{"type":"LineString","coordinates":[[92.7212,24.6123],[92.7133,24.6221],[92.7123,24.6408],[92.7165,24.6732],[92.7234,24.6834],[92.7198,24.6936],[92.7244,24.7094]]}},{"type":"Feature","properties":{"name":"Khirak River","major":false},"geometry":{"type":"MultiLineString","coordinates":[[[90.2432,24.6678],[90.2489,24.6637],[90.2505,24.6513],[90.2592,24.6472],[90.2689,24.6277],[90.2837,24.6173],[90.2849,24.6115]],[[90.2364,24.6685],[90.2432,24.6678]]]}},{"type":"Feature","properties":{"name":"Chel Akhali River","major":false},"geometry":{"type":"LineString","coordinates":[[90.1766,25.3031],[90.1706,25.298],[90.1759,25.2932],[90.1679,25.29],[90.1707,25.2858],[90.1791,25.2876],[90.1754,25.2846],[90.1791,25.2803],[90.1732,25.2693],[90.1697,25.2746],[90.1648,25.2728],[90.1791,25.2623],[90.1774,25.2572],[90.1847,25.2489],[90.1739,25.2446],[90.1752,25.2208],[90.1825,25.2187],[90.1744,25.2089],[90.1794,25.2051],[90.1755,25.1945],[90.1623,25.1898],[90.163,25.1811],[90.152,25.1774],[90.1566,25.1514],[90.1478,25.1353],[90.1562,25.1249],[90.151,25.1197],[90.154,25.1145],[90.1492,25.1038],[90.1396,25.0967],[90.1463,25.0752],[90.1342,25.0719],[90.1373,25.0647],[90.1319,25.0579]]}},{"type":"Feature","properties":{"name":"Hama River","major":false},"geometry":{"type":"MultiLineString","coordinates":[[[93.6376,28.2944],[93.645,28.2786],[93.6566,28.2759],[93.6659,28.2565],[93.6613,28.2483],[93.6636,28.2351],[93.6556,28.2219],[93.6568,28.2068],[93.6508,28.1963]],[[93.6508,28.1963],[93.6494,28.1858],[93.6647,28.1521],[93.6638,28.1318],[93.653,28.1216],[93.6508,28.1001]],[[93.6508,28.1001],[93.6573,28.0743],[93.6431,28.0571]]]}},{"type":"Feature","properties":{"name":"Pau River","major":false},"geometry":{"type":"LineString","coordinates":[[93.5319,28.1485],[93.5905,28.1008],[93.6022,28.0813],[93.6316,28.0698],[93.6431,28.0571]]}},{"type":"Feature","properties":{"name":"Chomoh","major":false},"geometry":{"type":"LineString","coordinates":[[93.5636,28.2338],[93.5628,28.1876],[93.5509,28.1735],[93.5493,28.1634],[93.5346,28.1548],[93.5319,28.1485]]}},{"type":"Feature","properties":{"name":"Lokchao River","major":false},"geometry":{"type":"MultiLineString","coordinates":[[[94.2292,24.3196],[94.2238,24.3121],[94.2296,24.3082],[94.2289,24.2968],[94.2381,24.2842],[94.2353,24.2765],[94.2417,24.2746],[94.2423,24.2688],[94.2464,24.2707],[94.2453,24.2668],[94.2517,24.267],[94.2502,24.2629],[94.2552,24.2646],[94.2586,24.2529]],[[94.2398,24.3863],[94.2383,24.3804],[94.2464,24.3785],[94.2437,24.3643],[94.2477,24.3566],[94.2329,24.3472],[94.239,24.3327],[94.2292,24.3196]],[[94.2586,24.2529],[94.2647,24.2513],[94.271,24.2373],[94.2818,24.2416],[94.2842,24.2303],[94.3001,24.238],[94.3123,24.2255],[94.3348,24.2321],[94.3332,24.2222],[94.3409,24.2202],[94.3381,24.2123],[94.3428,24.1994],[94.3604,24.1867],[94.3551,24.1807],[94.351,24.1842],[94.3557,24.1734],[94.3689,24.1728]]]}},{"type":"Feature","properties":{"name":"Taret River","major":false},"geometry":{"type":"LineString","coordinates":[[94.2796,24.4943],[94.2881,24.493],[94.2965,24.5016],[94.3058,24.4975],[94.3234,24.5003],[94.3317,24.5251],[94.3284,24.5306],[94.3335,24.5341],[94.3318,24.5395],[94.3267,24.5382],[94.3304,24.5424],[94.3273,24.5481],[94.3481,24.5537],[94.3546,24.5467],[94.3591,24.5516],[94.3733,24.5481],[94.3612,24.5191],[94.369,24.517],[94.3657,24.5125],[94.3774,24.5132],[94.3756,24.5078],[94.3707,24.5086],[94.3747,24.5017],[94.3793,24.502],[94.3746,24.4947],[94.3812,24.4963],[94.3913,24.4846],[94.396,24.4886],[94.396,24.4838],[94.3992,24.488],[94.406,24.4846],[94.4061,24.4685],[94.4108,24.4606],[94.428,24.4603],[94.4423,24.4528],[94.4397,24.4459],[94.4488,24.4366],[94.4454,24.4302],[94.4537,24.4285],[94.454,24.4141],[94.461,24.4147],[94.4573,24.4102],[94.4598,24.4019]]}},{"type":"Feature","properties":{"name":"Nam A-ya","major":false},"geometry":{"type":"LineString","coordinates":[[94.5777,24.7889],[94.5627,24.7816],[94.5701,24.7668],[94.5698,24.7556],[94.5574,24.7369],[94.554,24.7043],[94.5817,24.6879],[94.5719,24.6735],[94.5732,24.6376],[94.569,24.6383],[94.5705,24.6325],[94.5599,24.6263],[94.5429,24.6237],[94.5414,24.616],[94.525,24.6039],[94.5273,24.5942],[94.514,24.5894],[94.5161,24.5813],[94.5281,24.5716],[94.5248,24.5632],[94.5152,24.5578],[94.5187,24.5551],[94.5148,24.5368],[94.5037,24.534],[94.512,24.5299],[94.5021,24.5235],[94.5068,24.52],[94.51,24.5239],[94.5073,24.5167],[94.5106,24.5098]]}},{"type":"Feature","properties":{"name":"Yongdong Lok","major":false},"geometry":{"type":"LineString","coordinates":[[94.1987,24.541],[94.2147,24.5413],[94.2452,24.5621],[94.2566,24.5902],[94.2814,24.6008],[94.2927,24.5845],[94.3018,24.5814],[94.304,24.5858],[94.3111,24.5712],[94.3331,24.5664],[94.3327,24.5572],[94.3278,24.5536],[94.3326,24.5492]]}},{"type":"Feature","properties":{"name":"Unger","major":false},"geometry":{"type":"LineString","coordinates":[[91.0744,27.5729],[91.0755,27.5675],[91.108,27.55],[91.129,27.5256],[91.1475,27.5173],[91.1745,27.5162]]}},{"type":"Feature","properties":{"name":"Khoma Chhu","major":false},"geometry":{"type":"MultiLineString","coordinates":[[[91.3189,27.8708],[91.321,27.8486],[91.306,27.8099]],[[91.2775,27.7591],[91.2749,27.7447],[91.2817,27.7134],[91.274,27.6826],[91.2582,27.6784],[91.2461,27.6878],[91.2208,27.6866],[91.22,27.6716],[91.2084,27.6637]],[[91.3393,27.9518],[91.3264,27.9167],[91.3189,27.8708]],[[91.306,27.8099],[91.2876,27.7685],[91.2775,27.7591]]]}},{"type":"Feature","properties":{"name":"Kali Chhu","major":false},"geometry":{"type":"MultiLineString","coordinates":[[[90.1565,26.9599],[90.1514,26.9422],[90.1395,26.9395],[90.1342,26.9302],[90.1268,26.9323],[90.1252,26.9226],[90.1173,26.9224],[90.1165,26.9034],[90.1056,26.8978],[90.0959,26.8983],[90.094,26.8941],[90.071,26.8988],[90.0648,26.8951],[90.0556,26.9004],[90.0514,26.8977],[90.0329,26.9124]],[[90.0423,26.9074],[90.0388,26.9084]]]}},{"type":"Feature","properties":{"name":"Mitong","major":false},"geometry":{"type":"LineString","coordinates":[[94.5899,26.9161],[94.5796,26.9197],[94.5825,26.9136],[94.5729,26.9107],[94.5685,26.9205],[94.5644,26.9175],[94.5621,26.9218],[94.5332,26.9301],[94.5301,26.9461],[94.5201,26.9433],[94.5026,26.9525],[94.4992,26.9623],[94.4908,26.9643],[94.4907,26.9602],[94.4867,26.9633],[94.4775,26.9591],[94.4694,26.9671],[94.4139,26.9475],[94.3943,26.9176],[94.384,26.9142],[94.3811,26.9189],[94.3681,26.9048],[94.3518,26.8981]]}},{"type":"Feature","properties":{"name":"Dhudhnai River","major":false},"geometry":{"type":"LineString","coordinates":[[90.7531,26.0761],[90.7624,26.0879],[90.7615,26.0924],[90.7572,26.0878],[90.7533,26.0919],[90.7638,26.0981],[90.7641,26.1032],[90.7499,26.1136],[90.7333,26.113],[90.7171,26.1281],[90.6837,26.1334],[90.6853,26.1474],[90.6766,26.1628],[90.6537,26.1774],[90.6388,26.1807],[90.6268,26.1931]]}},{"type":"Feature","properties":{"name":"约河","major":false},"geometry":{"type":"MultiLineString","coordinates":[[[94.3306,28.2995],[94.3148,28.29],[94.2953,28.2891],[94.2829,28.276],[94.2756,28.2799],[94.2752,28.273],[94.2647,28.2664],[94.2631,28.2581],[94.2493,28.2544]],[[94.3459,28.3029],[94.3306,28.2995]]]}},{"type":"Feature","properties":{"name":"Dungma Chu","major":false},"geometry":{"type":"MultiLineString","coordinates":[[[92.206,27.6877],[92.1969,27.6793]],[[92.3053,27.755],[92.2912,27.7359],[92.273,27.7258],[92.2622,27.7074],[92.2478,27.6947],[92.2309,27.6872],[92.206,27.6877]]]}},{"type":"Feature","properties":{"name":"熊曲","major":false},"geometry":{"type":"MultiLineString","coordinates":[[[90.855,28.2182],[90.8778,28.2319],[90.9073,28.2364],[90.9327,28.2344]],[[90.7907,28.1585],[90.8006,28.1643],[90.8057,28.1773],[90.8525,28.2103],[90.855,28.2182]],[[90.643,28.154],[90.6625,28.1545],[90.6807,28.1451],[90.6908,28.1509],[90.7063,28.1464],[90.7434,28.1542],[90.7612,28.1633],[90.7907,28.1585]],[[90.9327,28.2344],[90.9903,28.2273]]]}},{"type":"Feature","properties":{"name":"Burhi Dehing River","major":false},"geometry":{"type":"MultiLineString","coordinates":[[[95.9639,27.4165],[95.9621,27.4126],[95.9521,27.4143],[95.9469,27.4231],[95.9478,27.4159],[95.9435,27.4151],[95.9352,27.4241]],[[96.024,27.4116],[96.0125,27.4128],[96.0076,27.4084],[96.0009,27.4155],[95.9968,27.4108],[95.9725,27.4102],[95.9694,27.4163],[95.9751,27.4196],[95.9677,27.4235],[95.9686,27.4287],[95.9639,27.4165],[95.9609,27.4294],[95.9537,27.4185],[95.9509,27.4248],[95.9416,27.428],[95.9334,27.4217]]]}},{"type":"Feature","properties":{"name":"Dhola Nadi","major":false},"geometry":{"type":"LineString","coordinates":[[95.6779,27.7061],[95.676,27.7104],[95.6811,27.7134],[95.6726,27.7227],[95.6611,27.7257],[95.6461,27.7216],[95.6441,27.7305],[95.6387,27.7262],[95.6221,27.7396],[95.6156,27.7342],[95.607,27.7426],[95.584,27.7432],[95.5702,27.7364],[95.5523,27.7409],[95.5519,27.7346],[95.5444,27.7283],[95.5374,27.7343],[95.5155,27.7269],[95.5177,27.7186],[95.5108,27.7126],[95.5083,27.6986],[95.4643,27.6752]]}},{"type":"Feature","properties":{"name":"惹米河","major":false},"geometry":{"type":"LineString","coordinates":[[94.5489,28.1432],[94.5534,28.1347],[94.5502,28.1284],[94.559,28.126],[94.5532,28.1171],[94.5711,28.1046],[94.5599,28.0999],[94.5621,28.0923],[94.556,28.0908],[94.5587,28.0852],[94.5527,28.0795],[94.5548,28.068],[94.5474,28.0548],[94.5506,28.042],[94.5451,28.0289]]}},{"type":"Feature","properties":{"name":"Siu River","major":false},"geometry":{"type":"MultiLineString","coordinates":[[[94.4573,28.1178],[94.4683,28.1047],[94.4782,28.1055],[94.4835,28.0929],[94.4918,28.0882],[94.4909,28.0837],[94.4952,28.0847],[94.5046,28.0606],[94.5209,28.0569],[94.5284,28.0433],[94.5391,28.0379],[94.5482,28.0253],[94.5372,28.0137],[94.5388,28.0073],[94.534,28.0087],[94.5262,27.9976]],[[94.5262,27.9976],[94.5219,27.972],[94.5084,27.9743],[94.5055,27.9709],[94.4989,27.9765],[94.4961,27.9695],[94.4866,27.9692],[94.4835,27.9616],[94.4697,27.954],[94.461,27.9604],[94.4599,27.9517],[94.4529,27.9501],[94.4542,27.9426],[94.4488,27.9418],[94.4269,27.9011],[94.4166,27.8937],[94.4198,27.8856]],[[94.4198,27.8856],[94.4187,27.8803],[94.4131,27.879],[94.4138,27.8616],[94.404,27.8541],[94.4066,27.8497],[94.3978,27.836],[94.384,27.8318],[94.3806,27.8384],[94.373,27.839],[94.3695,27.8339],[94.3606,27.8342],[94.3492,27.8273]]]}},{"type":"Feature","properties":{"name":"康珠日曲","major":false},"geometry":{"type":"LineString","coordinates":[[92.9096,28.1764],[92.9288,28.1824],[92.95,28.1754],[92.9619,28.1767],[93.0341,28.2087],[93.0697,28.197],[93.0787,28.1803],[93.1092,28.1844],[93.1731,28.1643],[93.185,28.1697],[93.2016,28.1646]]}},{"type":"Feature","properties":{"name":"Kumey River","major":false},"geometry":{"type":"MultiLineString","coordinates":[[[93.2961,28.1027],[93.3311,28.1129],[93.3489,28.1101],[93.3612,28.0948],[93.3837,28.0823],[93.3963,28.0807],[93.3987,28.0724],[93.4062,28.0744],[93.4355,28.063],[93.4446,28.0496],[93.4844,28.0145],[93.4958,28.0121],[93.4961,28.0038],[93.5128,27.9917],[93.531,28.0016],[93.5506,27.9964],[93.5562,28.0027],[93.593,28.0171],[93.6364,28.0138],[93.6744,28.031],[93.6944,28.0274],[93.7068,28.0139],[93.726,28.0109],[93.738,27.9961],[93.7686,28.0042],[93.8113,27.998],[93.8733,27.9644],[93.8874,27.9311],[93.8786,27.9108],[93.912,27.8825],[93.9418,27.8765],[93.9512,27.8656],[93.9518,27.8606],[93.9374,27.8422],[93.9359,27.8308],[93.9256,27.8196]],[[93.2016,28.1646],[93.2167,28.1418],[93.2753,28.1196],[93.2961,28.1027]]]}},{"type":"Feature","properties":{"name":"齐布日河","major":false},"geometry":{"type":"LineString","coordinates":[[94.6313,27.7979],[94.6208,27.8011],[94.6101,27.7978],[94.598,27.7872],[94.5877,27.7882],[94.5807,27.7796],[94.5605,27.7725],[94.5458,27.7704],[94.5299,27.7779],[94.5203,27.7741],[94.4998,27.7589],[94.5009,27.7482],[94.4874,27.7353],[94.419,27.7279],[94.3965,27.7315],[94.3938,27.7227],[94.39,27.7241],[94.3921,27.7311],[94.3876,27.7323],[94.3847,27.7257],[94.3549,27.7162]]}},{"type":"Feature","properties":{"name":"Borochora","major":false},"geometry":{"type":"LineString","coordinates":[[91.0522,25.1448],[91.0522,25.1485],[91.0641,25.1427],[91.065,25.1353],[91.0572,25.133],[91.068,25.132],[91.0755,25.1192],[91.0862,25.119],[91.0894,25.1258],[91.094,25.1204],[91.0951,25.1254],[91.1082,25.1301]]}},{"type":"Feature","properties":{"name":"Buri Chhu","major":false},"geometry":{"type":"MultiLineString","coordinates":[[[90.1908,27.0824],[90.1603,27.0773],[90.1493,27.085],[90.1328,27.0879],[90.1067,27.081],[90.0917,27.0862],[90.0745,27.078]],[[90.2265,27.0854],[90.2045,27.0787],[90.1908,27.0824]]]}},{"type":"Feature","properties":{"name":"Changchey Chhu","major":false},"geometry":{"type":"LineString","coordinates":[[90.2163,27.0144],[90.2029,27.0136],[90.1934,27.0249],[90.1833,27.0208],[90.1515,27.0247],[90.1408,27.0386],[90.1227,27.0429],[90.1006,27.0421],[90.0951,27.0275],[90.0845,27.0348],[90.0729,27.0311]]}},{"type":"Feature","properties":{"name":"Rama River","major":false},"geometry":{"type":"LineString","coordinates":[[92.2059,27.5111],[92.2179,27.4648],[92.2087,27.451],[92.2118,27.4316],[92.2046,27.3936]]}},{"type":"Feature","properties":{"name":"Bor Dikarai River","major":false},"geometry":{"type":"LineString","coordinates":[[93.0351,27.0004],[93.0109,26.976],[93.003,26.9516],[92.9903,26.9401],[92.9757,26.9297],[92.9498,26.922],[92.9347,26.9124],[92.9264,26.8998],[92.9132,26.8995],[92.8769,26.8797],[92.8774,26.8659],[92.8629,26.8461]]}},{"type":"Feature","properties":{"name":"Pakke","major":false},"geometry":{"type":"MultiLineString","coordinates":[[[92.9424,27.0546],[92.9585,27.0578],[92.9654,27.0677],[92.9791,27.0516],[92.9851,27.0521],[92.9932,27.0782],[93.0031,27.0852],[93.0151,27.0792],[93.0205,27.0896],[93.0281,27.0872]],[[93.0051,27.1332],[92.963,27.145],[92.9512,27.1532],[92.9331,27.156],[92.9199,27.1507]]]}},{"type":"Feature","properties":{"name":"Khanna Nadi","major":false},"geometry":{"type":"LineString","coordinates":[[92.8876,27.1348],[92.8812,27.1238],[92.8651,27.1204],[92.8506,27.1247],[92.8447,27.1094],[92.8315,27.0981],[92.7945,27.0879],[92.7798,27.0792],[92.7742,27.0673]]}},{"type":"Feature","properties":{"name":"Pacha River","major":false},"geometry":{"type":"LineString","coordinates":[[93.1581,27.4697],[93.1467,27.4647],[93.1388,27.469],[93.1322,27.464],[93.1241,27.4658],[93.1186,27.4579],[93.1204,27.4494],[93.1015,27.4543],[93.094,27.4376],[93.0954,27.4309],[93.0828,27.4221],[93.0791,27.4244],[93.067,27.4188],[93.0579,27.4053],[93.0602,27.3966],[93.0567,27.3974],[93.055,27.3875],[93.0373,27.3716]]}},{"type":"Feature","properties":{"name":"Pachi River","major":false},"geometry":{"type":"LineString","coordinates":[[93.2385,27.5487],[93.2209,27.552],[93.2131,27.5459],[93.1739,27.5553],[93.1598,27.5488],[93.1528,27.5513],[93.1474,27.5408],[93.1367,27.541],[93.1348,27.5336],[93.1331,27.539],[93.128,27.5349],[93.1306,27.5223],[93.121,27.5257],[93.1187,27.5189],[93.1174,27.529],[93.1089,27.5256],[93.104,27.5347],[93.0768,27.529],[93.0796,27.5227],[93.0707,27.5227],[93.0634,27.5153],[93.0525,27.4738],[93.0385,27.4758],[93.0306,27.4824]]}},{"type":"Feature","properties":{"name":"Keynia River","major":false},"geometry":{"type":"MultiLineString","coordinates":[[[93.0192,27.7655],[93.0185,27.7515],[93.0041,27.7329],[93.0055,27.7272]],[[93.0196,27.8104],[93.027,27.7866],[93.0192,27.7655]]]}},{"type":"Feature","properties":{"name":"Waleng Bung","major":false},"geometry":{"type":"LineString","coordinates":[[92.8523,27.9187],[92.8626,27.8984],[92.895,27.8746],[92.8967,27.858],[92.9191,27.8349],[92.9182,27.8232],[92.9323,27.8195],[92.9517,27.8047],[92.9522,27.7962],[92.9321,27.7887],[92.9313,27.7817]]}},{"type":"Feature","properties":{"name":"Umiew","major":false},"geometry":{"type":"MultiLineString","coordinates":[[[91.7654,25.444],[91.7581,25.4312],[91.7449,25.4241],[91.7448,25.4172],[91.731,25.4003],[91.7235,25.3816],[91.7157,25.3791]],[[91.7157,25.3791],[91.6962,25.3626],[91.6962,25.3492],[91.6544,25.3466],[91.6329,25.3265],[91.6316,25.3116]],[[91.875,25.5114],[91.8945,25.5061],[91.9049,25.496],[91.908,25.4817],[91.8712,25.4742],[91.8671,25.4656],[91.8535,25.4688],[91.8436,25.464],[91.8382,25.4695],[91.8089,25.4607],[91.7809,25.4626],[91.7654,25.444]]]}},{"type":"Feature","properties":{"name":"Dalai River","major":false},"geometry":{"type":"MultiLineString","coordinates":[[[90.863,24.6921],[90.8826,24.6913],[90.8914,24.6789],[90.8915,24.6645],[90.9111,24.6459],[90.9058,24.6389],[90.9087,24.6252],[90.9034,24.6154],[90.9287,24.6138],[90.9353,24.6017],[90.9491,24.6039],[90.9626,24.5891],[90.971,24.5697],[90.9629,24.5625],[90.968,24.5547],[90.9623,24.5535],[90.9544,24.5627],[90.9463,24.5556],[90.9484,24.5402],[90.9597,24.54],[90.9619,24.536]],[[92.7791,24.5486],[92.8161,24.5902],[92.8346,24.5899],[92.8401,24.5831],[92.8421,24.5869]],[[92.7388,24.4672],[92.7543,24.502],[92.7512,24.5052],[92.7686,24.5266],[92.7791,24.5486]]]}},{"type":"Feature","properties":{"name":"Chatal River","major":false},"geometry":{"type":"LineString","coordinates":[[89.7583,24.9471],[89.7592,24.9371],[89.7465,24.9254],[89.7559,24.9221],[89.7667,24.9287],[89.7835,24.9272],[89.7898,24.9164],[89.7891,24.907],[89.7809,24.8984],[89.7789,24.8789],[89.7852,24.8705],[89.8047,24.8666]]}},{"type":"Feature","properties":{"name":"克节朗河 Namka Chu","major":false},"geometry":{"type":"LineString","coordinates":[[91.5965,27.8337],[91.6113,27.842],[91.631,27.8323],[91.6614,27.8293],[91.6894,27.8133],[91.7057,27.7933],[91.7313,27.7758]]}},{"type":"Feature","properties":{"name":"Āmjur Nadi","major":false},"geometry":{"type":"LineString","coordinates":[[92.9578,24.734],[92.9268,24.7324],[92.9255,24.7231],[92.9169,24.7194],[92.9085,24.7198],[92.9067,24.7284],[92.902,24.7217],[92.8955,24.7276]]}},{"type":"Feature","properties":{"name":"Sekmai Turel","major":false},"geometry":{"type":"MultiLineString","coordinates":[[[93.9853,24.4773],[93.9812,24.4813],[93.9852,24.4897],[93.9782,24.4953],[93.9806,24.4991],[93.9752,24.5084],[93.964,24.5106],[93.9578,24.5219],[93.9472,24.523],[93.9349,24.5379],[93.9236,24.5402]],[[94.1397,24.4573],[94.1328,24.46],[94.1129,24.4492]],[[94.1129,24.4492],[94.1022,24.4512],[94.0805,24.4655],[94.0559,24.4639],[94.052,24.4674],[94.0476,24.464],[94.0461,24.4685],[94.0351,24.456],[94.0111,24.4484]],[[94.0111,24.4484],[94.0038,24.4487],[94.0054,24.4622],[93.9842,24.4726],[93.9853,24.4773]],[[93.9236,24.5402],[93.9077,24.5403],[93.8977,24.5341]],[[94.1499,24.4631],[94.1421,24.4626],[94.1397,24.4573]]]}},{"type":"Feature","properties":{"name":"Umtew","major":false},"geometry":{"type":"LineString","coordinates":[[91.921,25.4774],[91.9233,25.4822],[91.9555,25.4781],[91.9989,25.4873]]}},{"type":"Feature","properties":{"name":"Um Ngot","major":false},"geometry":{"type":"MultiLineString","coordinates":[[[91.9053,25.5127],[91.9281,25.5186],[91.9415,25.5081]],[[91.9415,25.5081],[91.9439,25.5048],[91.9506,25.5073],[91.9524,25.5208],[91.972,25.5257],[91.9744,25.531],[92.0277,25.529],[92.0429,25.5328],[92.0633,25.527],[92.0596,25.5216],[92.0614,25.5092],[92.053,25.5032],[92.0589,25.4969]]]}},{"type":"Feature","properties":{"name":"Umngot","major":false},"geometry":{"type":"LineString","coordinates":[[92.0954,25.4944],[92.0956,25.4881],[92.108,25.4772],[92.1036,25.4606],[92.0946,25.4513],[92.1036,25.4442],[92.1027,25.4334],[92.1096,25.4263],[92.1129,25.4116],[92.1017,25.3991],[92.1114,25.3819],[92.1067,25.3551],[92.1127,25.3459],[92.1106,25.3359],[92.1169,25.329]]}},{"type":"Feature","properties":{"name":"Um Shakanlang","major":false},"geometry":{"type":"MultiLineString","coordinates":[[[92.1706,25.2978],[92.1478,25.2975],[92.1423,25.2889],[92.1252,25.2871],[92.1312,25.2801]],[[92.1312,25.2801],[92.1448,25.2734],[92.1553,25.2542],[92.1989,25.267]]]}},{"type":"Feature","properties":{"name":"Wabrashi","major":false},"geometry":{"type":"LineString","coordinates":[[92.0725,25.3657],[92.0616,25.3562],[92.0616,25.3476],[92.0808,25.3417],[92.0978,25.3423],[92.1013,25.3314],[92.1135,25.323]]}},{"type":"Feature","properties":{"name":"Pachuk River","major":false},"geometry":{"type":"MultiLineString","coordinates":[[[92.6468,27.7498],[92.6681,27.7167]],[[92.6681,27.7167],[92.6991,27.699],[92.713,27.6787],[92.7105,27.6591],[92.7157,27.647],[92.7272,27.6348],[92.7394,27.6305],[92.7596,27.5939],[92.7753,27.596],[92.7762,27.589],[92.7892,27.5817],[92.7981,27.5538],[92.802,27.5529],[92.7998,27.5474],[92.8049,27.5458],[92.8042,27.5328],[92.8089,27.525],[92.8127,27.5268],[92.8117,27.5168],[92.8248,27.5151],[92.8253,27.5224],[92.8335,27.5206],[92.8512,27.5314],[92.8646,27.5298],[92.8845,27.5375],[92.8935,27.5327],[92.8995,27.5376],[92.9143,27.5366],[92.9266,27.53],[92.9246,27.5249],[92.9309,27.5199],[92.9355,27.5215],[92.9336,27.5165],[92.9474,27.5121],[92.9619,27.515],[92.9774,27.5288]]]}},{"type":"Feature","properties":{"name":"Dimau Nadi","major":false},"geometry":{"type":"MultiLineString","coordinates":[[[94.7574,27.1474],[94.7526,27.1441],[94.756,27.1393],[94.7489,27.1349],[94.7502,27.1312],[94.7342,27.1287],[94.7304,27.1333],[94.7275,27.1266],[94.724,27.1283]],[[94.8925,27.2606],[94.8868,27.2576],[94.8885,27.251],[94.8652,27.2401],[94.8637,27.2315],[94.8561,27.2248],[94.8473,27.2251],[94.8479,27.2168],[94.8521,27.2175],[94.8494,27.2154],[94.8358,27.2119],[94.8296,27.219],[94.8309,27.2063],[94.8267,27.2098],[94.8239,27.2061],[94.8092,27.2059],[94.8016,27.1944],[94.7936,27.2013],[94.7871,27.1914],[94.7821,27.1949],[94.7878,27.199],[94.7845,27.2021],[94.7877,27.2064],[94.7807,27.2025],[94.7772,27.1868],[94.7678,27.1849],[94.7735,27.1812],[94.7725,27.1735],[94.778,27.1719],[94.7599,27.1522],[94.7539,27.152],[94.7574,27.1474]],[[94.7025,27.1127],[94.6866,27.1125],[94.6825,27.1181],[94.6784,27.1147],[94.6686,27.1196],[94.6633,27.1125],[94.6655,27.1081],[94.6573,27.1083],[94.6545,27.1038],[94.6507,27.1118],[94.6454,27.1045],[94.6316,27.1086],[94.632,27.1024],[94.6149,27.1105],[94.6105,27.108],[94.6116,27.102],[94.5902,27.0936],[94.5877,27.0791]]]}},{"type":"Feature","properties":{"name":"Puraton Brahmaputra River","major":true},"geometry":{"type":"LineString","coordinates":[[90.6424,24.3806],[90.6508,24.3886],[90.6429,24.3982],[90.6527,24.4087],[90.6488,24.4349],[90.6396,24.4433]]}},{"type":"Feature","properties":{"name":"kacamatiya river","major":false},"geometry":{"type":"MultiLineString","coordinates":[[[90.5278,24.6409],[90.5427,24.6463],[90.5459,24.6609],[90.578,24.6842],[90.5871,24.6822],[90.5994,24.6867]],[[90.5274,24.6404],[90.5278,24.6409]],[[90.5191,24.6442],[90.5274,24.6404]]]}},{"type":"Feature","properties":{"name":"Kalanga Nadi","major":false},"geometry":{"type":"MultiLineString","coordinates":[[[92.7602,25.9383],[92.7687,25.9417]],[[92.7687,25.9417],[92.7631,25.9497],[92.763,25.9561],[92.7675,25.958]],[[92.7621,25.9185],[92.7623,25.926],[92.7577,25.9281],[92.7627,25.9336],[92.7602,25.9383]],[[92.6519,25.8682],[92.6796,25.8736],[92.6923,25.8866],[92.7226,25.8754],[92.7249,25.8686],[92.7457,25.8756],[92.7475,25.8908],[92.7597,25.905],[92.7621,25.9185]],[[92.5586,25.8178],[92.5675,25.8232],[92.5996,25.8243],[92.6128,25.8446],[92.6519,25.8682]]]}},{"type":"Feature","properties":{"name":"Suai River","major":false},"geometry":{"type":"LineString","coordinates":[[90.5147,24.7546],[90.5081,24.7609],[90.5131,24.7632],[90.5137,24.7787],[90.505,24.7898],[90.5157,24.794],[90.5088,24.8105],[90.5215,24.8164],[90.5199,24.822],[90.5256,24.8249],[90.522,24.8121],[90.5271,24.8079],[90.5321,24.8138],[90.5406,24.8108],[90.5376,24.8197],[90.5457,24.8226],[90.5443,24.8272],[90.5531,24.822],[90.5531,24.8312],[90.5607,24.8284],[90.5611,24.8387],[90.5697,24.8352],[90.5693,24.8417],[90.5759,24.8387],[90.5809,24.853],[90.5851,24.8477],[90.5882,24.8511],[90.5998,24.8492],[90.5939,24.8554],[90.6011,24.854],[90.6018,24.8585],[90.6113,24.8624],[90.6053,24.8698],[90.6118,24.8685],[90.613,24.8738],[90.6202,24.8712],[90.6209,24.8743],[90.6252,24.8616],[90.6335,24.8603],[90.6358,24.8646],[90.6311,24.8693],[90.6366,24.8697],[90.631,24.8741],[90.6473,24.8778],[90.6444,24.8842],[90.6481,24.8862]]}},{"type":"Feature","properties":{"name":"Mogra River","major":false},"geometry":{"type":"MultiLineString","coordinates":[[[90.6771,24.8756],[90.6817,24.8696],[90.6835,24.8764],[90.6993,24.8772],[90.7018,24.8736],[90.6972,24.8709],[90.7029,24.8672],[90.7048,24.8721],[90.7165,24.8732],[90.708,24.8771],[90.7094,24.8807],[90.7179,24.8816],[90.7217,24.8767],[90.7306,24.8853],[90.7297,24.874],[90.7345,24.881],[90.7401,24.8808],[90.7409,24.87],[90.7486,24.87],[90.7524,24.8623],[90.757,24.8621],[90.7546,24.8543],[90.7596,24.8545],[90.7581,24.8485],[90.7642,24.8461],[90.7636,24.8268],[90.7513,24.8276]],[[90.6492,24.9029],[90.6478,24.8864],[90.6561,24.8767],[90.6743,24.8811],[90.6771,24.8756]],[[90.9514,24.7168],[90.9515,24.7166]],[[90.9246,24.7696],[90.9181,24.7648],[90.9217,24.757],[90.9274,24.7554],[90.9263,24.7492],[90.9333,24.75],[90.9456,24.7401],[90.947,24.727]],[[90.947,24.727],[90.9474,24.7268]]]}},{"type":"Feature","properties":{"name":"Nam Hkao","major":false},"geometry":{"type":"MultiLineString","coordinates":[[[95.2628,26.5084],[95.2621,26.5182],[95.2706,26.5238],[95.2663,26.5474],[95.2695,26.5655],[95.2771,26.5689],[95.2747,26.5746],[95.281,26.5734],[95.281,26.5817],[95.2858,26.581],[95.2867,26.5869],[95.2984,26.5938],[95.3036,26.5929],[95.3072,26.5979],[95.3122,26.5943],[95.3183,26.5995],[95.3419,26.5967],[95.3463,26.5814],[95.3733,26.5523],[95.3743,26.5368],[95.3685,26.527],[95.3713,26.5222],[95.3645,26.5148],[95.3697,26.5064]],[[95.3694,26.5065],[95.3774,26.4995],[95.3867,26.4655],[95.396,26.4646],[95.3906,26.4592],[95.4014,26.4509],[95.3976,26.4413]]]}},{"type":"Feature","properties":{"name":"Sowa Hka","major":false},"geometry":{"type":"LineString","coordinates":[[95.7707,26.3931],[95.7475,26.3772],[95.7463,26.3703],[95.7305,26.367],[95.7033,26.3718],[95.6886,26.3638],[95.6807,26.3762],[95.6525,26.379],[95.6403,26.3617],[95.6293,26.356]]}},{"type":"Feature","properties":{"name":"Tipok Hka","major":false},"geometry":{"type":"MultiLineString","coordinates":[[[95.6537,26.7905],[95.6654,26.7848],[95.6759,26.7707],[95.7139,26.7503],[95.7351,26.7453]],[[95.5993,26.7635],[95.6332,26.7902],[95.6537,26.7905]]]}},{"type":"Feature","properties":{"name":"Nantaleik Chaung","major":false},"geometry":{"type":"LineString","coordinates":[[94.8977,25.5705],[94.9183,25.5448],[94.9195,25.5286],[94.9266,25.5211],[94.9561,25.5114],[94.9675,25.5117],[94.9751,25.5183],[94.9845,25.541],[94.9844,25.564],[94.9942,25.5709],[95.0176,25.5636],[95.0363,25.5652],[95.0515,25.5548],[95.0701,25.5511],[95.0853,25.5553],[95.0934,25.5475],[95.1032,25.5598],[95.1073,25.5604],[95.1148,25.55],[95.1216,25.5578],[95.1304,25.5453],[95.1335,25.5287],[95.1301,25.5009],[95.1225,25.4939],[95.1251,25.4716],[95.1313,25.4611],[95.1494,25.4593],[95.1607,25.4665],[95.1716,25.4618],[95.1631,25.4498],[95.1726,25.4499],[95.176,25.4419],[95.1851,25.4438],[95.1872,25.4215],[95.2043,25.416],[95.2107,25.427],[95.2179,25.4087],[95.2045,25.4044],[95.2379,25.3944],[95.223,25.3838],[95.224,25.3805],[95.2319,25.3806],[95.2356,25.3751],[95.24,25.3881],[95.2485,25.386],[95.2599,25.3939],[95.2761,25.3883],[95.2577,25.3494],[95.2624,25.345],[95.2729,25.3557],[95.2748,25.3473],[95.2816,25.348]]}},{"type":"Feature","properties":{"name":"Dirāk Nadi","major":false},"geometry":{"type":"MultiLineString","coordinates":[[[95.6152,27.2321],[95.6034,27.2242],[95.5878,27.2226],[95.5736,27.2347],[95.5775,27.2381],[95.575,27.2437],[95.5672,27.2446]],[[95.5672,27.2446],[95.5474,27.2509],[95.5346,27.2655],[95.5272,27.2652]]]}},{"type":"Feature","properties":{"name":"Dirang Nadi","major":false},"geometry":{"type":"LineString","coordinates":[[91.3897,26.8079],[91.4002,26.8067],[91.4102,26.7953],[91.4097,26.767],[91.4028,26.7473],[91.4073,26.7133],[91.4022,26.7001],[91.4066,26.698],[91.4117,26.6756],[91.4183,26.67],[91.42,26.6485],[91.4154,26.6465]]}},{"type":"Feature","properties":{"name":"Mangdechhu","major":false},"geometry":{"type":"MultiLineString","coordinates":[[[90.8627,26.9683],[90.86,26.9597],[90.8692,26.9496],[90.8694,26.9349],[90.8903,26.9254],[90.8916,26.9175],[90.9028,26.9113]],[[90.8397,27.0188],[90.8367,27.0001],[90.856,26.9765],[90.8569,26.9674],[90.8626,26.9685]],[[90.8626,26.9685],[90.8627,26.9683]]]}},{"type":"Feature","properties":{"name":"Mangde","major":false},"geometry":{"type":"MultiLineString","coordinates":[[[90.9028,26.9113],[90.9022,26.903],[90.9105,26.8916],[90.9063,26.8807],[90.916,26.8744],[90.9132,26.8578],[90.9262,26.8544],[90.9308,26.8468],[90.9436,26.8493],[90.9492,26.8371]],[[90.87,26.9401],[90.8728,26.932]]]}},{"type":"Feature","properties":{"name":"Ronga Nadi","major":false},"geometry":{"type":"MultiLineString","coordinates":[[[90.6409,27.0463],[90.6223,27.0256],[90.6218,27.0087],[90.6115,27.0063],[90.5995,26.9946],[90.5876,26.9973],[90.5864,27.0067],[90.569,27.0171],[90.5411,27.0203],[90.5355,27.0023],[90.5421,26.9904],[90.5307,26.9868],[90.5297,26.978]],[[90.5297,26.978],[90.5231,26.9735],[90.5243,26.9578],[90.5105,26.9463]]]}},{"type":"Feature","properties":{"name":"Kongso River","major":false},"geometry":{"type":"LineString","coordinates":[[90.83,24.9533],[90.8258,24.9488],[90.8351,24.9346],[90.8322,24.9254],[90.8391,24.9254],[90.8416,24.9165],[90.8503,24.9183],[90.8491,24.9085],[90.8608,24.9164],[90.8654,24.9055],[90.8723,24.9092],[90.8755,24.9022],[90.8908,24.8984],[90.9036,24.9008],[90.92,24.9155],[90.9215,24.9065],[90.9293,24.9051],[90.9299,24.8905],[90.937,24.8853],[90.9309,24.8791],[90.9501,24.8696],[90.9596,24.8706],[90.9656,24.8795],[90.9756,24.8732],[90.9894,24.8878],[90.9874,24.8946],[90.992,24.8889],[91.0151,24.8973],[91.0221,24.8899],[91.0169,24.8862],[91.0252,24.8882],[91.0284,24.8825],[91.0424,24.9074],[91.0546,24.9007],[91.0759,24.902],[91.0891,24.8882],[91.1025,24.8849],[91.1099,24.8714],[91.104,24.864],[91.1098,24.8606],[91.1139,24.8481],[91.1242,24.8494],[91.1311,24.8409],[91.1217,24.8374],[91.1151,24.8265],[91.1129,24.8159],[91.1162,24.8125]]}},{"type":"Feature","properties":{"name":"Mao","major":false},"geometry":{"type":"MultiLineString","coordinates":[[[90.4793,26.9776],[90.485,26.9744],[90.4868,26.9621],[90.503,26.9623],[90.5105,26.9463]],[[90.5105,26.9463],[90.5114,26.9422],[90.519,26.9423],[90.5087,26.9294],[90.5137,26.9172],[90.506,26.8875]]]}},{"type":"Feature","properties":{"name":"Laang","major":false},"geometry":{"type":"LineString","coordinates":[[95.1162,26.2896],[95.1097,26.2772],[95.0857,26.2621],[95.0815,26.2452],[95.0651,26.2304],[95.0692,26.2256],[95.0608,26.221],[95.0582,26.2041],[95.0484,26.2031],[95.0467,26.1922],[95.0369,26.1875],[95.0311,26.1772],[95.0172,26.1745],[95.0076,26.1553]]}},{"type":"Feature","properties":{"name":"Lengnyu","major":false},"geometry":{"type":"LineString","coordinates":[[95.0076,26.1553],[94.9831,26.1376],[94.9814,26.1221],[94.9629,26.0958],[94.9526,26.094],[94.9478,26.0861],[94.9357,26.0811],[94.9257,26.0657],[94.9262,26.0568]]}},{"type":"Feature","properties":{"name":"Intaki River","major":false},"geometry":{"type":"MultiLineString","coordinates":[[[93.5169,25.5708],[93.5254,25.5805],[93.5106,25.6006],[93.5252,25.6049],[93.5373,25.6214],[93.5436,25.6214],[93.539,25.6309],[93.5447,25.6413],[93.5416,25.6481]],[[93.5416,25.6481],[93.5333,25.6491],[93.5341,25.645],[93.5193,25.6413],[93.5146,25.6494],[93.519,25.6473],[93.519,25.6568],[93.513,25.6603],[93.5103,25.6724]],[[93.5365,25.5473],[93.53,25.5577],[93.5195,25.5619],[93.5169,25.5708]]]}},{"type":"Feature","properties":{"name":"Inhu Ki","major":false},"geometry":{"type":"LineString","coordinates":[[93.7938,25.3318],[93.7879,25.3338],[93.7917,25.3394],[93.7812,25.3533],[93.7859,25.3575],[93.7674,25.3666],[93.7781,25.3829],[93.7649,25.3888],[93.7667,25.4032],[93.7585,25.4138]]}},{"type":"Feature","properties":{"name":"Sulen Nadi","major":false},"geometry":{"type":"MultiLineString","coordinates":[[[93.572,25.3594],[93.5742,25.3293],[93.59,25.3151],[93.5863,25.3054],[93.5937,25.2981],[93.5839,25.2975],[93.577,25.2909],[93.5778,25.2802],[93.5845,25.2781],[93.5832,25.2723],[93.5962,25.2463],[93.5994,25.2279],[93.5836,25.2229],[93.5917,25.2081],[93.5877,25.2017],[93.6044,25.1991]],[[93.5073,25.3355],[93.5385,25.364],[93.5512,25.3665],[93.572,25.3594]]]}},{"type":"Feature","properties":{"name":"Khuokhi River","major":false},"geometry":{"type":"MultiLineString","coordinates":[[[93.9062,25.8139],[93.827,25.7886],[93.8246,25.782],[93.8324,25.7738]],[[93.8324,25.7738],[93.8152,25.7705]]]}},{"type":"Feature","properties":{"name":"Bara Monglu River","major":false},"geometry":{"type":"MultiLineString","coordinates":[[[93.6812,25.555],[93.6786,25.5609],[93.683,25.5643],[93.6832,25.5744],[93.6884,25.5763],[93.6917,25.5924],[93.6856,25.6087],[93.6456,25.6228],[93.6372,25.6352],[93.6312,25.6344],[93.6137,25.647],[93.59,25.6552]],[[93.59,25.6552],[93.589,25.6688],[93.5798,25.6691],[93.5795,25.6752],[93.5716,25.6724],[93.5707,25.6785],[93.5554,25.6906],[93.5585,25.6923],[93.5526,25.6931],[93.5548,25.6963],[93.5422,25.6998]]]}},{"type":"Feature","properties":{"name":"Jharnapani Nadi","major":false},"geometry":{"type":"LineString","coordinates":[[93.8997,25.7422],[93.8712,25.7395],[93.8562,25.7435],[93.8152,25.7705]]}},{"type":"Feature","properties":{"name":"Langlong Nadi","major":false},"geometry":{"type":"LineString","coordinates":[[93.722,25.6409],[93.7129,25.6466],[93.7102,25.6565],[93.6909,25.666],[93.6892,25.6719],[93.6738,25.6703],[93.6773,25.6716],[93.6693,25.6886],[93.6741,25.7019],[93.6691,25.7063],[93.6735,25.7087],[93.6739,25.7173],[93.6641,25.7154],[93.6629,25.7356],[93.6475,25.7535],[93.651,25.7684],[93.6479,25.7773],[93.6536,25.7817],[93.6404,25.7982],[93.6375,25.8138]]}},{"type":"Feature","properties":{"name":"Tahaki Nadi","major":false},"geometry":{"type":"LineString","coordinates":[[93.7789,25.6562],[93.7383,25.6844],[93.7328,25.6956],[93.738,25.7093],[93.7345,25.7177],[93.7433,25.7295],[93.7345,25.731],[93.7376,25.739],[93.7267,25.7522],[93.7316,25.7546],[93.7276,25.7608],[93.7325,25.7643],[93.7228,25.7927],[93.7295,25.8105],[93.7287,25.8236],[93.7211,25.8224],[93.717,25.8313],[93.705,25.8346],[93.7141,25.8444]]}},{"type":"Feature","properties":{"name":"ri4","major":false},"geometry":{"type":"LineString","coordinates":[[93.7961,25.8018],[93.7944,25.809],[93.7878,25.8122],[93.7801,25.8401],[93.776,25.8415],[93.7803,25.8465],[93.7757,25.8482],[93.7809,25.8547],[93.7788,25.8587],[93.7834,25.8584],[93.7835,25.8864],[93.7931,25.8898],[93.7959,25.9032]]}},{"type":"Feature","properties":{"name":"Longai River","major":true},"geometry":{"type":"MultiLineString","coordinates":[[[92.309,24.643],[92.3013,24.6455],[92.2969,24.6574],[92.3086,24.6659],[92.318,24.6886],[92.3153,24.6983],[92.3225,24.7024],[92.3235,24.7137],[92.3335,24.7157],[92.3484,24.7463],[92.3495,24.7541],[92.3404,24.7597],[92.341,24.7664],[92.3479,24.7785],[92.3531,24.7766],[92.3642,24.7911],[92.3588,24.7948],[92.3624,24.7973],[92.36,24.8015],[92.3507,24.8048],[92.3469,24.8119],[92.3502,24.8398]],[[92.2961,24.2639],[92.288,24.2659],[92.2919,24.2694],[92.2858,24.2855],[92.2862,24.2936],[92.2917,24.2967],[92.2877,24.3004],[92.2925,24.3194],[92.2898,24.332],[92.2971,24.3302],[92.2944,24.3433],[92.3016,24.3463],[92.2973,24.3609],[92.3,24.3772],[92.2955,24.3819],[92.2981,24.405],[92.3029,24.4096],[92.2985,24.4126],[92.3041,24.4181],[92.3064,24.4316],[92.3152,24.4365],[92.3094,24.4457],[92.3147,24.4487],[92.316,24.4652],[92.3207,24.4618],[92.3265,24.4657],[92.3264,24.4802],[92.3322,24.4806],[92.3328,24.4891],[92.323,24.5019],[92.3328,24.5132],[92.3317,24.5456],[92.3355,24.559],[92.3276,24.5647],[92.3295,24.5716],[92.3221,24.5777],[92.325,24.5805],[92.3166,24.5763],[92.3012,24.5826],[92.2969,24.5899],[92.305,24.5977],[92.3033,24.6057],[92.3132,24.6044],[92.321,24.6114],[92.3164,24.6142],[92.3189,24.6209],[92.3152,24.6203],[92.3179,24.6276],[92.3075,24.6351],[92.309,24.643]]]}},{"type":"Feature","properties":{"name":"Longai","major":true},"geometry":{"type":"LineString","coordinates":[[92.3502,24.8398],[92.3456,24.8437],[92.3453,24.8553],[92.3378,24.8589],[92.328,24.8604],[92.3302,24.8548],[92.3256,24.8532],[92.3115,24.8637],[92.2964,24.8552],[92.2882,24.8632],[92.2819,24.8512],[92.2757,24.8573],[92.2662,24.8558],[92.2683,24.8471],[92.253,24.8492],[92.2538,24.8374],[92.2379,24.831],[92.2445,24.8244],[92.2433,24.819],[92.2329,24.8206],[92.2143,24.8138],[92.2123,24.8049],[92.1978,24.8058],[92.1935,24.7979],[92.1977,24.7834],[92.1939,24.7685],[92.1737,24.7737],[92.1266,24.7605],[92.1145,24.766],[92.1097,24.7592],[92.0955,24.7575]]}},{"type":"Feature","properties":{"name":"Homo Nadi","major":false},"geometry":{"type":"MultiLineString","coordinates":[[[93.3705,25.41],[93.3709,25.4202],[93.359,25.4305],[93.347,25.4252],[93.3425,25.4156],[93.337,25.4236],[93.3212,25.4204],[93.31,25.4253],[93.3055,25.4193],[93.3014,25.425],[93.2889,25.4256],[93.2923,25.4366],[93.2864,25.4392],[93.287,25.4464],[93.2744,25.4361]],[[93.4104,25.3733],[93.4082,25.4027],[93.4031,25.4063],[93.3834,25.4042],[93.3705,25.41]]]}},{"type":"Feature","properties":{"name":"Chubi","major":false},"geometry":{"type":"LineString","coordinates":[[94.4474,26.1759],[94.45,26.1692],[94.4415,26.1652],[94.4381,26.1695],[94.433,26.1659],[94.4346,26.1609],[94.4266,26.1569],[94.4359,26.1471],[94.4217,26.1379],[94.4238,26.1335],[94.4186,26.135],[94.4173,26.1266],[94.4102,26.1269],[94.4177,26.1164],[94.4133,26.11],[94.3871,26.1107]]}},{"type":"Feature","properties":{"name":"Thoubal","major":false},"geometry":{"type":"MultiLineString","coordinates":[[[94.137,24.8233],[94.1345,24.7982],[94.1273,24.7883],[94.1364,24.7817],[94.1321,24.7748],[94.1193,24.7739],[94.1175,24.7691],[94.129,24.752],[94.118,24.7442],[94.1208,24.7354],[94.1264,24.7377],[94.1295,24.7308],[94.124,24.7273],[94.1263,24.7207],[94.1204,24.7136],[94.1241,24.7057],[94.097,24.6911]],[[94.1583,24.9078],[94.1574,24.8842],[94.1481,24.8839],[94.1435,24.8594],[94.1375,24.8595],[94.1456,24.8434]],[[94.2301,24.9752],[94.2267,24.969],[94.2194,24.9683],[94.2133,24.9528],[94.2058,24.9496],[94.2011,24.9553],[94.1986,24.945],[94.1844,24.9508],[94.1728,24.948],[94.1722,24.9373],[94.1662,24.9363],[94.1709,24.921],[94.1666,24.9147],[94.1592,24.9163],[94.1583,24.9078]],[[94.2768,25.0599],[94.2752,25.0484],[94.2678,25.0467],[94.2706,25.0427],[94.2647,25.0358],[94.2674,25.0294],[94.2617,25.0175],[94.2528,25.0151],[94.2506,25.0089],[94.2433,25.0098],[94.246,25.0044],[94.2227,24.9885],[94.2215,24.9821],[94.2301,24.9752]],[[94.3191,25.03],[94.3087,25.0379],[94.3176,25.0495],[94.3173,25.0609]],[[94.3739,25.0585],[94.366,25.0529],[94.3689,25.0446],[94.3509,25.0282],[94.3364,25.0336],[94.3221,25.0265],[94.3191,25.03]],[[94.137,24.8234],[94.137,24.8233]],[[94.1456,24.8434],[94.1475,24.8403],[94.1426,24.8383],[94.1467,24.8301],[94.137,24.8234]],[[94.2777,25.0838],[94.2721,25.0832],[94.2797,25.0794],[94.273,25.0754],[94.2782,25.07],[94.2768,25.0599]]]}},{"type":"Feature","properties":{"name":"Threasa Chhu","major":false},"geometry":{"type":"LineString","coordinates":[[90.7002,27.3456],[90.6787,27.3518],[90.6242,27.3331],[90.5826,27.3322]]}},{"type":"Feature","properties":{"name":"Waichen Chhu","major":false},"geometry":{"type":"LineString","coordinates":[[90.4183,27.3378],[90.4629,27.3375],[90.5335,27.3689]]}},{"type":"Feature","properties":{"name":"Burgangchhu","major":false},"geometry":{"type":"LineString","coordinates":[[90.766,27.3809],[90.7872,27.3797],[90.7921,27.3743],[90.8007,27.3093],[90.8321,27.2648],[90.8243,27.2121],[90.8382,27.1903],[90.8282,27.1822],[90.805,27.1797],[90.7934,27.1706],[90.7975,27.1561],[90.7885,27.1449],[90.7932,27.1408],[90.7905,27.1347],[90.798,27.1314],[90.7954,27.1214],[90.7898,27.1203],[90.7911,27.1135],[90.7858,27.1061],[90.7596,27.1051],[90.757,27.0983]]}},{"type":"Feature","properties":{"name":"Sutia River","major":false},"geometry":{"type":"MultiLineString","coordinates":[[[90.2985,24.7976],[90.2991,24.7987]],[[90.2992,24.7987],[90.2898,24.8042],[90.2823,24.7979],[90.2599,24.8028]],[[90.2991,24.7987],[90.2992,24.7987]],[[90.3119,24.7752],[90.3026,24.7794],[90.3057,24.7877],[90.2976,24.7929],[90.2985,24.7976]],[[90.3121,24.7752],[90.3119,24.7752]],[[90.3145,24.7608],[90.3144,24.7611]],[[90.3144,24.7611],[90.3198,24.7714],[90.3121,24.7752]],[[90.3346,24.7525],[90.3346,24.7527]],[[90.3346,24.7527],[90.3145,24.7608]],[[90.3361,24.7442],[90.336,24.7444]],[[90.336,24.7444],[90.3346,24.7525]]]}},{"type":"Feature","properties":{"name":"Morabela River","major":false},"geometry":{"type":"LineString","coordinates":[[91.2626,24.7253],[91.2496,24.7169],[91.2538,24.6942],[91.2674,24.6858],[91.2648,24.6627],[91.2462,24.6681],[91.2413,24.6581],[91.2476,24.6494],[91.2447,24.6463]]}},{"type":"Feature","properties":{"name":"Surma river","major":false},"geometry":{"type":"LineString","coordinates":[[91.1932,24.6384],[91.1958,24.6261],[91.1774,24.6319],[91.1803,24.6248],[91.1692,24.6139],[91.1689,24.6064],[91.1474,24.6091],[91.144,24.6029],[91.123,24.6009]]}},{"type":"Feature","properties":{"name":"Dharail River","major":false},"geometry":{"type":"MultiLineString","coordinates":[[[91.2734,24.6488],[91.265,24.6463],[91.2625,24.6349],[91.2567,24.6434],[91.2523,24.6416],[91.2574,24.6231],[91.2651,24.6193],[91.2605,24.6152],[91.262,24.6078],[91.2324,24.5943],[91.2226,24.576],[91.2043,24.5887],[91.1956,24.5827],[91.1853,24.6014],[91.1689,24.6064]],[[91.1671,24.6068],[91.1598,24.6133],[91.1565,24.6128],[91.1594,24.6084]]]}},{"type":"Feature","properties":{"name":"Um Krem","major":false},"geometry":{"type":"MultiLineString","coordinates":[[[92.0553,25.2512],[92.0594,25.2386],[92.0475,25.2359],[92.0429,25.2275],[92.0306,25.2277],[92.0311,25.2215],[92.0217,25.2238],[92.0058,25.208]],[[92.0836,25.2771],[92.0697,25.2747],[92.0716,25.2671],[92.0648,25.2669],[92.0553,25.2512]]]}},{"type":"Feature","properties":{"name":"Kukichara","major":false},"geometry":{"type":"LineString","coordinates":[[92.653,24.2729],[92.6468,24.2795],[92.6388,24.2789],[92.6447,24.2902],[92.6349,24.2949],[92.6403,24.3336],[92.6359,24.3313],[92.6356,24.3369],[92.6252,24.3344],[92.6267,24.3411],[92.6218,24.342],[92.6227,24.3514],[92.6183,24.3506],[92.6136,24.358],[92.6137,24.3712],[92.6081,24.3742],[92.6063,24.385],[92.5942,24.3968],[92.5865,24.3956],[92.5853,24.387],[92.5734,24.3938],[92.5653,24.3899],[92.5678,24.3966],[92.5634,24.3949]]}},{"type":"Feature","properties":{"name":"Chem Lui","major":false},"geometry":{"type":"MultiLineString","coordinates":[[[92.7161,24.2357],[92.7149,24.2705],[92.7198,24.2929],[92.7516,24.3346],[92.7568,24.3492],[92.7668,24.3431],[92.7688,24.35]],[[92.7688,24.35],[92.77,24.3502]],[[92.77,24.3502],[92.7729,24.355]]]}},{"type":"Feature","properties":{"name":"Serlui","major":false},"geometry":{"type":"MultiLineString","coordinates":[[[92.7677,24.3383],[92.7677,24.3394]],[[92.7679,24.3368],[92.7677,24.3383]],[[92.7202,24.0635],[92.7234,24.0768],[92.7287,24.0789],[92.7267,24.0884],[92.7341,24.0864],[92.7376,24.0961],[92.7322,24.1096],[92.7409,24.1156],[92.7411,24.1256],[92.7351,24.13],[92.7433,24.1479],[92.7371,24.1627],[92.7408,24.1851],[92.7377,24.2046],[92.7414,24.2044],[92.7442,24.2157],[92.7391,24.2284],[92.7461,24.2458],[92.7435,24.2622],[92.7512,24.2681],[92.7627,24.301],[92.7576,24.3108],[92.765,24.3125],[92.7714,24.3259],[92.7679,24.3368]],[[92.7677,24.3394],[92.7806,24.3466],[92.7729,24.3547],[92.7798,24.3557],[92.7788,24.3733],[92.7849,24.3748],[92.777,24.3858],[92.7862,24.3919],[92.7838,24.3953],[92.7911,24.4085],[92.7914,24.414],[92.7882,24.4135],[92.7978,24.4339],[92.7953,24.4407],[92.8039,24.4706],[92.8107,24.472],[92.8068,24.4753],[92.8139,24.4786],[92.8067,24.4825],[92.8036,24.4929],[92.807,24.4986],[92.8117,24.4948],[92.8092,24.5074],[92.8137,24.5088],[92.8137,24.5176],[92.824,24.5209],[92.8348,24.5439],[92.8504,24.5611],[92.845,24.5579],[92.8422,24.5637],[92.8484,24.5667],[92.848,24.577],[92.8411,24.5759],[92.8434,24.5919],[92.8489,24.5958],[92.8457,24.5983],[92.8514,24.598],[92.8471,24.6082],[92.8521,24.6085],[92.852,24.6138],[92.8481,24.6137],[92.8521,24.6181],[92.8478,24.6215],[92.855,24.6372],[92.8685,24.6463],[92.8642,24.6499],[92.8694,24.6482],[92.8675,24.6541],[92.8727,24.6529],[92.8681,24.6581],[92.8743,24.6623],[92.8792,24.6597],[92.8777,24.6659],[92.8867,24.6616]],[[92.7805,24.374],[92.7811,24.373]]]}},{"type":"Feature","properties":{"name":"Tuibum","major":false},"geometry":{"type":"LineString","coordinates":[[93.1215,24.1865],[93.1179,24.1848],[93.1149,24.1908],[93.1059,24.1894],[93.1087,24.1865],[93.1028,24.1819],[93.1039,24.1697],[93.0949,24.165],[93.1002,24.1605],[93.0954,24.1514],[93.0969,24.1385],[93.0928,24.1384],[93.0958,24.1346],[93.0861,24.1251],[93.0876,24.1071],[93.0793,24.1016]]}},{"type":"Feature","properties":{"name":"Heriok River","major":false},"geometry":{"type":"MultiLineString","coordinates":[[[94.0871,24.572],[94.0812,24.5828],[94.0565,24.5871],[94.0369,24.5981],[93.9948,24.5827],[93.9719,24.5807],[93.9435,24.5554]],[[94.0961,24.5661],[94.0871,24.572]]]}},{"type":"Feature","properties":{"name":"Upper Nambol River","major":false},"geometry":{"type":"LineString","coordinates":[[93.836,24.7359],[93.8392,24.7298],[93.8322,24.721],[93.8428,24.709],[93.8424,24.6916],[93.801,24.672],[93.7989,24.6591],[93.8027,24.6488]]}},{"type":"Feature","properties":{"name":"Tuijang","major":false},"geometry":{"type":"LineString","coordinates":[[93.2189,24.2229],[93.2103,24.2329],[93.2265,24.2651],[93.2224,24.2693],[93.2288,24.2701],[93.2297,24.2757],[93.24,24.2764],[93.2375,24.3011],[93.2498,24.3055],[93.24,24.3127],[93.2385,24.3316],[93.2324,24.331],[93.2292,24.3376],[93.2299,24.3489],[93.2233,24.3546],[93.2271,24.3618],[93.2227,24.3709],[93.2272,24.3735],[93.2218,24.3797],[93.2244,24.3903],[93.2349,24.3992],[93.2313,24.4016],[93.2377,24.4139],[93.2329,24.4136],[93.2403,24.4172],[93.2406,24.4305],[93.2504,24.4384],[93.2493,24.4476],[93.2532,24.4459],[93.2629,24.4563],[93.2577,24.4625],[93.259,24.4701],[93.2524,24.4713],[93.2558,24.4898],[93.2507,24.4993],[93.2568,24.5116]]}},{"type":"Feature","properties":{"name":"Thingbong","major":false},"geometry":{"type":"MultiLineString","coordinates":[[[93.5768,24.5323],[93.5641,24.5185],[93.5643,24.5057],[93.5707,24.4981]],[[93.5695,24.5916],[93.5768,24.5323]]]}},{"type":"Feature","properties":{"name":"Tuineng","major":false},"geometry":{"type":"LineString","coordinates":[[93.8158,24.3063],[93.8366,24.2904],[93.8335,24.2724],[93.8269,24.2676],[93.828,24.2559],[93.8434,24.2395],[93.8599,24.2332]]}},{"type":"Feature","properties":{"name":"Bara Langpher River","major":false},"geometry":{"type":"MultiLineString","coordinates":[[[93.0634,25.7771],[93.0585,25.7727],[93.0588,25.7814],[93.0523,25.7787]],[[93.3522,25.6985],[93.3377,25.7003],[93.3271,25.7133],[93.2992,25.716],[93.2813,25.7316],[93.2771,25.7272],[93.2768,25.7323],[93.2558,25.7467],[93.2321,25.7525],[93.2271,25.7664],[93.2163,25.77],[93.1962,25.7699],[93.191,25.7657],[93.1749,25.7742],[93.1559,25.7705],[93.1423,25.7799],[93.1358,25.7776],[93.1299,25.7827],[93.1339,25.7883],[93.1219,25.7875],[93.1268,25.7924],[93.1189,25.7914],[93.1169,25.7955],[93.1165,25.792],[93.0979,25.794],[93.0898,25.7902],[93.0764,25.7955],[93.0757,25.79],[93.0706,25.789],[93.0776,25.7871],[93.0752,25.7813],[93.0634,25.7771]]]}},{"type":"Feature","properties":{"name":"Robi Nadi","major":false},"geometry":{"type":"LineString","coordinates":[[93.012,25.1454],[93.0151,25.1514],[93.0004,25.1566],[92.9914,25.1848],[92.9955,25.1926],[92.994,25.205],[92.9995,25.2112]]}},{"type":"Feature","properties":{"name":"Wahkhunriam","major":false},"geometry":{"type":"LineString","coordinates":[[92.6903,25.2244],[92.7081,25.2379],[92.7042,25.2474],[92.7129,25.259],[92.7227,25.2587],[92.7225,25.2651],[92.731,25.2732],[92.7246,25.2807],[92.732,25.2844],[92.7318,25.2912],[92.7458,25.2857],[92.7471,25.2948],[92.7591,25.2895],[92.7571,25.2968],[92.7654,25.3027],[92.7835,25.3007]]}},{"type":"Feature","properties":{"name":"Kopili River","major":true},"geometry":{"type":"MultiLineString","coordinates":[[[92.5658,25.464],[92.5651,25.4742],[92.5746,25.4907],[92.6207,25.5163],[92.6322,25.528]],[[92.7835,25.3007],[92.7815,25.3075],[92.7874,25.3152],[92.7827,25.3335],[92.772,25.3381],[92.7627,25.3338],[92.7495,25.344],[92.7484,25.3521]],[[92.7484,25.3521],[92.7391,25.3608],[92.7384,25.3674],[92.7319,25.369],[92.7377,25.3796],[92.7224,25.3784],[92.7172,25.3728],[92.7091,25.3856],[92.6973,25.387],[92.6922,25.3986],[92.6729,25.4146],[92.6673,25.4149],[92.6618,25.406],[92.6508,25.4205],[92.6536,25.4338],[92.6389,25.4175],[92.625,25.4351],[92.6276,25.4231],[92.6224,25.4212]],[[92.6224,25.4212],[92.6176,25.4226],[92.6056,25.414],[92.6044,25.4479],[92.5975,25.4506],[92.597,25.4699],[92.5838,25.4658],[92.5806,25.4725],[92.5658,25.464]]]}},{"type":"Feature","properties":{"name":"Amki River","major":false},"geometry":{"type":"LineString","coordinates":[[92.621,25.783],[92.6281,25.7866],[92.6453,25.779],[92.6649,25.7801],[92.6962,25.7672],[92.7043,25.7713],[92.7102,25.7594],[92.7172,25.7615],[92.7424,25.7518]]}},{"type":"Feature","properties":{"name":"Amreng River","major":false},"geometry":{"type":"LineString","coordinates":[[92.7424,25.7518],[92.7486,25.7617],[92.7603,25.7617],[92.7681,25.7558],[92.7894,25.7583],[92.8067,25.7428],[92.8324,25.752],[92.8454,25.7515]]}},{"type":"Feature","properties":{"name":"panenkoeke River","major":false},"geometry":{"type":"LineString","coordinates":[[92.5153,25.9809],[92.5281,25.9744],[92.5397,25.9778],[92.5511,25.9656],[92.5667,25.9617],[92.5753,25.9652],[92.5899,25.963],[92.5972,25.9773],[92.6111,25.9772],[92.6142,25.9813]]}},{"type":"Feature","properties":{"name":"Dlhamlal Nadi","major":false},"geometry":{"type":"LineString","coordinates":[[92.9358,25.1845],[92.9423,25.2211],[92.9327,25.227],[92.9133,25.212],[92.9015,25.2127],[92.9002,25.2538],[92.8906,25.2556],[92.8799,25.2649]]}},{"type":"Feature","properties":{"name":"Kayāng Nadi","major":false},"geometry":{"type":"LineString","coordinates":[[92.6832,25.0676],[92.6873,25.0742],[92.6953,25.0696],[92.7214,25.0679],[92.7274,25.0684],[92.7267,25.0732],[92.744,25.067],[92.7487,25.0724],[92.8006,25.0852]]}},{"type":"Feature","properties":{"name":"Larang Nadi","major":false},"geometry":{"type":"MultiLineString","coordinates":[[[92.5658,24.9899],[92.5692,24.9841],[92.5648,24.9767],[92.5518,24.9688],[92.5303,24.9671],[92.5328,24.9629],[92.5231,24.9537],[92.5213,24.9411],[92.5177,24.9458],[92.5119,24.9421],[92.5063,24.9485],[92.4972,24.9399],[92.4963,24.9552],[92.4879,24.9489]],[[92.6769,25.0814],[92.6791,25.0737],[92.6537,25.0696],[92.6497,25.0617],[92.6306,25.0685],[92.6342,25.0549],[92.6278,25.0459],[92.6225,25.0455],[92.6203,25.0369],[92.6258,25.0192]],[[92.6258,25.0192],[92.6247,25.0115],[92.6163,25.0093],[92.6207,25.0043],[92.6082,25.0042],[92.6013,24.9965],[92.5903,25.0019],[92.5818,24.9919],[92.573,24.9906],[92.5734,24.9962],[92.5669,24.9951],[92.5609,24.9892],[92.5658,24.9899]]]}},{"type":"Feature","properties":{"name":"Dona Nadi","major":false},"geometry":{"type":"MultiLineString","coordinates":[[[92.3951,25.0244],[92.3894,25.0209],[92.3927,25.011],[92.3893,25.008],[92.3723,25.0125]],[[92.425,25.0633],[92.4149,25.06],[92.4147,25.0557]],[[92.4054,25.0392],[92.3951,25.0244]],[[92.4147,25.0557],[92.4052,25.0487],[92.4058,25.0436],[92.4119,25.0419],[92.4054,25.0392]]]}},{"type":"Feature","properties":{"name":"Bali Chara Nadi","major":false},"geometry":{"type":"LineString","coordinates":[[92.4719,25.0693],[92.4647,25.0555],[92.4568,25.0537],[92.457,25.0465],[92.4623,25.0481],[92.4649,25.0378],[92.4571,25.0257],[92.4672,25.0114],[92.4568,25.001],[92.4619,24.9915],[92.4562,24.9884],[92.4606,24.9868],[92.4578,24.9714]]}},{"type":"Feature","properties":{"name":"Gumra Nadi","major":false},"geometry":{"type":"MultiLineString","coordinates":[[[92.5488,25.0525],[92.5364,25.0337],[92.5187,25.0253],[92.509,25.0105],[92.5091,25.0019],[92.5227,24.997],[92.5276,24.9852],[92.5227,24.9856],[92.5269,24.9785],[92.5227,24.9808]],[[92.5227,24.9808],[92.5165,24.974],[92.5018,24.9766],[92.5024,24.9729],[92.4961,24.9728],[92.4706,24.95],[92.4646,24.955]],[[92.5543,25.0543],[92.5488,25.0525]]]}},{"type":"Feature","properties":{"name":"Um Lunar","major":false},"geometry":{"type":"MultiLineString","coordinates":[[[92.4274,25.2408],[92.4296,25.2339],[92.4226,25.2303],[92.4239,25.2146],[92.4359,25.2016],[92.4259,25.1946],[92.4328,25.1897],[92.4263,25.1746],[92.4377,25.1645],[92.438,25.1571]],[[92.3966,25.2975],[92.3913,25.2917],[92.4039,25.2886],[92.4038,25.283],[92.4136,25.277],[92.4111,25.2713],[92.4234,25.268],[92.4339,25.2541],[92.4366,25.2455],[92.4274,25.2408]]]}},{"type":"Feature","properties":{"name":"Jiri Gang","major":false},"geometry":{"type":"MultiLineString","coordinates":[[[93.1017,25.0909],[93.1027,25.0823],[93.0931,25.0683],[93.0971,25.0611],[93.0949,25.0521],[93.083,25.0416],[93.0836,25.031],[93.076,25.0271],[93.075,25.0139],[93.0669,25.0012]],[[93.0687,25.0025],[93.066,24.9977]]]}},{"type":"Feature","properties":{"name":"Arang Chara","major":false},"geometry":{"type":"LineString","coordinates":[[92.6839,25.0357],[92.6859,25.0176],[92.6947,25.0129],[92.6974,25.0167],[92.7073,25.0083],[92.6915,25.0064],[92.6829,25.0001],[92.6778,25.0026],[92.6591,24.9816],[92.6717,24.9691],[92.6669,24.9632],[92.6701,24.9581],[92.6672,24.9501],[92.6725,24.9467],[92.6607,24.9254],[92.6695,24.9199],[92.6612,24.9162],[92.6535,24.9015],[92.6312,24.8944],[92.6289,24.8844],[92.6122,24.885],[92.6106,24.8796],[92.5996,24.8771]]}},{"type":"Feature","properties":{"name":"Yāh Nadi","major":false},"geometry":{"type":"MultiLineString","coordinates":[[[93.2533,25.2517],[93.2391,25.2578],[93.2221,25.2529],[93.2161,25.2567],[93.1912,25.2482],[93.1894,25.2423],[93.1753,25.2513]],[[93.2732,25.2556],[93.2643,25.2499],[93.2533,25.2517]]]}},{"type":"Feature","properties":{"name":"Delen Nadi","major":false},"geometry":{"type":"MultiLineString","coordinates":[[[93.1934,25.2787],[93.1667,25.2795],[93.1358,25.3095]],[[93.1116,25.2669],[93.1063,25.2771],[93.091,25.2846],[93.0915,25.291],[93.0834,25.2922]],[[93.0834,25.2922],[93.08,25.2972],[93.0845,25.3013],[93.0836,25.3147],[93.0696,25.3204],[93.0671,25.3166],[93.0639,25.3262],[93.0747,25.3418],[93.0788,25.3389]]]}},{"type":"Feature","properties":{"name":"Dialeng Nadi","major":false},"geometry":{"type":"LineString","coordinates":[[93.1405,24.9605],[93.1157,24.9283],[93.1139,24.922],[93.1197,24.9117],[93.1095,24.9033],[93.1072,24.8873],[93.0911,24.8878],[93.0787,24.8771],[93.0706,24.8601]]}},{"type":"Feature","properties":{"name":"Diglāng Nadi","major":false},"geometry":{"type":"MultiLineString","coordinates":[[[93.2099,24.9354],[93.2058,24.9261],[93.2086,24.9109],[93.1974,24.9011],[93.198,24.8955],[93.1807,24.8847],[93.1666,24.8835],[93.1534,24.8676],[93.1481,24.8717],[93.1407,24.8698],[93.1323,24.86]],[[93.2086,24.9636],[93.2037,24.9451],[93.2099,24.9354]]]}},{"type":"Feature","properties":{"name":"Muntriang River","major":false},"geometry":{"type":"LineString","coordinates":[[92.2699,25.8635],[92.2892,25.8851],[92.2971,25.8731],[92.3077,25.8734],[92.3144,25.8607],[92.3277,25.886],[92.3391,25.8963],[92.3456,25.8952],[92.3433,25.9016],[92.3505,25.9051],[92.3501,25.9103],[92.3742,25.926],[92.3718,25.9324],[92.3773,25.9331],[92.3887,25.9584],[92.4119,25.9773],[92.4269,25.9826],[92.4322,25.9703],[92.5091,25.9861],[92.5153,25.9809]]}},{"type":"Feature","properties":{"name":"Lilang Nadi","major":false},"geometry":{"type":"MultiLineString","coordinates":[[[92.5497,25.2847],[92.5428,25.286],[92.5424,25.2906],[92.5353,25.2898],[92.5356,25.301],[92.5314,25.3023],[92.5357,25.3057],[92.5289,25.3119],[92.5355,25.3192],[92.5333,25.3247],[92.5393,25.3282],[92.5346,25.3376],[92.5407,25.3371],[92.548,25.3476],[92.5523,25.3474],[92.5511,25.3582],[92.5619,25.3574],[92.555,25.3654],[92.5622,25.3673],[92.5583,25.3716],[92.5602,25.3779],[92.5676,25.3823]],[[92.5676,25.3823],[92.5616,25.3881],[92.5568,25.3843],[92.5547,25.3891],[92.5514,25.3836],[92.5445,25.3882]]]}},{"type":"Feature","properties":{"name":"Tyrsiang Nadi","major":false},"geometry":{"type":"MultiLineString","coordinates":[[[92.2945,25.4042],[92.3076,25.394],[92.3012,25.386],[92.3071,25.3655]],[[92.3071,25.3655],[92.3128,25.3676],[92.3156,25.3636],[92.3091,25.3453],[92.3149,25.3411],[92.3164,25.3242],[92.3234,25.3113],[92.3152,25.3074],[92.3183,25.299],[92.3115,25.2884],[92.2973,25.2954],[92.2929,25.2917],[92.2903,25.2731],[92.2828,25.2711],[92.2875,25.2644]]]}},{"type":"Feature","properties":{"name":"Um Swai","major":false},"geometry":{"type":"LineString","coordinates":[[92.2865,25.3819],[92.2607,25.3757],[92.265,25.3634],[92.2603,25.3515],[92.3071,25.3655]]}},{"type":"Feature","properties":{"name":"Prang River","major":false},"geometry":{"type":"LineString","coordinates":[[92.2985,25.1444],[92.2965,25.1401],[92.2899,25.1442],[92.2813,25.1365],[92.2474,25.1324],[92.2374,25.1229],[92.2303,25.1285],[92.2063,25.1303]]}},{"type":"Feature","properties":{"name":"Lynriang","major":false},"geometry":{"type":"LineString","coordinates":[[92.2875,25.2644],[92.2358,25.2428],[92.2247,25.233],[92.2258,25.2227]]}},{"type":"Feature","properties":{"name":"Um Tarang","major":false},"geometry":{"type":"LineString","coordinates":[[92.3464,25.4045],[92.3634,25.4092],[92.3773,25.4071],[92.4431,25.4236],[92.4514,25.4217],[92.4903,25.4419],[92.5198,25.4415],[92.5267,25.4341],[92.5349,25.4352]]}},{"type":"Feature","properties":{"name":"Um Tyrngal","major":false},"geometry":{"type":"LineString","coordinates":[[92.1132,25.2781],[92.1293,25.2707],[92.114,25.2604],[92.1332,25.243],[92.134,25.2369],[92.1127,25.2152],[92.0853,25.2013],[92.0735,25.1824],[92.0916,25.1755],[92.1001,25.1669],[92.1002,25.1596]]}},{"type":"Feature","properties":{"name":"Seshympa","major":false},"geometry":{"type":"MultiLineString","coordinates":[[[92.3162,25.2007],[92.3215,25.1846],[92.3151,25.1775],[92.3168,25.168],[92.308,25.151],[92.2975,25.1496],[92.2985,25.1444]],[[92.3161,25.2117],[92.3196,25.2041],[92.3162,25.2007]]]}},{"type":"Feature","properties":{"name":"Lyber","major":false},"geometry":{"type":"LineString","coordinates":[[92.3509,25.265],[92.3032,25.232],[92.3036,25.2271],[92.3164,25.2177],[92.3126,25.2126],[92.3161,25.2117]]}},{"type":"Feature","properties":{"name":"Um Ryngka","major":false},"geometry":{"type":"LineString","coordinates":[[92.1818,25.2075],[92.1906,25.195],[92.1869,25.1897],[92.1547,25.1792],[92.1523,25.1612],[92.1387,25.1574],[92.1345,25.1497],[92.1307,25.1532],[92.1234,25.1488],[92.12,25.1352],[92.1136,25.1292]]}},{"type":"Feature","properties":{"name":"Mynsar Nadi","major":false},"geometry":{"type":"LineString","coordinates":[[92.4279,25.5055],[92.4552,25.5055],[92.4617,25.4984],[92.4841,25.5014],[92.5016,25.4969],[92.5177,25.5132],[92.5292,25.5165],[92.5303,25.5118],[92.5358,25.5124],[92.5349,25.5076],[92.5453,25.5106],[92.5622,25.5072],[92.5651,25.5142],[92.5572,25.5359],[92.563,25.5434],[92.5842,25.5508]]}},{"type":"Feature","properties":{"name":"Myntang River","major":false},"geometry":{"type":"LineString","coordinates":[[92.2434,25.5054],[92.238,25.5076],[92.2348,25.5034],[92.2206,25.51],[92.2189,25.5188],[92.2109,25.5179],[92.2062,25.5045],[92.1977,25.5052],[92.1847,25.525],[92.1898,25.5338],[92.182,25.5382],[92.1896,25.5451],[92.1819,25.5522],[92.1839,25.5592],[92.2301,25.5726],[92.2493,25.5718],[92.2394,25.5654],[92.2407,25.5588],[92.2616,25.558],[92.2858,25.5497],[92.2921,25.5536],[92.2966,25.548],[92.311,25.5551],[92.3174,25.5519],[92.3193,25.563],[92.3439,25.5627],[92.3369,25.5585],[92.3407,25.553],[92.3593,25.5429],[92.3672,25.5524],[92.4028,25.5532],[92.4382,25.5611],[92.4702,25.5572],[92.499,25.5733],[92.5017,25.5802],[92.5142,25.5813],[92.5152,25.5919],[92.5197,25.5941],[92.5276,25.5868],[92.5368,25.5879],[92.538,25.5978],[92.5558,25.5947],[92.5551,25.5849],[92.5599,25.5801],[92.5573,25.571],[92.5721,25.5577],[92.5832,25.5578],[92.5844,25.5507],[92.5957,25.5516],[92.6029,25.5626],[92.6216,25.5658],[92.6486,25.5919],[92.6549,25.5917],[92.658,25.574],[92.6619,25.5725]]}},{"type":"Feature","properties":{"name":"Umrong","major":false},"geometry":{"type":"LineString","coordinates":[[92.7127,25.5287],[92.7194,25.5438],[92.7175,25.5491],[92.7267,25.5561],[92.7334,25.5526],[92.7355,25.5579],[92.7391,25.5704],[92.7322,25.5842],[92.735,25.592]]}},{"type":"Feature","properties":{"name":"Lānglāi River","major":false},"geometry":{"type":"LineString","coordinates":[[92.799,25.4662],[92.8316,25.4624],[92.8736,25.4372],[92.8862,25.4582],[92.8942,25.4545],[92.9152,25.4596],[92.9251,25.4573],[92.9372,25.4637],[92.9637,25.4632],[92.9742,25.4542],[92.977,25.4628],[92.9819,25.4665],[92.9845,25.4604],[92.9904,25.4633],[92.9934,25.4665],[92.9878,25.4689],[92.9916,25.4751],[92.9985,25.4754]]}},{"type":"Feature","properties":{"name":"Umstew","major":false},"geometry":{"type":"LineString","coordinates":[[91.9748,25.4564],[91.9678,25.4563],[91.9632,25.4443],[91.9579,25.4438],[91.9375,25.4216],[91.9275,25.4257],[91.9132,25.4169]]}},{"type":"Feature","properties":{"name":"Umjar","major":false},"geometry":{"type":"LineString","coordinates":[[91.9806,25.42],[91.9767,25.4043],[91.9645,25.3919],[91.9607,25.375],[91.9514,25.3678],[91.9502,25.3491],[91.9431,25.3423]]}},{"type":"Feature","properties":{"name":"Um Tangphar","major":false},"geometry":{"type":"LineString","coordinates":[[92.0048,25.4482],[92.0119,25.4342],[92.0167,25.4368],[92.0165,25.4328],[92.023,25.4307],[92.0406,25.4512],[92.0665,25.4498],[92.0754,25.4616],[92.091,25.4685],[92.0992,25.4561]]}},{"type":"Feature","properties":{"name":"Dzuko River","major":false},"geometry":{"type":"MultiLineString","coordinates":[[[94.0656,25.5564],[94.0481,25.5755],[94.0431,25.5767],[94.0376,25.5703],[94.0363,25.5794],[94.0294,25.5769],[94.0218,25.5902],[94.0126,25.5923],[94.0019,25.5855],[94.0103,25.5739],[94.0084,25.5677],[93.9854,25.568]],[[93.9854,25.568],[93.9748,25.565],[93.9725,25.5576],[93.9634,25.5516],[93.9555,25.5507],[93.9385,25.5587],[93.8883,25.565]]]}},{"type":"Feature","properties":{"name":"Ruanding Lui","major":false},"geometry":{"type":"MultiLineString","coordinates":[[[92.9617,24.2984],[92.9643,24.3115],[92.9524,24.3202],[92.9588,24.3232],[92.963,24.3351]],[[92.963,24.3351],[92.9722,24.3571],[92.9878,24.3742],[92.9947,24.3758],[92.9989,24.3896],[92.9949,24.3989],[93.0082,24.4117]]]}},{"type":"Feature","properties":{"name":"Tuili","major":false},"geometry":{"type":"MultiLineString","coordinates":[[[93.521,24.3817],[93.5106,24.38],[93.4913,24.3453],[93.4892,24.337],[93.4936,24.3335],[93.4862,24.3262],[93.4888,24.3202],[93.4819,24.3127],[93.4679,24.2678],[93.4613,24.2639],[93.4649,24.2606],[93.46,24.2553],[93.4672,24.2443],[93.4571,24.2344],[93.4681,24.2254]],[[93.5323,24.3822],[93.5211,24.3816]],[[93.5211,24.3816],[93.521,24.3817]]]}},{"type":"Feature","properties":{"name":"Tuila","major":false},"geometry":{"type":"MultiLineString","coordinates":[[[93.5891,24.3237],[93.5821,24.316],[93.5871,24.3026],[93.5753,24.2875],[93.5751,24.2763],[93.5691,24.2766],[93.574,24.2736],[93.5735,24.2677],[93.5658,24.253]],[[93.6433,24.4183],[93.63,24.3883],[93.6097,24.3768],[93.5907,24.351],[93.5919,24.3397],[93.5868,24.3375],[93.5856,24.3247],[93.5891,24.3237]],[[93.5658,24.253],[93.5639,24.2441],[93.5692,24.2451],[93.572,24.2395],[93.5687,24.2361],[93.5647,24.2399],[93.5669,24.2315],[93.5609,24.23],[93.5651,24.225],[93.5603,24.2243],[93.5637,24.2184],[93.5586,24.2127],[93.5678,24.2031],[93.5572,24.2002],[93.5607,24.1908],[93.5472,24.1904],[93.5577,24.1875],[93.549,24.1872],[93.5516,24.1807],[93.5453,24.1776],[93.5523,24.1738],[93.5463,24.1695]]]}},{"type":"Feature","properties":{"name":"Dhal Chhara","major":false},"geometry":{"type":"LineString","coordinates":[[92.69,24.4265],[92.698,24.4389],[92.6961,24.4449],[92.7076,24.4589],[92.7061,24.4913],[92.6896,24.5031],[92.6657,24.5028],[92.6454,24.5088],[92.632,24.521],[92.6224,24.5213],[92.6163,24.5297]]}},{"type":"Feature","properties":{"name":"Chikhu Nadi","major":false},"geometry":{"type":"MultiLineString","coordinates":[[[93.2108,25.1731],[93.2012,25.1812],[93.199,25.1736],[93.1811,25.1605],[93.1798,25.1439],[93.185,25.137]],[[93.185,25.137],[93.1895,25.1325],[93.1811,25.1264],[93.1826,25.1227],[93.1893,25.1215],[93.1981,25.1022],[93.2058,25.0919],[93.2174,25.0869],[93.2187,25.0811]]]}},{"type":"Feature","properties":{"name":"Bar Dikharu Nadi","major":false},"geometry":{"type":"LineString","coordinates":[[93.0642,26.3807],[93.059,26.3741],[93.0529,26.3741],[93.0355,26.3429],[93.0858,26.3496],[93.0899,26.3251],[93.0979,26.3216],[93.0987,26.3157]]}},{"type":"Feature","properties":{"name":"Horu Dikharu Nadi","major":false},"geometry":{"type":"LineString","coordinates":[[93.1699,26.3836],[93.1607,26.3634],[93.1469,26.3671],[93.1216,26.357],[93.1122,26.3308],[93.0984,26.3152]]}},{"type":"Feature","properties":{"name":"Nyenle River","major":false},"geometry":{"type":"LineString","coordinates":[[94.998,27.9238],[94.9816,27.9117],[94.9735,27.9162],[94.9676,27.9142],[94.9652,27.907],[94.9593,27.9075],[94.9675,27.9038],[94.9438,27.8898],[94.9309,27.8855],[94.9205,27.8883]]}},{"type":"Feature","properties":{"name":"Kidi River","major":false},"geometry":{"type":"LineString","coordinates":[[94.7788,27.9348],[94.7679,27.9445],[94.7343,27.9445],[94.7106,27.9571],[94.7034,27.9551],[94.6996,27.9639],[94.6962,27.9661],[94.6949,27.9619],[94.6907,27.9661],[94.6924,27.9715],[94.687,27.9721],[94.6868,27.9773],[94.673,27.9758],[94.6696,27.9896],[94.6562,27.9909],[94.6417,28.0021],[94.6118,27.9654],[94.6013,27.9649],[94.6002,27.97],[94.5897,27.9707],[94.5889,27.9748],[94.5822,27.9694],[94.5753,27.9745],[94.5602,27.9685],[94.5495,27.9725],[94.5153,27.9702]]}},{"type":"Feature","properties":{"name":"新斤河","major":false},"geometry":{"type":"LineString","coordinates":[[94.5681,27.8765],[94.563,27.8745],[94.557,27.8861],[94.5455,27.8843],[94.5458,27.8888],[94.5414,27.8894],[94.5384,27.8841],[94.5091,27.8906],[94.4823,27.8805],[94.4729,27.8854],[94.4566,27.8827],[94.4352,27.8905],[94.4198,27.8856]]}},{"type":"Feature","properties":{"name":"Dulang","major":false},"geometry":{"type":"MultiLineString","coordinates":[[[94.1435,27.4924],[94.153,27.4777],[94.1626,27.475],[94.1857,27.4904],[94.229,27.5008],[94.2516,27.5144],[94.2677,27.5004],[94.2768,27.485],[94.2742,27.4674]],[[94.1236,27.4887],[94.1435,27.4924]]]}},{"type":"Feature","properties":{"name":"Pho Chhu","major":false},"geometry":{"type":"MultiLineString","coordinates":[[[90.0163,27.9551],[90.0056,27.9356],[90.0085,27.9089]],[[89.9037,28.1071],[89.9035,28.0949],[89.8987,28.091],[89.9017,28.0765],[89.9716,28.0234],[90.0004,27.9854],[90.0163,27.9551]]]}},{"type":"Feature","properties":{"name":"Singla","major":false},"geometry":{"type":"MultiLineString","coordinates":[[[92.4389,24.4917],[92.4394,24.5118],[92.4312,24.5122],[92.4281,24.5184],[92.432,24.5244],[92.4296,24.5297],[92.4393,24.5385],[92.4298,24.5487],[92.4411,24.5845],[92.4386,24.593],[92.4448,24.6036],[92.4429,24.6112],[92.4353,24.6145],[92.4375,24.6204],[92.4316,24.626],[92.4371,24.6361],[92.4325,24.6366]],[[92.4306,24.6399],[92.435,24.6428]],[[92.4325,24.6366],[92.4331,24.6565]],[[92.435,24.6428],[92.4395,24.6508],[92.4331,24.6565]],[[92.4331,24.6565],[92.4311,24.6682],[92.4247,24.6727],[92.4391,24.6871],[92.4369,24.6955],[92.4557,24.7092],[92.4619,24.7268]]]}},{"type":"Feature","properties":{"name":"Singla Nadi","major":false},"geometry":{"type":"LineString","coordinates":[[92.3762,24.2618],[92.3859,24.3],[92.3972,24.309],[92.3913,24.3384],[92.3952,24.3531],[92.3897,24.3616],[92.3981,24.3699],[92.3998,24.3873],[92.4121,24.4078],[92.4166,24.4066],[92.4141,24.415],[92.4285,24.4252],[92.4279,24.4334],[92.4315,24.4344],[92.4223,24.4554],[92.4295,24.458],[92.428,24.4761],[92.4389,24.4917]]}},{"type":"Feature","properties":{"name":"Tuipa Ki","major":false},"geometry":{"type":"MultiLineString","coordinates":[[[93.5433,25.0401],[93.5271,25.0417],[93.5013,25.054],[93.4973,25.0518],[93.4806,25.0666],[93.4833,25.0694],[93.4753,25.0713]],[[93.4893,25.0615],[93.488,25.0624]],[[93.5919,25.0311],[93.5741,25.0177],[93.5602,25.022],[93.561,25.0276],[93.5433,25.0401]],[[93.6042,25.0572],[93.6047,25.0504],[93.5919,25.0311]]]}},{"type":"Feature","properties":{"name":"Pian River","major":false},"geometry":{"type":"MultiLineString","coordinates":[[[91.1714,24.8209],[91.1717,24.8097],[91.1601,24.7931],[91.1688,24.7902],[91.1706,24.7815],[91.159,24.772],[91.1597,24.7664],[91.1523,24.768],[91.1223,24.7543],[91.1283,24.7385],[91.1364,24.731],[91.1301,24.7247]],[[91.1291,24.744],[91.1317,24.7477],[91.1237,24.7516]]]}},{"type":"Feature","properties":{"name":"拉龙拉康曲 Pasamlung","major":false},"geometry":{"type":"MultiLineString","coordinates":[[[90.8561,27.9369],[90.8839,27.901],[90.91,27.8841],[90.9549,27.8664],[90.9648,27.8552],[90.9746,27.8307]],[[90.9746,27.8307],[91.0195,27.8127],[91.0311,27.8179],[91.0564,27.8188],[91.08,27.809]]]}},{"type":"Feature","properties":{"name":"什娥曲","major":false},"geometry":{"type":"LineString","coordinates":[[90.0994,28.259],[90.0816,28.2704],[90.0771,28.2796],[90.0602,28.2861],[90.0426,28.2847],[90.0057,28.298],[89.9725,28.2944],[89.9517,28.2832],[89.9279,28.283],[89.9099,28.301]]}},{"type":"Feature","properties":{"name":"康普曲","major":false},"geometry":{"type":"LineString","coordinates":[[90.4258,28.1774],[90.4316,28.2167],[90.4284,28.2226],[90.4322,28.225],[90.4258,28.2417],[90.4435,28.2966],[90.46,28.3118],[90.4916,28.3243],[90.5006,28.3329]]}},{"type":"Feature","properties":{"name":"Tingrāl Nadi","major":false},"geometry":{"type":"LineString","coordinates":[[95.3393,27.4626],[95.3296,27.4589],[95.3248,27.4492],[95.3271,27.4355],[95.3171,27.4252],[95.3029,27.4229],[95.2899,27.4109],[95.2782,27.4087],[95.2756,27.4129],[95.262,27.4054],[95.2532,27.4079],[95.2447,27.3921],[95.2373,27.3905],[95.2337,27.3808],[95.2289,27.3818],[95.2303,27.3741],[95.2148,27.3679],[95.2141,27.3607],[95.1936,27.3603]]}},{"type":"Feature","properties":{"name":"龙东曲","major":false},"geometry":{"type":"LineString","coordinates":[[90.608,28.0613],[90.6362,28.0878],[90.6308,28.1196],[90.643,28.154]]}},{"type":"Feature","properties":{"name":"巴儿曲","major":false},"geometry":{"type":"LineString","coordinates":[[90.5716,28.1447],[90.5798,28.1497],[90.6043,28.1516],[90.6228,28.1349],[90.6281,28.1477],[90.643,28.154]]}},{"type":"Feature","properties":{"name":"Tiyak Nadi","major":false},"geometry":{"type":"LineString","coordinates":[[95.1879,27.0377],[95.1701,27.0569],[95.1663,27.0522],[95.1467,27.0512],[95.1426,27.0457],[95.1327,27.0511],[95.1264,27.0447],[95.1036,27.0459],[95.1057,27.0431],[95.0907,27.0373],[95.0859,27.041],[95.0692,27.0401],[95.0675,27.0453],[95.059,27.048],[95.0521,27.0458],[95.0541,27.0428],[95.0477,27.0373],[95.0322,27.0431],[95.0205,27.0391],[95.0178,27.0436],[95.0091,27.0426],[95.0108,27.0459],[95.0033,27.0435],[95.0045,27.04],[94.9956,27.0429],[94.989,27.0385],[94.9748,27.0444],[94.9752,27.0395]]}},{"type":"Feature","properties":{"name":"Tsupu Zhuku","major":false},"geometry":{"type":"LineString","coordinates":[[94.2608,26.138],[94.2708,26.1416],[94.2735,26.1546],[94.2883,26.1592],[94.2951,26.1709],[94.3012,26.1699],[94.3007,26.1767],[94.312,26.1768],[94.3107,26.1823],[94.3178,26.1843],[94.3257,26.1952]]}},{"type":"Feature","properties":{"name":"Tewai","major":false},"geometry":{"type":"LineString","coordinates":[[95.2725,26.9653],[95.2805,26.9809],[95.2936,26.991],[95.2887,26.9926],[95.2895,27],[95.3075,27.0105],[95.3146,27.0212],[95.3182,27.0154],[95.3209,27.0222],[95.3375,27.0317],[95.3445,27.0271]]}},{"type":"Feature","properties":{"name":"Dhur Chhu","major":false},"geometry":{"type":"LineString","coordinates":[[90.5942,27.7379],[90.5931,27.7267],[90.6069,27.7026],[90.6611,27.6772],[90.6661,27.661],[90.6592,27.6517],[90.6619,27.6348],[90.6758,27.6101],[90.693,27.6073]]}},{"type":"Feature","properties":{"name":"Tipkai River","major":false},"geometry":{"type":"LineString","coordinates":[[90.107,26.3451],[90.0991,26.3319],[90.1225,26.3197],[90.1096,26.3087],[90.1513,26.287],[90.1443,26.2676],[90.1223,26.2598],[90.1245,26.2335],[90.1391,26.2218],[90.1391,26.2068],[90.1615,26.1949],[90.1601,26.1907],[90.1401,26.1836],[90.1408,26.1769],[90.1335,26.1712],[90.1451,26.1624],[90.1414,26.1547]]}},{"type":"Feature","properties":{"name":"Nam Panga","major":false},"geometry":{"type":"LineString","coordinates":[[94.6604,24.8732],[94.6798,24.8782],[94.6852,24.8751],[94.7012,24.8862],[94.724,24.8865],[94.7753,24.9317],[94.7879,24.9291],[94.7936,24.9396],[94.7984,24.9338],[94.8052,24.9469],[94.8121,24.9398],[94.8171,24.9454],[94.8226,24.9446],[94.8062,24.9253],[94.8092,24.9167],[94.7998,24.9121],[94.8037,24.9057],[94.7929,24.8972],[94.796,24.8892],[94.79,24.8851],[94.794,24.8805],[94.8009,24.8853],[94.8015,24.8742],[94.8139,24.8735],[94.8195,24.8812],[94.8281,24.8772],[94.8326,24.8663],[94.8229,24.8629],[94.8166,24.8517],[94.8313,24.8372],[94.8267,24.826],[94.8355,24.8226],[94.8225,24.8161],[94.8241,24.8062],[94.8181,24.8079],[94.7978,24.7979],[94.7854,24.7833],[94.7841,24.7721],[94.7709,24.7694],[94.7639,24.7474],[94.745,24.743],[94.7393,24.7265]]}},{"type":"Feature","properties":{"name":"Sana Lok","major":false},"geometry":{"type":"LineString","coordinates":[[94.6963,25.0412],[94.6904,25.0197],[94.6829,25.0118],[94.6706,25.0127],[94.6718,25.0081],[94.6641,25.0042],[94.6665,24.9957],[94.6578,24.9915],[94.6573,24.9809],[94.647,24.9688],[94.6566,24.9269],[94.6522,24.9134],[94.6604,24.8732]]}},{"type":"Feature","properties":{"name":"Khunou Khong","major":false},"geometry":{"type":"LineString","coordinates":[[94.6002,24.8918],[94.6052,24.883],[94.6032,24.8766],[94.6124,24.8711],[94.6082,24.8581],[94.6105,24.8443],[94.6146,24.8465],[94.6146,24.8398],[94.6214,24.8357],[94.6457,24.8501],[94.6507,24.8563],[94.6483,24.8613],[94.6604,24.8732]]}},{"type":"Feature","properties":{"name":"Arial Kha River","major":false},"geometry":{"type":"MultiLineString","coordinates":[[[90.7098,24.227],[90.7298,24.2076],[90.7308,24.192],[90.7405,24.1957],[90.7522,24.2112],[90.7636,24.2057]],[[90.7636,24.2057],[90.7687,24.1998],[90.7855,24.2018]],[[90.7636,24.2057],[90.7636,24.2057]]]}},{"type":"Feature","properties":{"name":"Kana Lok","major":false},"geometry":{"type":"LineString","coordinates":[[93.8187,24.0787],[93.8177,24.1044],[93.8134,24.1083],[93.8201,24.1087],[93.8402,24.1252],[93.8365,24.1303],[93.8417,24.1386],[93.8401,24.1454],[93.8525,24.162],[93.8483,24.1691],[93.8536,24.1798],[93.8352,24.1862]]}},{"type":"Feature","properties":{"name":"Dibru Nadi River","major":false},"geometry":{"type":"LineString","coordinates":[[93.1078,27.0031],[93.0954,26.9893],[93.0557,27.0012],[93.0351,27.0004]]}},{"type":"Feature","properties":{"name":"Dighaimukh River","major":false},"geometry":{"type":"LineString","coordinates":[[93.2636,27.0116],[93.2477,26.99],[93.2558,26.9585],[93.2506,26.9527],[93.2579,26.946],[93.2566,26.9399],[93.2448,26.9334],[93.2551,26.9267],[93.2467,26.9213],[93.2421,26.9059],[93.2479,26.8834]]}},{"type":"Feature","properties":{"name":"Bargang River","major":false},"geometry":{"type":"LineString","coordinates":[[93.1334,27.0731],[93.1612,27.0509],[93.1723,27.035],[93.1762,27.0109],[93.1935,26.9956],[93.1967,26.9861],[93.2004,26.992],[93.203,26.989],[93.199,26.9865],[93.2029,26.9781],[93.1976,26.9719],[93.2,26.9693],[93.1932,26.9642],[93.196,26.9584],[93.1862,26.9465]]}},{"type":"Feature","properties":{"name":"Puriperti","major":false},"geometry":{"type":"LineString","coordinates":[[93.9633,27.4423],[93.9563,27.4339],[93.9635,27.4309],[93.9089,27.3872]]}},{"type":"Feature","properties":{"name":"Jaihinu","major":false},"geometry":{"type":"LineString","coordinates":[[94.0116,27.3838],[94.016,27.3701],[94.0212,27.3675],[94.0192,27.3573],[94.029,27.35],[94.0412,27.3263],[94.0364,27.3204],[94.0403,27.2959],[94.0371,27.2911]]}},{"type":"Feature","properties":{"name":"Parsen River","major":false},"geometry":{"type":"LineString","coordinates":[[94.1207,27.6252],[94.1204,27.6349],[94.1337,27.6465],[94.1313,27.6569],[94.1451,27.6711],[94.146,27.6865],[94.1652,27.6928],[94.1988,27.7448],[94.1944,27.7481],[94.1944,27.7591],[94.1859,27.7624],[94.1904,27.7696]]}},{"type":"Feature","properties":{"name":"Sipu","major":false},"geometry":{"type":"LineString","coordinates":[[94.0833,27.5134],[94.1078,27.5251],[94.1343,27.5659],[94.144,27.5691],[94.1521,27.5845],[94.1755,27.5988],[94.2095,27.6084]]}},{"type":"Feature","properties":{"name":"Ashun Pani","major":false},"geometry":{"type":"LineString","coordinates":[[95.8576,28.2518],[95.8522,28.2378],[95.8447,28.2318],[95.835,28.238],[95.8258,28.2358],[95.824,28.24],[95.7946,28.2317],[95.7814,28.236],[95.7772,28.2497],[95.7845,28.2609],[95.7872,28.2818],[95.7828,28.2885],[95.7851,28.2993],[95.7895,28.3004],[95.7722,28.3243]]}},{"type":"Feature","properties":{"name":"Emme","major":false},"geometry":{"type":"LineString","coordinates":[[95.923,28.2232],[95.9143,28.2211],[95.8908,28.2],[95.8901,28.1937],[95.8534,28.1602]]}},{"type":"Feature","properties":{"name":"Panyu Pabung","major":false},"geometry":{"type":"MultiLineString","coordinates":[[[93.2663,27.7325],[93.279,27.7248],[93.2823,27.7282],[93.2906,27.7239],[93.3026,27.7345],[93.307,27.7309],[93.311,27.7347]],[[93.311,27.7347],[93.3138,27.7286],[93.3279,27.7339],[93.3293,27.7262],[93.336,27.7241],[93.3411,27.732],[93.3459,27.7292],[93.3517,27.735],[93.358,27.7336],[93.3604,27.7419],[93.3694,27.7372],[93.394,27.7524],[93.4162,27.7479],[93.4244,27.7577],[93.4276,27.7523],[93.4486,27.7554],[93.4606,27.7508],[93.4637,27.7533],[93.4604,27.7617],[93.4685,27.771],[93.5095,27.77],[93.5169,27.7847],[93.5226,27.7832],[93.532,27.7945],[93.5471,27.7954],[93.5543,27.8068]]]}},{"type":"Feature","properties":{"name":"Gayã River","major":false},"geometry":{"type":"LineString","coordinates":[[92.8205,27.4117],[92.8224,27.3789],[92.8102,27.3788],[92.8162,27.3585],[92.8139,27.3538],[92.8065,27.3579],[92.8052,27.3503],[92.8014,27.353],[92.7994,27.3493],[92.8073,27.3345],[92.8047,27.3286],[92.8165,27.3156],[92.84,27.3035],[92.8429,27.2899]]}},{"type":"Feature","properties":{"name":"Khenari","major":false},"geometry":{"type":"LineString","coordinates":[[93.5805,26.2782],[93.635,26.28],[93.6719,26.3105],[93.6769,26.3083],[93.6776,26.3135]]}},{"type":"Feature","properties":{"name":"Daigurung","major":false},"geometry":{"type":"LineString","coordinates":[[93.6671,26.3143],[93.6775,26.3132],[93.6966,26.33],[93.7098,26.3305],[93.7145,26.339],[93.7527,26.351],[93.7538,26.356],[93.7641,26.3575],[93.7681,26.3638],[93.7741,26.3592],[93.7772,26.3675],[93.786,26.3675],[93.7869,26.3765],[93.7944,26.3761],[93.7996,26.3905],[93.8223,26.4051],[93.8271,26.4178],[93.8181,26.4311],[93.8217,26.4457],[93.8143,26.4592],[93.8175,26.4629],[93.8126,26.486],[93.8171,26.5009],[93.8214,26.5003],[93.823,26.5052],[93.8226,26.5269],[93.8335,26.533],[93.836,26.5515],[93.8406,26.554],[93.8355,26.5578],[93.839,26.5603],[93.8347,26.5612],[93.8322,26.5734]]}},{"type":"Feature","properties":{"name":"Chamkhar Chhu","major":false},"geometry":{"type":"MultiLineString","coordinates":[[[90.5415,27.9986],[90.5607,27.9521],[90.6103,27.9155],[90.6357,27.8832]],[[90.6357,27.8832],[90.6616,27.8572]],[[90.6616,27.8572],[90.6692,27.828],[90.7183,27.7707]]]}},{"type":"Feature","properties":{"name":"Ariyal Kha River","major":false},"geometry":{"type":"LineString","coordinates":[[90.8569,24.1051],[90.8508,24.0777],[90.8554,24.0553],[90.8644,24.0453],[90.8615,24.0327],[90.8404,24.0329],[90.8271,24.0091],[90.8237,23.9844],[90.8159,23.9795],[90.8003,23.9829],[90.7857,23.9791],[90.7784,23.9453],[90.7694,23.9369],[90.7568,23.9387],[90.7513,23.9215],[90.7396,23.9158]]}},{"type":"Feature","properties":{"name":"Zhilingchhu","major":false},"geometry":{"type":"LineString","coordinates":[[90.3991,27.2242],[90.3989,27.2183],[90.4121,27.2061],[90.4487,27.2024],[90.4615,27.1889],[90.5032,27.1895],[90.5232,27.1833],[90.5352,27.186],[90.5411,27.1936],[90.5681,27.2003],[90.6019,27.2235],[90.6144,27.2248]]}},{"type":"Feature","properties":{"name":"Timān River","major":false},"geometry":{"type":"LineString","coordinates":[[95.1714,27.098],[95.1614,27.0903],[95.1574,27.0967],[95.1463,27.0935],[95.1475,27.097],[95.1321,27.1081],[95.1227,27.1032],[95.122,27.1073],[95.1088,27.1084],[95.1027,27.1047],[95.1053,27.1022],[95.0977,27.1038],[95.0966,27.0999],[95.0932,27.1055]]}},{"type":"Feature","properties":{"name":"Nanai River","major":false},"geometry":{"type":"MultiLineString","coordinates":[[[91.8805,26.9813],[91.8792,26.9643],[91.8843,26.9525],[91.8778,26.9483],[91.8793,26.9405]],[[91.8793,26.9405],[91.8763,26.9316],[91.8833,26.9256],[91.8844,26.9078],[91.8963,26.8745],[91.8893,26.8553],[91.8872,26.791],[91.8635,26.7538]]]}},{"type":"Feature","properties":{"name":"Pota","major":false},"geometry":{"type":"LineString","coordinates":[[91.2348,26.7902],[91.2269,26.7734],[91.2289,26.7567],[91.2206,26.7506],[91.2234,26.7455],[91.2078,26.725],[91.2067,26.7122],[91.199,26.7091],[91.1838,26.6857]]}},{"type":"Feature","properties":{"name":"Gumtang Chhu","major":false},"geometry":{"type":"LineString","coordinates":[[90.7729,27.8321],[90.7183,27.7707]]}},{"type":"Feature","properties":{"name":"Mela Chhu","major":false},"geometry":{"type":"LineString","coordinates":[[90.6744,27.986],[90.6884,27.9678],[90.6923,27.941],[90.677,27.9098],[90.6616,27.8572]]}},{"type":"Feature","properties":{"name":"Kaba chu","major":false},"geometry":{"type":"LineString","coordinates":[[90.4024,27.685],[90.3834,27.6628],[90.3982,27.651],[90.4004,27.6285],[90.3966,27.6075],[90.4111,27.5966],[90.4324,27.595],[90.4346,27.5873],[90.4516,27.5753],[90.4524,27.566]]}},{"type":"Feature","properties":{"name":"Ai River","major":false},"geometry":{"type":"LineString","coordinates":[[90.4959,26.8218],[90.4815,26.8081],[90.4744,26.7785],[90.4789,26.7658],[90.4756,26.7423],[90.4835,26.6813],[90.504,26.6218],[90.4962,26.6095],[90.501,26.5996],[90.5308,26.5742],[90.5846,26.5545]]}},{"type":"Feature","properties":{"name":"Wapra Bung","major":false},"geometry":{"type":"LineString","coordinates":[[92.7384,27.8284],[92.7555,27.8074],[92.7846,27.7834],[92.8118,27.7748],[92.8516,27.7765]]}},{"type":"Feature","properties":{"name":"Wah Umkhrah","major":false},"geometry":{"type":"LineString","coordinates":[[91.923,25.5698],[91.9168,25.5746],[91.9097,25.5733],[91.9106,25.5799],[91.8822,25.5818],[91.8811,25.5907],[91.8699,25.5868],[91.8582,25.5914],[91.856,25.598],[91.8497,25.5973]]}},{"type":"Feature","properties":{"name":"RIVER 1","major":false},"geometry":{"type":"MultiLineString","coordinates":[[[94.3093,27.0904],[94.2939,27.0843],[94.2871,27.0983],[94.2705,27.0976],[94.2635,27.0897],[94.2656,27.0757],[94.258,27.0698],[94.2397,27.0818]],[[94.2397,27.0818],[94.2144,27.0878],[94.1873,27.0844],[94.1763,27.1]]]}},{"type":"Feature","properties":{"name":"Kānamākra river","major":false},"geometry":{"type":"LineString","coordinates":[[90.5854,26.7031],[90.5835,26.6808],[90.5669,26.6448],[90.5768,26.6249],[90.5733,26.6075],[90.5812,26.599],[90.5753,26.5884],[90.5826,26.5841],[90.5751,26.5724],[90.5826,26.5645],[90.5809,26.5599]]}},{"type":"Feature","properties":{"name":"Kokila River","major":false},"geometry":{"type":"MultiLineString","coordinates":[[[93.6571,26.9663],[93.6801,26.937],[93.6865,26.9217],[93.6913,26.9203],[93.6906,26.8997],[93.6999,26.8925],[93.6923,26.8915],[93.6909,26.8808],[93.6825,26.876],[93.6816,26.8685],[93.6577,26.8656],[93.6619,26.8593],[93.6578,26.859],[93.6609,26.8523],[93.6565,26.8484],[93.6423,26.8391],[93.6253,26.8357]],[[93.6594,26.9846],[93.6534,26.9764]],[[93.6534,26.9764],[93.6571,26.9663]]]}},{"type":"Feature","properties":{"name":"পাটনাই নদী","major":false},"geometry":{"type":"LineString","coordinates":[[91.2156,25.1115],[91.2143,25.104],[91.1955,25.1063],[91.2015,25.1022],[91.2013,25.0938],[91.1762,25.1003],[91.1531,25.0928],[91.1456,25.0961],[91.1191,25.0921]]}},{"type":"Feature","properties":{"name":"Āmteka Nadi","major":false},"geometry":{"type":"LineString","coordinates":[[90.5595,26.7796],[90.5428,26.7739],[90.5308,26.7413],[90.5473,26.7086],[90.545,26.6879]]}},{"type":"Feature","properties":{"name":"Bongshai River","major":false},"geometry":{"type":"LineString","coordinates":[[90.0318,24.2118],[90.0324,24.2169],[90.0254,24.2142],[90.0272,24.2235],[90.0106,24.2191],[90.006,24.2298],[89.9966,24.2332],[89.9902,24.2515],[89.982,24.2507],[89.9766,24.2598],[89.9805,24.2666],[89.9725,24.2739]]}},{"type":"Feature","properties":{"name":"Mora Dhansiri","major":true},"geometry":{"type":"MultiLineString","coordinates":[[[93.4592,26.6928],[93.4398,26.6958],[93.4417,26.6901],[93.435,26.6924],[93.4291,26.6855],[93.4321,26.68],[93.4255,26.6786],[93.4224,26.6717]],[[93.6491,26.6569],[93.6222,26.6694],[93.6157,26.6671],[93.61,26.6549]],[[93.6079,26.6496],[93.5912,26.6473],[93.5797,26.6582],[93.5649,26.6609]],[[93.5421,26.6623],[93.4877,26.6759]],[[93.4877,26.6759],[93.4592,26.6928]],[[93.5649,26.6609],[93.5422,26.6622]]]}},{"type":"Feature","properties":{"name":"Lailimlok River","major":false},"geometry":{"type":"LineString","coordinates":[[94.2761,24.3975],[94.2953,24.3862],[94.2919,24.3755],[94.296,24.371],[94.2896,24.3656],[94.2886,24.3555],[94.2953,24.3518],[94.2915,24.3455],[94.2961,24.339],[94.323,24.3336],[94.3211,24.3261],[94.3297,24.3259],[94.3364,24.3089],[94.3439,24.3153],[94.3518,24.3128],[94.3522,24.3171],[94.3634,24.3079],[94.3711,24.3128],[94.3819,24.3049],[94.3969,24.3064],[94.4021,24.3004],[94.4059,24.3032],[94.4114,24.2961],[94.4077,24.2901],[94.4123,24.2872],[94.4101,24.2787],[94.4201,24.2697],[94.4203,24.2581]]}},{"type":"Feature","properties":{"name":"Mora Diphlu","major":false},"geometry":{"type":"MultiLineString","coordinates":[[[93.472,26.622],[93.4564,26.6141],[93.4317,26.6147],[93.4053,26.606]],[[93.4053,26.606],[93.3974,26.6027],[93.3767,26.6112],[93.368,26.603],[93.3738,26.5943],[93.3569,26.6035],[93.3502,26.601]],[[93.3502,26.601],[93.3404,26.5954],[93.3408,26.5878],[93.3367,26.5856],[93.3126,26.5894],[93.2936,26.5823],[93.2561,26.5793],[93.2115,26.583],[93.1915,26.5897]],[[93.1915,26.5897],[93.1978,26.5812],[93.1937,26.5793],[93.1798,26.5819],[93.1738,26.5892],[93.1764,26.5939],[93.1713,26.5949],[93.1471,26.5843],[93.1319,26.5912],[93.1118,26.584],[93.0797,26.5978]]]}},{"type":"Feature","properties":{"name":"Kohora Nadi","major":false},"geometry":{"type":"MultiLineString","coordinates":[[[93.4071,26.5823],[93.4008,26.5911],[93.4043,26.5977],[93.3982,26.5983],[93.3974,26.6027]],[[93.3528,26.562],[93.4036,26.5722],[93.4071,26.5823]]]}},{"type":"Feature","properties":{"name":"Goneshwari River","major":false},"geometry":{"type":"MultiLineString","coordinates":[[[90.7724,25.2764],[90.7696,25.2508],[90.7785,25.2503],[90.7845,25.2393],[90.7785,25.238],[90.78,25.2331],[90.7748,25.2316],[90.7724,25.2208],[90.78,25.2061],[90.7758,25.204],[90.7752,25.1941],[90.7815,25.1866],[90.7786,25.1717],[90.7843,25.1716],[90.7879,25.1618],[90.7839,25.1468],[90.8229,25.1257],[90.8194,25.1201],[90.8259,25.1144],[90.8293,25.0928]],[[90.8293,25.0928],[90.8234,25.0851]]]}},{"type":"Feature","properties":{"name":"Tuiyang River","major":false},"geometry":{"type":"LineString","coordinates":[[94.1486,24.1442],[94.1604,24.1413],[94.1634,24.1352],[94.18,24.1333],[94.1945,24.1209],[94.2102,24.1212],[94.2146,24.1147],[94.2265,24.1143],[94.2284,24.12],[94.2317,24.1184],[94.229,24.1235],[94.2417,24.1194],[94.2426,24.1125],[94.2471,24.1129],[94.26,24.0986],[94.2689,24.0978],[94.2641,24.0905],[94.2737,24.0862],[94.2758,24.0767],[94.2789,24.0824],[94.2951,24.0866],[94.3167,24.0817],[94.3202,24.0745]]}},{"type":"Feature","properties":{"name":"Panya","major":false},"geometry":{"type":"MultiLineString","coordinates":[[[93.3685,28.2146],[93.3785,28.1972],[93.3905,28.2014],[93.403,28.1934],[93.4146,28.1617],[93.4115,28.137],[93.4149,28.1229],[93.4074,28.1155],[93.4072,28.1015],[93.3966,28.0778]],[[93.3214,28.3366],[93.3296,28.3186],[93.3233,28.2969],[93.3269,28.2743],[93.3304,28.2675],[93.3472,28.2666],[93.3669,28.2516],[93.3634,28.2274],[93.3685,28.2146]]]}},{"type":"Feature","properties":{"name":"Tongaing","major":false},"geometry":{"type":"LineString","coordinates":[[93.4903,28.2282],[93.489,28.2161],[93.5037,28.2012],[93.5052,28.1876],[93.5184,28.1672],[93.513,28.1553],[93.5175,28.1497],[93.5319,28.1485]]}},{"type":"Feature","properties":{"name":"桑提曲","major":false},"geometry":{"type":"LineString","coordinates":[[92.2992,27.631],[92.3063,27.631],[92.317,27.6126],[92.304,27.5907],[92.3053,27.5629]]}},{"type":"Feature","properties":{"name":"Liin","major":false},"geometry":{"type":"LineString","coordinates":[[94.9443,26.2275],[94.9557,26.2133],[94.9748,26.214],[94.9969,26.1964],[95.0018,26.1781],[95.0109,26.1708],[95.0076,26.1553]]}},{"type":"Feature","properties":{"name":"Makao","major":false},"geometry":{"type":"LineString","coordinates":[[95.0207,26.3032],[95.0434,26.3271],[95.1001,26.3332],[95.11,26.3242],[95.1142,26.3101],[95.111,26.2972],[95.1162,26.2896]]}},{"type":"Feature","properties":{"name":"Maklang (Khong) River","major":false},"geometry":{"type":"LineString","coordinates":[[94.417,25.0283],[94.4224,25.0032],[94.4203,24.9884],[94.4071,24.9695],[94.4074,24.9616],[94.3897,24.9476],[94.392,24.9336],[94.3817,24.9222],[94.3817,24.9157],[94.3854,24.9129],[94.3874,24.8872],[94.3975,24.8664],[94.404,24.8638],[94.4052,24.851],[94.4188,24.8388],[94.4207,24.8297],[94.445,24.8127],[94.4434,24.8044],[94.4533,24.7987],[94.4433,24.7905],[94.45,24.7845],[94.4473,24.7783],[94.4642,24.7481],[94.462,24.7422],[94.4674,24.7394],[94.4642,24.7264],[94.4444,24.717],[94.4435,24.6965],[94.4361,24.6898],[94.4415,24.6788],[94.436,24.67],[94.4451,24.6596],[94.4371,24.654],[94.444,24.6455],[94.4361,24.6416],[94.4387,24.6331],[94.4325,24.6298],[94.4423,24.6336],[94.4542,24.6231],[94.443,24.6074],[94.4456,24.6018],[94.4385,24.6001],[94.4484,24.5934],[94.4468,24.5873],[94.4365,24.5865],[94.4448,24.584],[94.4484,24.575],[94.4422,24.5727],[94.4425,24.5675],[94.4555,24.5699],[94.4643,24.5558],[94.4656,24.5445],[94.4591,24.5383],[94.4624,24.5323],[94.4557,24.526],[94.4709,24.5224],[94.4726,24.5097],[94.4789,24.5136],[94.4865,24.5096],[94.5106,24.5098]]}},{"type":"Feature","properties":{"name":"Mainār Jān","major":false},"geometry":{"type":"LineString","coordinates":[[91.1108,26.5674],[91.1111,26.5549],[91.1172,26.553],[91.135,26.5273],[91.1217,26.5089],[91.1122,26.51],[91.1155,26.503]]}},{"type":"Feature","properties":{"name":"Chilo","major":false},"geometry":{"type":"LineString","coordinates":[[95.164,26.2784],[95.1678,26.2862],[95.1757,26.285],[95.1874,26.325],[95.1992,26.332],[95.2149,26.3546],[95.2262,26.3607],[95.2279,26.3687],[95.2738,26.3927],[95.2733,26.3998],[95.2858,26.4005]]}},{"type":"Feature","properties":{"name":"Hel River","major":false},"geometry":{"type":"LineString","coordinates":[[90.1392,26.7385],[90.1478,26.7268],[90.1548,26.7266],[90.1844,26.7081],[90.1925,26.6608],[90.1351,26.574],[90.1303,26.5496],[90.1239,26.5536],[90.1192,26.5484],[90.1161,26.5526],[90.1135,26.547],[90.1096,26.5512],[90.105,26.5479],[90.1064,26.5417]]}},{"type":"Feature","properties":{"name":"Khamenlok river","major":false},"geometry":{"type":"LineString","coordinates":[[94.0957,24.9903],[94.0899,24.9814],[94.0552,24.9569],[94.0536,24.9482],[94.0447,24.9447],[94.0492,24.9283],[94.0449,24.9218],[94.0474,24.9106]]}},{"type":"Feature","properties":{"name":"Joima Nadi","major":false},"geometry":{"type":"LineString","coordinates":[[90.0342,26.4131],[90.0432,26.4063],[90.0354,26.4008],[90.0426,26.3954],[90.0328,26.3918],[90.0392,26.3782],[90.0334,26.3717],[90.0547,26.3753],[90.0515,26.3644],[90.0635,26.3681],[90.0591,26.3575],[90.076,26.343],[90.1006,26.3482],[90.107,26.3451]]}},{"type":"Feature","properties":{"name":"Kānibhur Nadi","major":false},"geometry":{"type":"LineString","coordinates":[[90.4751,26.5867],[90.474,26.5246],[90.4831,26.4892]]}},{"type":"Feature","properties":{"name":"Mākra Nadi","major":false},"geometry":{"type":"LineString","coordinates":[[90.7343,26.5714],[90.7382,26.5666],[90.7332,26.5609],[90.7377,26.552],[90.7499,26.5446],[90.7446,26.5434],[90.7473,26.535],[90.7424,26.5315],[90.7583,26.5195],[90.7573,26.5097]]}},{"type":"Feature","properties":{"name":"Mathurākhola Mara Nadi","major":false},"geometry":{"type":"LineString","coordinates":[[90.8113,26.3954],[90.804,26.3901],[90.8116,26.3789],[90.8065,26.3703],[90.7866,26.367],[90.7815,26.354],[90.77,26.3518],[90.7707,26.3319],[90.7567,26.3133]]}},{"type":"Feature","properties":{"name":"Borobekra river","major":false},"geometry":{"type":"LineString","coordinates":[[93.1435,24.6214],[93.1357,24.6067],[93.1247,24.6066],[93.1193,24.6088],[93.1192,24.6201],[93.0994,24.6267],[93.0998,24.6325],[93.088,24.6332]]}},{"type":"Feature","properties":{"name":"Dhaleswari River","major":false},"geometry":{"type":"LineString","coordinates":[[92.5668,24.5567],[92.5709,24.5662],[92.5624,24.5667],[92.5561,24.5751],[92.5605,24.5879],[92.548,24.589],[92.5487,24.6004],[92.5419,24.6014],[92.5488,24.6119],[92.5389,24.6093],[92.5436,24.6168],[92.5393,24.6278],[92.5293,24.6321],[92.5396,24.6385],[92.5445,24.6354],[92.5361,24.6463],[92.5422,24.6455],[92.5444,24.6544],[92.548,24.653],[92.5428,24.6566],[92.5585,24.6584],[92.5624,24.6679],[92.5574,24.6714],[92.5631,24.6779],[92.5585,24.6842],[92.5492,24.6784],[92.5451,24.6876],[92.5477,24.6914],[92.5427,24.6917],[92.5518,24.7013],[92.5467,24.7085],[92.553,24.706]]}},{"type":"Feature","properties":{"name":"Gowāli Khāl","major":false},"geometry":{"type":"LineString","coordinates":[[92.9471,24.6319],[92.9463,24.6462],[92.9391,24.6515],[92.9645,24.6717],[92.9558,24.6831],[92.9673,24.6926],[92.9676,24.7115],[92.9595,24.7206],[92.9576,24.7334]]}},{"type":"Feature","properties":{"name":"ဗန်းမောက်ချောင်း","major":false},"geometry":{"type":"LineString","coordinates":[[95.8492,24.3906],[95.853,24.3961],[95.8612,24.3943],[95.8697,24.3847],[95.8747,24.385],[95.8743,24.374],[95.8855,24.3756],[95.8897,24.3644],[95.8998,24.3589],[95.9052,24.359],[95.9135,24.3725],[95.9223,24.3741]]}},{"type":"Feature","properties":{"name":"Moti Nadi","major":false},"geometry":{"type":"LineString","coordinates":[[93.0661,25.2483],[93.0616,25.2626],[93.0486,25.2671],[93.0479,25.2834],[93.0399,25.2896],[93.0382,25.3014],[93.0545,25.3173],[93.0564,25.3344],[93.0623,25.3406],[93.0751,25.3458],[93.0823,25.3386],[93.085,25.345],[93.0752,25.3511]]}},{"type":"Feature","properties":{"name":"Dere Nadi","major":false},"geometry":{"type":"LineString","coordinates":[[92.8087,25.4025],[92.8354,25.396],[92.8448,25.3856],[92.8605,25.3816],[92.8857,25.3849],[92.9033,25.3732],[92.9258,25.3669]]}},{"type":"Feature","properties":{"name":"Mupa River","major":false},"geometry":{"type":"LineString","coordinates":[[93.1181,25.3748],[93.1105,25.3869],[93.1106,25.4023],[93.0989,25.4007],[93.1001,25.4056],[93.0861,25.4171],[93.0876,25.421],[93.0794,25.4231],[93.0665,25.4166],[93.0566,25.4229],[93.0575,25.4284],[93.0401,25.4312],[93.0344,25.4417],[93.0211,25.4425]]}},{"type":"Feature","properties":{"name":"Tuyungbi Turel","major":false},"geometry":{"type":"LineString","coordinates":[[94.3671,24.6496],[94.3758,24.6368],[94.3878,24.6397],[94.4085,24.6592],[94.4178,24.6592],[94.4197,24.6647],[94.4433,24.6607]]}},{"type":"Feature","properties":{"name":"Nan Ma Chaung","major":false},"geometry":{"type":"MultiLineString","coordinates":[[[95.5502,24.0917],[95.5424,24.0878],[95.528,24.1011],[95.5191,24.0987],[95.5174,24.0914],[95.5108,24.1023],[95.5027,24.0983],[95.4922,24.1001],[95.4858,24.118],[95.4811,24.1198],[95.478,24.1171],[95.4848,24.1104],[95.4798,24.106],[95.4836,24.1046],[95.4854,24.0885],[95.4745,24.0828],[95.4706,24.0748],[95.4665,24.0806],[95.4587,24.0784],[95.461,24.0729]],[[95.461,24.0729],[95.4496,24.0761],[95.4202,24.1013],[95.4134,24.1001],[95.4126,24.0795],[95.4075,24.0774],[95.3952,24.0901],[95.3774,24.0804],[95.3786,24.0871],[95.3742,24.0877]]]}},{"type":"Feature","properties":{"name":"Irang","major":false},"geometry":{"type":"LineString","coordinates":[[93.6263,24.8604],[93.6165,24.8628],[93.6107,24.8557],[93.601,24.8606],[93.593,24.8583],[93.5911,24.8522],[93.5848,24.858],[93.5753,24.8533],[93.5844,24.8486],[93.581,24.8432],[93.5751,24.8451],[93.5779,24.8347],[93.568,24.832],[93.5674,24.8227],[93.5719,24.8225],[93.5669,24.8184],[93.5721,24.815],[93.5609,24.8169],[93.5575,24.8083],[93.5519,24.807]]}},{"type":"Feature","properties":{"name":"曲惹曲","major":false},"geometry":{"type":"LineString","coordinates":[[91.3292,28.3269],[91.2632,28.2845],[91.2496,28.2791],[91.2303,28.2839],[91.2043,28.2553]]}},{"type":"Feature","properties":{"name":"Ithol Lok","major":false},"geometry":{"type":"LineString","coordinates":[[94.0876,25.1678],[94.0929,25.1517],[94.0914,25.1431],[94.0789,25.13],[94.0839,25.1196],[94.0758,25.1024],[94.0816,25.0997],[94.0764,25.0851]]}},{"type":"Feature","properties":{"name":"Wakching Turel","major":false},"geometry":{"type":"LineString","coordinates":[[93.7588,24.768],[93.7714,24.7338],[93.7979,24.7409],[93.8141,24.735]]}},{"type":"Feature","properties":{"name":"Loro Karpo Chu","major":false},"geometry":{"type":"LineString","coordinates":[[92.3626,28.2098],[92.3945,28.2186],[92.4467,28.2223]]}},{"type":"Feature","properties":{"name":"拉呀曲","major":false},"geometry":{"type":"MultiLineString","coordinates":[[[92.4412,28.1381],[92.4487,28.1555],[92.4521,28.1859],[92.4501,28.209],[92.4431,28.2177],[92.4467,28.2223]],[[92.3769,28.0835],[92.3959,28.0902],[92.4018,28.1104],[92.4412,28.1381]]]}},{"type":"Feature","properties":{"name":"Nitai Someshwari River","major":false},"geometry":{"type":"LineString","coordinates":[[90.6697,25.1168],[90.6488,25.0972],[90.6365,25.0505],[90.6292,25.0419],[90.6328,25.0187],[90.6383,25.0116]]}},{"type":"Feature","properties":{"name":"Hengjang Vadung","major":false},"geometry":{"type":"LineString","coordinates":[[93.732,25.0233],[93.7197,25.0382],[93.7124,25.0391],[93.6906,25.0576],[93.659,25.0756],[93.6513,25.0757]]}}]}